City,Date,PM2.5,PM10,NO,NO2,NOx,NH3,CO,SO2,O3,Benzene,Toluene,Xylene,AQI,AQI_Bucket,year,month,day_of_week,season,aqi_lag_1,aqi_rolling_3d
Bengaluru,2020-01-01,30.71,70.8,9.03,27.31,26.74,13.01,1.07,8.56,37.39,1.05,36.19,0.18,82.0,Satisfactory,2020,1,2,Winter,97.0,90.0
Bengaluru,2020-01-02,25.78,62.73,8.81,28.05,30.18,12.4,1.16,7.52,33.11,0.95,34.36,0.18,81.0,Satisfactory,2020,1,3,Winter,82.0,90.66666666666667
Bengaluru,2020-01-03,29.66,69.62,6.62,26.26,26.92,12.87,0.99,6.4,32.98,1.06,29.06,0.18,85.0,Satisfactory,2020,1,4,Winter,81.0,86.66666666666667
Bengaluru,2020-01-04,52.62,106.81,15.46,31.56,41.89,14.59,1.39,6.94,37.35,1.5,35.36,0.18,95.0,Satisfactory,2020,1,5,Winter,85.0,82.66666666666667
Bengaluru,2020-01-05,52.64,97.94,6.86,29.1,29.52,15.68,1.01,7.01,45.1,1.19,39.99,0.18,118.0,Moderate,2020,1,6,Winter,95.0,87.0
Bengaluru,2020-01-06,24.74,62.08,8.08,27.57,31.18,13.94,1.09,6.97,25.22,0.69,5.39,0.18,81.0,Satisfactory,2020,1,0,Winter,118.0,99.33333333333333
Bengaluru,2020-01-07,22.52,62.95,10.11,29.93,32.13,11.75,1.06,7.35,28.66,1.03,16.53,0.18,75.0,Satisfactory,2020,1,1,Winter,81.0,98.0
Bengaluru,2020-01-08,30.92,74.18,5.8,30.86,28.53,12.61,1.03,6.61,47.48,0.99,15.86,0.18,93.0,Satisfactory,2020,1,2,Winter,75.0,91.33333333333333
Bengaluru,2020-01-09,40.57,85.93,7.15,33.79,32.74,13.74,1.09,6.01,45.49,0.99,15.04,0.18,101.0,Moderate,2020,1,3,Winter,93.0,83.0
Bengaluru,2020-01-10,39.29,83.02,8.07,36.97,35.92,14.54,1.05,7.71,39.61,0.83,16.79,0.18,94.0,Satisfactory,2020,1,4,Winter,101.0,89.66666666666667
Bengaluru,2020-01-11,31.1,66.98,6.52,29.13,28.01,13.03,0.89,6.72,40.4,0.79,16.36,0.18,78.0,Satisfactory,2020,1,5,Winter,94.0,96.0
Bengaluru,2020-01-12,39.5,75.34,7.01,30.57,30.05,14.27,0.97,7.38,37.47,0.81,16.7,0.18,79.0,Satisfactory,2020,1,6,Winter,78.0,91.0
Bengaluru,2020-01-13,53.93,97.81,10.78,38.77,41.27,15.06,1.11,6.51,46.68,1.04,19.3,0.18,106.0,Moderate,2020,1,0,Winter,79.0,83.66666666666667
Bengaluru,2020-01-14,64.35,108.24,10.27,43.03,43.97,15.71,1.08,7.03,47.83,1.07,19.47,0.18,121.0,Moderate,2020,1,1,Winter,106.0,87.66666666666667
Bengaluru,2020-01-15,45.19,79.82,10.74,35.06,37.49,13.94,0.93,7.78,55.92,0.75,12.19,0.18,111.0,Moderate,2020,1,2,Winter,121.0,102.0
Bengaluru,2020-01-16,39.36,84.68,7.12,38.18,37.98,13.75,1.2,7.7,59.83,0.4,1.15,0.18,114.0,Moderate,2020,1,3,Winter,111.0,112.66666666666667
Bengaluru,2020-01-17,34.68,85.16,12.3,39.38,43.73,13.59,1.27,7.3,43.88,0.52,2.73,0.18,106.0,Moderate,2020,1,4,Winter,114.0,115.33333333333333
Bengaluru,2020-01-18,26.9,65.04,6.83,26.29,28.93,14.38,0.95,5.81,24.91,0.46,1.65,0.18,86.0,Satisfactory,2020,1,5,Winter,106.0,110.33333333333333
Bengaluru,2020-01-19,26.66,59.29,5.34,23.43,25.93,13.36,0.96,5.8,29.97,0.45,1.05,0.18,66.0,Satisfactory,2020,1,6,Winter,86.0,102.0
Bengaluru,2020-01-20,34.51,82.12,6.77,33.42,35.46,14.44,1.07,5.74,35.59,0.47,1.37,0.18,81.0,Satisfactory,2020,1,0,Winter,66.0,86.0
Bengaluru,2020-01-21,37.86,84.98,6.26,33.67,33.87,14.19,1.1,6.86,36.29,0.47,1.34,0.18,90.0,Satisfactory,2020,1,1,Winter,81.0,77.66666666666667
Bengaluru,2020-01-22,28.25,71.37,6.1,30.62,31.73,14.77,1.23,6.35,32.1,0.44,1.31,0.18,87.0,Satisfactory,2020,1,2,Winter,90.0,79.0
Bengaluru,2020-01-23,41.13,76.02,8.76,30.76,30.61,14.45,1.1,7.64,31.17,0.48,1.4,0.18,82.0,Satisfactory,2020,1,3,Winter,87.0,86.0
Bengaluru,2020-01-24,42.19,84.68,7.99,39.01,40.6,13.91,1.22,7.44,29.94,0.5,1.55,0.18,108.0,Moderate,2020,1,4,Winter,82.0,86.33333333333333
Bengaluru,2020-01-25,44.82,95.52,10.87,46.43,49.87,14.99,1.23,6.85,30.14,0.54,1.61,0.18,100.0,Satisfactory,2020,1,5,Winter,108.0,92.33333333333333
Bengaluru,2020-01-26,44.48,93.93,9.21,45.71,48.99,16.11,1.1,8.32,36.55,0.44,1.37,0.18,97.0,Satisfactory,2020,1,6,Winter,100.0,96.66666666666667
Bengaluru,2020-01-27,45.49,92.25,12.1,41.23,46.01,17.79,1.24,9.36,42.71,0.39,1.47,0.18,98.0,Satisfactory,2020,1,0,Winter,97.0,101.66666666666667
Bengaluru,2020-01-28,52.63,98.54,6.61,33.37,34.73,17.5,1.17,13.04,47.28,0.43,1.34,0.18,102.0,Moderate,2020,1,1,Winter,98.0,98.33333333333333
Bengaluru,2020-01-29,46.45,100.44,8.04,38.65,38.26,13.87,0.99,11.45,50.62,0.63,1.8,0.18,115.0,Moderate,2020,1,2,Winter,102.0,99.0
Bengaluru,2020-01-30,43.42,107.2,17.25,47.61,53.47,14.17,1.19,9.86,37.97,0.81,2.12,0.18,112.0,Moderate,2020,1,3,Winter,115.0,105.0
Bengaluru,2020-01-31,46.36,102.88,5.39,37.62,35.68,14.39,1.05,8.97,47.97,0.65,4.32,0.18,111.0,Moderate,2020,1,4,Winter,112.0,109.66666666666667
Bengaluru,2020-02-01,52.07,105.15,5.09,31.67,30.74,14.51,1.03,10.3,43.71,0.61,2.24,0.18,102.0,Moderate,2020,2,5,Winter,111.0,112.66666666666667
Bengaluru,2020-02-02,35.27,84.84,4.24,24.1,23.37,13.05,0.81,6.12,39.98,0.45,1.6,0.18,94.0,Satisfactory,2020,2,6,Winter,102.0,108.33333333333333
Bengaluru,2020-02-03,33.79,80.75,9.12,34.38,35.34,12.29,0.96,7.34,32.47,0.43,1.64,0.18,79.0,Satisfactory,2020,2,0,Winter,94.0,102.33333333333333
Bengaluru,2020-02-04,29.27,75.0,7.82,32.2,33.89,12.05,1.0,6.81,32.0,0.51,4.12,0.18,82.0,Satisfactory,2020,2,1,Winter,79.0,91.66666666666667
Bengaluru,2020-02-05,30.66,74.45,6.88,30.15,32.31,12.86,1.16,7.47,34.73,0.45,4.91,0.18,86.0,Satisfactory,2020,2,2,Winter,82.0,85.0
Bengaluru,2020-02-06,43.83,92.77,7.34,35.14,37.61,13.82,1.11,6.93,41.55,0.34,1.47,0.18,96.0,Satisfactory,2020,2,3,Winter,86.0,82.33333333333333
Bengaluru,2020-02-07,49.51,103.19,5.71,31.27,32.33,14.44,1.06,8.53,41.16,0.27,2.81,0.18,96.0,Satisfactory,2020,2,4,Winter,96.0,88.0
Bengaluru,2020-02-08,45.3,106.63,5.64,30.49,30.83,13.5,0.95,7.2,38.36,0.33,3.37,0.18,105.0,Moderate,2020,2,5,Winter,96.0,92.66666666666667
Bengaluru,2020-02-09,52.39,111.14,4.66,25.96,26.24,15.42,1.06,10.99,34.35,0.34,1.56,0.18,101.0,Moderate,2020,2,6,Winter,105.0,99.0
Bengaluru,2020-02-10,35.53,82.96,5.3,26.2,26.76,15.84,1.09,8.07,32.75,0.33,1.89,0.18,103.0,Moderate,2020,2,0,Winter,101.0,100.66666666666667
Bengaluru,2020-02-11,33.94,77.23,6.41,28.99,27.96,12.4,1.07,7.08,34.75,1.87,2.29,0.18,87.0,Satisfactory,2020,2,1,Winter,103.0,103.0
Bengaluru,2020-02-12,32.82,72.71,6.23,28.34,27.32,12.02,0.93,7.06,34.6,2.13,2.7,0.18,80.0,Satisfactory,2020,2,2,Winter,87.0,97.0
Bengaluru,2020-02-13,37.67,86.81,9.5,37.32,38.56,12.15,1.06,7.06,34.92,0.62,1.72,0.18,84.0,Satisfactory,2020,2,3,Winter,80.0,90.0
Bengaluru,2020-02-14,50.47,120.55,15.25,46.46,49.0,14.09,1.29,6.98,45.01,0.76,1.69,0.18,111.0,Moderate,2020,2,4,Winter,84.0,83.66666666666667
Bengaluru,2020-02-15,54.91,129.65,16.22,54.43,56.07,14.89,1.24,7.48,46.99,0.78,1.54,0.18,128.0,Moderate,2020,2,5,Winter,111.0,91.66666666666667
Bengaluru,2020-02-16,45.02,89.03,6.18,36.76,32.5,13.44,0.99,8.14,49.12,0.51,1.05,0.18,120.0,Moderate,2020,2,6,Winter,128.0,107.66666666666667
Bengaluru,2020-02-17,41.66,94.89,14.05,43.77,45.43,13.41,1.15,9.48,42.21,0.62,1.4,0.18,99.0,Satisfactory,2020,2,0,Winter,120.0,119.66666666666667
Bengaluru,2020-02-18,43.29,105.87,6.85,42.79,38.88,15.06,1.07,7.44,47.44,0.38,1.09,0.18,103.0,Moderate,2020,2,1,Winter,99.0,115.66666666666667
Bengaluru,2020-02-19,55.31,97.46,6.29,36.85,34.52,15.25,1.28,7.62,49.57,0.4,1.14,0.18,101.0,Moderate,2020,2,2,Winter,103.0,107.33333333333333
Bengaluru,2020-02-20,47.86,95.51,7.98,33.04,34.36,13.9,1.06,5.97,38.42,0.4,2.64,0.18,94.0,Satisfactory,2020,2,3,Winter,101.0,101.0
Bengaluru,2020-02-21,30.24,72.85,4.56,24.85,26.87,12.05,1.0,6.25,40.89,0.28,1.1,0.18,90.0,Satisfactory,2020,2,4,Winter,94.0,99.33333333333333
Bengaluru,2020-02-22,33.96,82.03,4.67,23.75,26.23,13.04,0.98,6.62,37.76,0.23,1.0,0.18,78.0,Satisfactory,2020,2,5,Winter,90.0,95.0
Bengaluru,2020-02-23,36.3,85.26,4.15,21.8,23.7,12.61,1.09,5.92,49.19,0.19,1.0,0.18,81.0,Satisfactory,2020,2,6,Winter,78.0,87.33333333333333
Bengaluru,2020-02-24,35.6,82.42,5.07,25.61,28.15,11.92,1.01,5.93,43.59,0.28,1.2,0.18,82.0,Satisfactory,2020,2,0,Winter,81.0,83.0
Bengaluru,2020-02-25,41.83,97.01,5.0,31.08,33.28,12.39,1.28,6.01,50.22,0.3,1.4,0.18,107.0,Moderate,2020,2,1,Winter,82.0,80.33333333333333
Bengaluru,2020-02-26,47.39,88.67,5.03,27.21,30.32,12.47,0.97,5.38,36.49,0.31,1.15,0.18,104.0,Moderate,2020,2,2,Winter,107.0,90.0
Bengaluru,2020-02-27,39.39,92.84,5.95,31.61,33.19,12.63,1.16,6.72,41.29,0.27,0.92,0.18,112.0,Moderate,2020,2,3,Winter,104.0,97.66666666666667
Bengaluru,2020-02-28,42.58,95.58,5.36,26.77,29.54,12.35,1.06,6.75,46.4,0.25,0.88,0.18,98.0,Satisfactory,2020,2,4,Winter,112.0,107.66666666666667
Bengaluru,2020-02-29,48.75,95.45,5.79,27.79,30.87,12.22,1.01,6.22,47.04,0.24,1.01,0.18,95.0,Satisfactory,2020,2,5,Winter,98.0,104.66666666666667
Bengaluru,2020-03-01,56.2,89.66,3.51,21.91,21.37,14.37,0.98,7.09,49.93,0.22,0.79,0.18,101.0,Moderate,2020,3,6,Summer,95.0,101.66666666666667
Bengaluru,2020-03-02,53.75,115.89,6.52,29.55,32.36,14.37,1.18,6.36,48.39,0.32,1.36,0.18,103.0,Moderate,2020,3,0,Summer,101.0,98.0
Bengaluru,2020-03-03,70.78,154.34,8.97,32.33,35.82,14.47,1.27,6.96,61.01,0.42,1.76,0.18,137.0,Moderate,2020,3,1,Summer,103.0,99.66666666666667
Bengaluru,2020-03-04,55.66,118.07,12.1,33.05,39.86,15.46,1.22,6.6,52.01,0.33,1.53,0.18,131.0,Moderate,2020,3,2,Summer,137.0,113.66666666666667
Bengaluru,2020-03-05,57.89,111.38,6.09,28.68,30.95,14.39,1.04,7.21,53.06,0.33,1.21,0.18,117.0,Moderate,2020,3,3,Summer,131.0,123.66666666666667
Bengaluru,2020-03-06,41.84,83.19,5.52,23.14,25.33,13.61,0.94,8.07,50.82,0.43,1.85,0.18,100.0,Satisfactory,2020,3,4,Summer,117.0,128.33333333333334
Bengaluru,2020-03-07,44.33,89.88,5.26,26.8,28.22,15.57,0.98,7.12,37.49,0.45,1.14,0.18,93.0,Satisfactory,2020,3,5,Summer,100.0,116.0
Bengaluru,2020-03-08,38.66,84.01,3.91,21.71,22.73,14.03,0.88,6.71,40.31,0.37,1.11,0.18,91.0,Satisfactory,2020,3,6,Summer,93.0,103.33333333333333
Bengaluru,2020-03-09,38.88,84.66,4.74,23.26,24.69,13.54,0.99,7.41,45.57,0.39,0.96,0.18,99.0,Satisfactory,2020,3,0,Summer,91.0,94.66666666666667
Bengaluru,2020-03-10,41.48,89.64,3.92,22.84,23.81,12.71,0.94,7.08,50.57,0.33,1.53,0.18,93.0,Satisfactory,2020,3,1,Summer,99.0,94.33333333333333
Bengaluru,2020-03-11,39.57,80.31,4.86,25.62,27.1,11.31,0.96,8.25,50.73,0.37,1.43,0.18,95.0,Satisfactory,2020,3,2,Summer,93.0,94.33333333333333
Bengaluru,2020-03-12,34.62,78.55,6.45,28.58,30.35,10.85,1.05,6.36,49.83,0.46,1.15,0.18,97.0,Satisfactory,2020,3,3,Summer,95.0,95.66666666666667
Bengaluru,2020-03-13,34.77,76.68,6.76,27.42,30.03,10.94,0.93,7.36,42.26,0.42,1.17,0.18,90.0,Satisfactory,2020,3,4,Summer,97.0,95.0
Bengaluru,2020-03-14,29.97,72.04,5.47,27.04,28.63,10.8,0.91,6.65,38.8,0.38,3.09,0.18,86.0,Satisfactory,2020,3,5,Summer,90.0,94.0
Bengaluru,2020-03-15,33.96,72.17,4.07,22.19,23.19,11.55,0.92,6.97,49.32,0.35,3.2,0.18,88.0,Satisfactory,2020,3,6,Summer,86.0,91.0
Bengaluru,2020-03-16,26.15,71.05,4.54,21.45,23.54,11.07,0.84,6.75,36.51,0.31,2.81,0.18,79.0,Satisfactory,2020,3,0,Summer,88.0,88.0
Bengaluru,2020-03-17,24.15,77.96,4.75,19.78,22.33,10.48,0.86,7.01,31.85,0.35,3.4,0.18,77.0,Satisfactory,2020,3,1,Summer,79.0,84.33333333333333
Bengaluru,2020-03-18,29.66,72.55,4.54,24.72,25.9,11.06,0.9,7.25,39.28,0.38,3.03,0.18,78.0,Satisfactory,2020,3,2,Summer,77.0,81.33333333333333
Bengaluru,2020-03-19,38.15,87.04,4.96,26.49,27.94,12.13,0.93,7.97,55.4,0.56,2.03,0.18,91.0,Satisfactory,2020,3,3,Summer,78.0,78.0
Bengaluru,2020-03-20,43.31,94.45,3.79,23.38,24.16,13.53,0.98,6.97,53.12,0.5,1.98,0.18,100.0,Satisfactory,2020,3,4,Summer,91.0,82.0
Bengaluru,2020-03-21,40.62,95.67,6.2,31.05,32.76,13.76,1.06,6.75,59.91,0.8,1.68,0.18,103.0,Moderate,2020,3,5,Summer,100.0,89.66666666666667
Bengaluru,2020-03-22,30.16,66.88,4.2,13.39,14.52,12.95,0.82,6.92,48.99,0.34,1.48,0.18,99.0,Satisfactory,2020,3,6,Summer,103.0,98.0
Bengaluru,2020-03-23,40.28,82.77,4.01,20.12,20.75,13.99,1.05,6.03,42.02,0.34,1.47,0.18,85.0,Satisfactory,2020,3,0,Summer,99.0,100.66666666666667
Bengaluru,2020-03-24,50.85,82.89,3.45,15.65,16.61,14.92,0.86,6.39,39.76,0.24,0.95,0.18,106.0,Moderate,2020,3,1,Summer,85.0,95.66666666666667
Bengaluru,2020-03-25,25.25,48.81,2.62,9.73,11.41,11.91,0.76,7.92,38.24,0.17,0.47,0.18,70.0,Satisfactory,2020,3,2,Summer,106.0,96.66666666666667
Bengaluru,2020-03-26,27.77,51.53,2.55,8.99,10.63,11.25,0.7,5.87,35.05,0.13,0.38,0.18,61.0,Satisfactory,2020,3,3,Summer,70.0,87.0
Bengaluru,2020-03-27,27.47,51.79,3.22,9.44,11.22,11.09,0.85,6.49,35.6,0.14,0.37,0.18,67.0,Satisfactory,2020,3,4,Summer,61.0,79.0
Bengaluru,2020-03-28,24.89,45.75,2.63,10.58,12.06,10.13,0.85,6.11,36.29,0.28,1.15,0.18,70.0,Satisfactory,2020,3,5,Summer,67.0,66.0
Bengaluru,2020-03-29,28.45,47.23,2.99,12.22,14.05,10.41,0.85,6.37,37.19,0.36,1.48,0.18,66.0,Satisfactory,2020,3,6,Summer,70.0,66.0
Bengaluru,2020-03-30,32.46,53.57,3.02,11.09,13.51,11.12,0.91,6.77,41.31,0.21,0.88,0.18,72.0,Satisfactory,2020,3,0,Summer,66.0,67.66666666666667
Bengaluru,2020-03-31,22.01,48.55,2.9,10.09,11.79,10.45,0.83,5.11,42.69,0.11,0.43,0.18,68.0,Satisfactory,2020,3,1,Summer,72.0,69.33333333333333
Bengaluru,2020-04-01,22.54,49.89,2.51,10.37,11.6,10.18,0.76,5.81,41.52,0.12,0.46,0.18,64.0,Satisfactory,2020,4,2,Summer,68.0,68.66666666666667
Bengaluru,2020-04-02,27.12,58.49,2.43,9.58,10.93,10.92,0.86,5.56,46.12,0.11,0.52,0.18,70.0,Satisfactory,2020,4,3,Summer,64.0,68.0
Bengaluru,2020-04-03,34.12,69.87,2.43,9.69,11.07,11.13,0.77,6.8,49.16,0.11,0.46,0.18,82.0,Satisfactory,2020,4,4,Summer,70.0,67.33333333333333
Bengaluru,2020-04-04,31.93,63.83,2.43,9.23,10.79,11.25,0.72,6.51,43.88,0.25,1.0,0.18,74.0,Satisfactory,2020,4,5,Summer,82.0,72.0
Bengaluru,2020-04-05,30.26,67.3,2.48,9.81,11.62,11.08,0.8,6.06,39.66,0.17,2.53,0.18,77.0,Satisfactory,2020,4,6,Summer,74.0,75.33333333333333
Bengaluru,2020-04-06,22.68,50.53,2.34,11.52,11.77,11.69,0.71,4.44,42.79,0.15,11.08,0.18,65.0,Satisfactory,2020,4,0,Summer,77.0,77.66666666666667
Bengaluru,2020-04-07,15.14,20.84,3.05,13.48,14.79,16.57,0.71,5.3,42.61,0.22,7.2,0.18,62.0,Satisfactory,2020,4,1,Summer,65.0,72.0
Bengaluru,2020-04-08,18.39,28.13,2.74,13.73,14.46,13.03,0.72,5.55,52.65,0.26,6.3,0.18,67.0,Satisfactory,2020,4,2,Summer,62.0,68.0
Bengaluru,2020-04-09,23.32,32.12,2.51,12.38,13.21,13.62,0.73,5.83,48.84,0.25,5.16,0.18,65.0,Satisfactory,2020,4,3,Summer,67.0,64.66666666666667
Bengaluru,2020-04-10,30.06,22.69,3.98,11.5,11.44,13.71,0.67,6.1,47.67,0.25,7.31,0.18,76.0,Satisfactory,2020,4,4,Summer,65.0,64.66666666666667
Bengaluru,2020-04-11,26.99,35.92,2.35,10.63,11.3,16.25,0.79,6.06,45.02,0.73,8.55,0.18,70.0,Satisfactory,2020,4,5,Summer,76.0,69.33333333333333
Bengaluru,2020-04-12,22.38,35.49,2.68,11.74,12.7,13.94,0.72,4.78,47.0,0.57,9.9,0.18,64.0,Satisfactory,2020,4,6,Summer,70.0,70.33333333333333
Bengaluru,2020-04-13,25.61,42.98,3.74,15.57,16.92,11.61,0.71,5.75,46.22,0.42,17.99,0.18,72.0,Satisfactory,2020,4,0,Summer,64.0,70.0
Bengaluru,2020-04-14,30.24,52.51,3.61,15.73,16.73,10.46,0.69,6.34,46.63,0.32,11.75,0.18,72.0,Satisfactory,2020,4,1,Summer,72.0,68.66666666666667
Bengaluru,2020-04-15,33.62,50.11,2.76,13.81,14.7,10.86,0.67,8.19,46.04,0.37,8.98,0.18,74.0,Satisfactory,2020,4,2,Summer,72.0,69.33333333333333
Bengaluru,2020-04-16,25.27,42.7,2.65,12.73,13.63,9.91,0.73,6.55,43.3,0.44,9.63,0.18,66.0,Satisfactory,2020,4,3,Summer,74.0,72.66666666666667
Bengaluru,2020-04-17,40.0,50.83,2.62,12.28,13.36,10.46,0.65,5.77,41.22,0.34,9.27,0.18,74.0,Satisfactory,2020,4,4,Summer,66.0,70.66666666666667
Bengaluru,2020-04-18,34.03,46.7,2.53,11.74,12.25,10.25,0.72,5.59,39.05,0.25,3.7,0.18,94.0,Satisfactory,2020,4,5,Summer,74.0,71.33333333333333
Bengaluru,2020-04-19,24.22,41.6,2.61,10.48,11.63,9.42,0.61,6.21,36.3,0.28,2.29,0.18,67.0,Satisfactory,2020,4,6,Summer,94.0,78.0
Bengaluru,2020-04-20,19.42,31.92,2.57,10.76,11.72,9.03,0.55,6.75,32.7,0.16,2.23,0.18,53.0,Satisfactory,2020,4,0,Summer,67.0,78.33333333333333
Bengaluru,2020-04-21,17.04,48.52,3.12,13.02,13.46,7.96,0.78,6.2,31.78,0.22,2.26,0.18,65.0,Satisfactory,2020,4,1,Summer,53.0,71.33333333333333
Bengaluru,2020-04-22,19.95,50.26,2.71,10.17,11.49,8.33,0.68,6.79,34.71,0.19,2.56,0.18,71.0,Satisfactory,2020,4,2,Summer,65.0,61.666666666666664
Bengaluru,2020-04-23,26.1,48.49,2.9,11.41,13.28,8.44,0.67,6.36,38.1,0.2,2.59,0.18,63.0,Satisfactory,2020,4,3,Summer,71.0,63.0
Bengaluru,2020-04-24,26.25,65.58,3.38,13.05,15.61,9.74,0.75,6.54,34.36,0.59,3.18,0.18,69.0,Satisfactory,2020,4,4,Summer,63.0,66.33333333333333
Bengaluru,2020-04-25,25.98,55.47,3.67,13.04,15.19,10.15,0.69,5.83,30.95,0.51,4.3,0.18,66.0,Satisfactory,2020,4,5,Summer,69.0,67.66666666666667
Bengaluru,2020-04-26,21.32,43.11,3.03,11.76,13.11,9.89,0.82,5.47,37.25,0.25,1.68,0.18,61.0,Satisfactory,2020,4,6,Summer,66.0,66.0
Bengaluru,2020-04-27,19.25,50.33,3.17,11.69,14.32,9.21,0.76,5.55,33.06,0.19,2.14,0.18,59.0,Satisfactory,2020,4,0,Summer,61.0,65.33333333333333
Bengaluru,2020-04-28,20.74,55.81,2.71,11.24,13.01,10.71,0.79,5.86,33.9,0.21,1.66,0.18,71.0,Satisfactory,2020,4,1,Summer,59.0,62.0
Bengaluru,2020-04-29,13.68,39.31,2.68,12.02,13.47,10.72,0.74,5.73,30.77,0.22,1.36,0.18,62.0,Satisfactory,2020,4,2,Summer,71.0,63.666666666666664
Bengaluru,2020-04-30,20.3,54.56,4.21,15.27,17.17,8.07,0.75,5.45,32.26,0.36,1.36,0.18,61.0,Satisfactory,2020,4,3,Summer,62.0,64.0
Bengaluru,2020-05-01,24.81,61.29,3.34,12.6,14.65,8.95,0.67,6.28,40.97,0.22,1.93,0.18,74.0,Satisfactory,2020,5,4,Summer,61.0,64.66666666666667
Bengaluru,2020-05-02,18.36,50.84,3.13,14.26,15.24,7.84,0.8,6.19,38.88,0.3,1.52,0.18,72.0,Satisfactory,2020,5,5,Summer,74.0,65.66666666666667
Bengaluru,2020-05-03,22.35,56.07,3.02,17.28,16.81,6.94,0.82,6.23,39.28,0.28,1.47,0.18,71.0,Satisfactory,2020,5,6,Summer,72.0,69.0
Bengaluru,2020-05-04,26.1,71.6,2.7,18.88,17.75,6.47,0.86,7.16,42.46,0.25,1.19,0.18,79.0,Satisfactory,2020,5,0,Summer,71.0,72.33333333333333
Bengaluru,2020-05-05,29.23,87.56,3.09,18.26,17.24,7.53,0.82,7.44,43.07,0.25,1.18,0.18,91.0,Satisfactory,2020,5,1,Summer,79.0,74.0
Bengaluru,2020-05-06,23.02,64.54,2.81,17.4,16.58,8.56,0.93,6.85,38.88,0.22,1.51,0.18,85.0,Satisfactory,2020,5,2,Summer,91.0,80.33333333333333
Bengaluru,2020-05-07,26.87,72.07,2.9,18.2,17.08,8.9,0.88,6.09,34.69,0.25,0.99,0.18,82.0,Satisfactory,2020,5,3,Summer,85.0,85.0
Bengaluru,2020-05-08,17.61,52.32,3.0,16.86,16.68,7.94,0.77,7.14,31.87,0.28,1.2,0.18,73.0,Satisfactory,2020,5,4,Summer,82.0,86.0
Bengaluru,2020-05-09,21.05,60.98,3.05,14.05,15.16,8.26,0.77,7.51,30.1,0.26,0.85,0.18,76.0,Satisfactory,2020,5,5,Summer,73.0,80.0
Bengaluru,2020-05-10,24.29,59.49,3.02,13.18,13.74,8.84,0.77,6.93,34.13,0.22,1.48,0.18,78.0,Satisfactory,2020,5,6,Summer,76.0,77.0
Bengaluru,2020-05-11,20.58,66.73,3.08,14.23,14.33,9.01,0.81,7.7,35.18,0.21,1.46,0.18,77.0,Satisfactory,2020,5,0,Summer,78.0,75.66666666666667
Bengaluru,2020-05-12,15.43,70.53,3.19,14.13,14.61,8.98,0.73,6.05,26.07,0.24,1.61,0.18,82.0,Satisfactory,2020,5,1,Summer,77.0,77.0
Bengaluru,2020-05-13,14.56,39.32,3.27,13.82,14.5,9.23,0.8,6.09,27.46,0.76,4.51,0.18,66.0,Satisfactory,2020,5,2,Summer,82.0,79.0
Bengaluru,2020-05-14,24.81,58.72,3.9,15.82,16.02,10.15,0.74,6.12,33.15,0.38,2.55,0.18,66.0,Satisfactory,2020,5,3,Summer,66.0,75.0
Bengaluru,2020-05-15,17.34,46.71,4.43,16.79,16.78,9.42,0.87,7.39,25.11,0.3,1.57,0.18,73.0,Satisfactory,2020,5,4,Summer,66.0,71.33333333333333
Bengaluru,2020-05-16,23.44,56.99,3.89,18.22,17.24,10.07,0.96,7.06,32.49,0.35,1.16,0.18,74.0,Satisfactory,2020,5,5,Summer,73.0,68.33333333333333
Bengaluru,2020-05-17,21.25,52.69,3.12,13.24,12.56,10.3,0.72,7.19,36.41,0.27,1.14,0.18,70.0,Satisfactory,2020,5,6,Summer,74.0,71.0
Bengaluru,2020-05-18,16.82,47.84,7.57,12.91,11.92,10.52,0.85,6.14,35.55,0.22,1.13,0.18,68.0,Satisfactory,2020,5,0,Summer,70.0,72.33333333333333
Bengaluru,2020-05-19,23.81,79.02,3.75,13.11,13.59,9.81,0.73,5.67,27.88,0.19,1.69,0.18,72.0,Satisfactory,2020,5,1,Summer,68.0,70.66666666666667
Bengaluru,2020-05-20,17.9,64.0,4.3,13.77,15.4,8.9,0.72,6.05,26.03,0.18,1.53,0.18,79.0,Satisfactory,2020,5,2,Summer,72.0,70.0
Bengaluru,2020-05-21,19.53,60.44,4.38,14.59,16.17,8.87,0.74,5.8,26.55,0.18,1.81,0.18,70.0,Satisfactory,2020,5,3,Summer,79.0,73.0
Bengaluru,2020-05-22,18.13,56.21,4.32,15.13,16.51,8.98,0.79,5.59,34.42,0.2,1.47,0.18,68.0,Satisfactory,2020,5,4,Summer,70.0,73.66666666666667
Bengaluru,2020-05-23,19.52,62.59,3.49,15.05,15.53,8.76,0.72,6.29,39.84,0.23,1.26,0.18,72.0,Satisfactory,2020,5,5,Summer,68.0,72.33333333333333
Bengaluru,2020-05-24,18.62,66.58,3.28,13.03,13.26,8.97,0.59,5.64,27.7,0.19,1.79,0.18,66.0,Satisfactory,2020,5,6,Summer,72.0,70.0
Bengaluru,2020-05-25,21.06,57.36,3.88,16.82,17.08,9.36,0.7,5.81,33.26,0.25,1.49,0.18,70.0,Satisfactory,2020,5,0,Summer,66.0,68.66666666666667
Bengaluru,2020-05-26,22.25,71.59,4.18,16.47,16.95,9.58,0.76,6.38,34.72,0.26,1.95,0.18,66.0,Satisfactory,2020,5,1,Summer,70.0,69.33333333333333
Bengaluru,2020-05-27,19.81,55.23,4.73,18.54,18.77,12.06,0.92,6.03,26.83,0.28,1.54,0.18,75.0,Satisfactory,2020,5,2,Summer,66.0,67.33333333333333
Bengaluru,2020-05-28,28.46,55.7,4.48,14.85,16.36,9.1,0.66,6.24,27.7,0.4,1.83,0.18,74.0,Satisfactory,2020,5,3,Summer,75.0,70.33333333333333
Bengaluru,2020-05-29,23.16,53.37,5.1,15.72,17.14,8.2,0.7,6.48,25.16,0.6,2.18,0.18,66.0,Satisfactory,2020,5,4,Summer,74.0,71.66666666666667
Bengaluru,2020-05-30,15.87,42.52,4.12,18.27,17.45,8.7,0.74,6.27,24.01,0.58,1.96,0.18,72.0,Satisfactory,2020,5,5,Summer,66.0,71.66666666666667
Bengaluru,2020-05-31,23.32,51.62,2.39,11.58,10.32,7.26,0.84,7.01,25.66,0.52,2.14,0.18,61.0,Satisfactory,2020,5,6,Summer,72.0,70.66666666666667
Bengaluru,2020-06-01,9.16,22.16,2.64,9.72,9.4,5.7,0.6,6.78,20.96,0.52,2.56,0.18,49.0,Good,2020,6,0,Monsoon,61.0,66.33333333333333
Bengaluru,2020-06-02,8.95,19.43,3.09,9.76,10.18,5.13,0.57,6.65,17.46,0.59,2.72,0.18,40.0,Good,2020,6,1,Monsoon,49.0,60.666666666666664
Bengaluru,2020-06-03,9.69,19.34,4.22,9.78,10.9,4.92,0.6,6.85,19.62,0.67,2.76,0.18,42.0,Good,2020,6,2,Monsoon,40.0,50.0
Bengaluru,2020-06-04,10.91,30.11,7.19,11.51,13.01,4.78,0.62,6.94,17.73,0.67,2.74,0.18,43.0,Good,2020,6,3,Monsoon,42.0,43.666666666666664
Bengaluru,2020-06-05,22.88,48.48,3.88,19.65,18.98,5.64,0.66,7.12,18.92,0.92,1.77,0.18,55.0,Satisfactory,2020,6,4,Monsoon,43.0,41.666666666666664
Bengaluru,2020-06-06,18.18,50.12,4.61,17.1,16.43,5.7,0.6,7.16,18.22,0.66,2.39,0.18,55.0,Satisfactory,2020,6,5,Monsoon,55.0,46.666666666666664
Bengaluru,2020-06-07,17.6,45.11,3.45,13.32,12.94,5.31,0.57,7.11,14.91,0.73,2.63,0.18,55.0,Satisfactory,2020,6,6,Monsoon,55.0,51.0
Bengaluru,2020-06-08,20.16,48.85,4.64,15.31,15.43,5.22,0.65,6.88,16.9,0.73,2.66,0.18,55.0,Satisfactory,2020,6,0,Monsoon,55.0,55.0
Bengaluru,2020-06-09,21.7,52.5,4.65,15.48,16.43,5.64,0.62,6.99,16.73,0.71,2.57,0.18,58.0,Satisfactory,2020,6,1,Monsoon,55.0,55.0
Bengaluru,2020-06-10,25.44,73.07,11.1,15.98,17.72,6.0,0.66,6.92,15.65,1.05,1.82,0.18,70.0,Satisfactory,2020,6,2,Monsoon,58.0,56.0
Bengaluru,2020-06-11,16.53,39.75,5.74,14.7,16.75,5.76,0.67,6.99,12.9,1.03,2.25,0.18,59.0,Satisfactory,2020,6,3,Monsoon,70.0,61.0
Bengaluru,2020-06-12,16.84,35.21,5.17,13.83,15.48,5.93,0.64,7.2,15.56,0.82,2.54,0.18,49.0,Good,2020,6,4,Monsoon,59.0,62.333333333333336
Bengaluru,2020-06-13,16.79,42.32,5.42,14.67,16.68,6.57,0.72,7.33,15.52,0.81,2.3,0.18,50.0,Good,2020,6,5,Monsoon,49.0,59.333333333333336
Bengaluru,2020-06-14,16.66,35.74,4.77,12.31,14.6,6.7,0.56,6.86,13.54,0.86,2.29,0.18,49.0,Good,2020,6,6,Monsoon,50.0,52.666666666666664
Bengaluru,2020-06-15,19.57,36.58,5.15,13.01,15.5,6.55,0.62,7.68,16.22,0.63,2.25,0.18,47.0,Good,2020,6,0,Monsoon,49.0,49.333333333333336
Bengaluru,2020-06-16,17.07,45.6,5.16,13.32,15.94,6.9,0.6,7.21,16.51,0.38,2.06,0.18,55.0,Satisfactory,2020,6,1,Monsoon,47.0,48.666666666666664
Bengaluru,2020-06-17,18.29,56.47,5.9,14.1,17.22,6.48,0.65,7.74,13.01,0.27,2.64,0.18,57.0,Satisfactory,2020,6,2,Monsoon,55.0,50.333333333333336
Bengaluru,2020-06-18,28.32,63.66,5.57,13.98,16.54,6.84,0.73,7.27,12.63,1.31,0.88,0.18,65.0,Satisfactory,2020,6,3,Monsoon,57.0,53.0
Bengaluru,2020-06-19,21.55,57.17,4.82,13.87,15.89,6.54,0.66,7.22,12.34,0.45,0.94,0.18,65.0,Satisfactory,2020,6,4,Monsoon,65.0,59.0
Bengaluru,2020-06-20,18.32,47.55,4.48,13.62,14.97,6.59,0.66,7.81,14.16,0.39,1.32,0.18,56.0,Satisfactory,2020,6,5,Monsoon,65.0,62.333333333333336
Bengaluru,2020-06-21,18.18,42.05,4.6,12.45,14.83,6.5,0.54,7.47,13.37,0.37,1.55,0.18,52.0,Satisfactory,2020,6,6,Monsoon,56.0,62.0
Bengaluru,2020-06-22,15.65,40.19,5.59,14.45,17.28,6.5,0.62,7.18,13.04,0.46,1.66,0.18,49.0,Good,2020,6,0,Monsoon,52.0,57.666666666666664
Bengaluru,2020-06-23,20.38,49.93,5.16,14.6,17.11,6.76,0.62,6.98,17.72,0.39,1.6,0.18,56.0,Satisfactory,2020,6,1,Monsoon,49.0,52.333333333333336
Bengaluru,2020-06-24,19.72,52.43,5.41,14.61,16.98,7.37,0.61,6.86,18.26,0.33,1.48,0.18,63.0,Satisfactory,2020,6,2,Monsoon,56.0,52.333333333333336
Bengaluru,2020-06-25,16.93,40.06,6.01,17.67,19.1,7.42,0.74,7.73,19.58,0.4,1.52,0.18,63.0,Satisfactory,2020,6,3,Monsoon,63.0,56.0
Bengaluru,2020-06-26,15.4,28.66,4.42,14.29,15.57,7.32,0.61,7.45,19.53,0.25,1.43,0.18,58.0,Satisfactory,2020,6,4,Monsoon,63.0,60.666666666666664
Bengaluru,2020-06-27,16.6,29.48,3.06,13.68,13.07,6.88,0.67,7.29,15.69,0.21,1.18,0.18,51.0,Satisfactory,2020,6,5,Monsoon,58.0,61.333333333333336
Bengaluru,2020-06-28,20.44,26.34,2.69,10.33,10.58,6.58,0.66,6.6,17.59,0.12,0.94,0.18,61.0,Satisfactory,2020,6,6,Monsoon,51.0,57.333333333333336
Bengaluru,2020-06-29,28.68,29.27,3.62,12.12,12.94,6.8,0.56,6.33,16.99,0.17,1.17,0.18,65.0,Satisfactory,2020,6,0,Monsoon,61.0,56.666666666666664
Bengaluru,2020-06-30,14.47,24.26,4.61,12.69,15.0,6.82,0.56,6.45,16.08,0.18,0.86,0.18,63.0,Satisfactory,2020,6,1,Monsoon,65.0,59.0
Bengaluru,2020-07-01,17.5,30.48,3.95,13.25,14.83,7.42,0.54,6.66,15.4,0.27,0.65,0.18,43.0,Good,2020,7,2,Monsoon,63.0,63.0
Bengaluru,2020-07-02,23.61,42.08,,17.11,,,1.04,6.89,17.32,,,,53.6,,2020,7,3,Monsoon,43.0,57.0
Bengaluru,2020-07-03,29.59,47.75,,19.36,,,1.08,5.96,20.18,,,,34.6,,2020,7,4,Monsoon,53.6,53.2
Bengaluru,2020-07-04,14.33,49.07,,16.52,,,0.49,5.64,15.81,,,,50.1,,2020,7,5,Monsoon,34.6,43.7
Bengaluru,2020-07-05,15.52,53.49,,13.68,,,1.36,4.97,13.85,,,,52.4,,2020,7,6,Monsoon,50.1,46.1
Bengaluru,2020-07-06,14.19,56.17,,14.37,,,1.85,5.97,13.54,,,,58.2,,2020,7,0,Monsoon,52.4,45.7
Bengaluru,2020-07-07,8.74,60.75,,11.55,,,2.42,4.89,19.39,,,,58.2,,2020,7,1,Monsoon,58.2,53.6
Bengaluru,2020-07-08,13.38,60.84,,10.87,,,1.99,4.52,24.27,,,,59.6,,2020,7,2,Monsoon,58.2,56.2
Bengaluru,2020-07-09,4.2,64.43,,13.07,,,3.03,4.31,27.35,,,,66.4,,2020,7,3,Monsoon,59.6,58.6
Bengaluru,2020-07-10,5.07,63.19,,16.23,,,2.36,5.06,25.25,,,,53.7,,2020,7,4,Monsoon,66.4,61.4
Bengaluru,2020-07-11,2.31,66.88,,20.2,,,3.67,4.85,25.08,,,,53.5,,2020,7,5,Monsoon,53.7,59.9
Bengaluru,2020-07-12,12.05,73.38,,19.42,,,0.06,5.6,26.53,,,,59.2,,2020,7,6,Monsoon,53.5,57.9
Bengaluru,2020-07-13,14.18,71.27,,14.76,,,1.46,5.25,30.32,,,,57.0,,2020,7,0,Monsoon,59.2,55.5
Bengaluru,2020-07-14,11.79,66.54,,18.74,,,1.28,5.33,29.54,,,,59.0,,2020,7,1,Monsoon,57.0,56.6
Bengaluru,2020-07-15,23.39,62.34,,18.32,,,0.01,4.98,28.3,,,,59.9,,2020,7,2,Monsoon,59.0,58.4
Bengaluru,2020-07-16,23.8,62.25,,15.43,,,0.56,4.74,23.79,,,,57.1,,2020,7,3,Monsoon,59.9,58.6
Bengaluru,2020-07-17,27.02,74.18,,17.38,,,1.25,4.96,17.1,,,,60.7,,2020,7,4,Monsoon,57.1,58.6
Bengaluru,2020-07-18,25.88,83.35,,17.21,,,1.67,4.98,14.63,,,,75.6,,2020,7,5,Monsoon,60.7,59.2
Bengaluru,2020-07-19,30.26,79.86,,15.37,,,0.26,5.6,18.94,,,,91.6,,2020,7,6,Monsoon,75.6,64.5
Bengaluru,2020-07-20,20.89,71.76,,17.17,,,0.0,5.1,20.64,,,,72.3,,2020,7,0,Monsoon,91.6,76.0
Bengaluru,2020-07-21,25.64,64.5,,21.83,,,0.58,4.62,24.26,,,,56.8,,2020,7,1,Monsoon,72.3,79.8
Bengaluru,2020-07-22,26.91,72.37,,17.25,,,1.68,4.84,26.5,,,,50.2,,2020,7,2,Monsoon,56.8,73.6
Bengaluru,2020-07-23,16.27,73.05,,18.86,,,2.5,5.02,23.04,,,,58.3,,2020,7,3,Monsoon,50.2,59.8
Bengaluru,2020-07-24,21.3,66.5,,23.69,,,1.14,5.25,25.29,,,,51.1,,2020,7,4,Monsoon,58.3,55.1
Bengaluru,2020-07-25,27.55,70.98,,19.8,,,2.15,5.53,26.66,,,,71.4,,2020,7,5,Monsoon,51.1,53.2
Bengaluru,2020-07-26,23.96,63.09,,17.1,,,2.2,4.75,25.93,,,,67.8,,2020,7,6,Monsoon,71.4,60.3
Bengaluru,2020-07-27,30.26,64.13,,21.56,,,5.77,4.68,27.06,,,,75.3,,2020,7,0,Monsoon,67.8,63.4
Bengaluru,2020-07-28,20.29,67.47,,20.41,,,5.31,5.16,25.45,,,,76.7,,2020,7,1,Monsoon,75.3,71.5
Bengaluru,2020-07-29,10.53,64.38,,22.26,,,2.9,5.21,25.22,,,,72.3,,2020,7,2,Monsoon,76.7,73.3
Bengaluru,2020-07-30,8.86,65.77,,21.54,,,3.31,4.5,26.39,,,,75.9,,2020,7,3,Monsoon,72.3,74.8
Bengaluru,2020-07-31,22.12,58.02,,18.67,,,3.76,4.94,26.99,,,,103.4,,2020,7,4,Monsoon,75.9,74.9
Bengaluru,2020-08-01,23.39,63.21,,20.06,,,3.07,4.93,24.92,,,,78.6,,2020,8,5,Monsoon,103.4,83.8
Bengaluru,2020-08-02,21.4,58.9,,19.56,,,0.0,5.66,23.41,,,,55.5,,2020,8,6,Monsoon,78.6,86.0
Bengaluru,2020-08-03,19.89,65.31,,19.75,,,0.0,4.76,22.89,,,,51.0,,2020,8,0,Monsoon,55.5,79.2
Bengaluru,2020-08-04,21.32,64.53,,18.72,,,2.99,5.6,15.99,,,,55.3,,2020,8,1,Monsoon,51.0,61.7
Bengaluru,2020-08-05,19.17,67.85,,17.83,,,4.64,5.15,18.52,,,,57.0,,2020,8,2,Monsoon,55.3,53.9
Bengaluru,2020-08-06,18.92,63.71,,17.47,,,5.47,5.68,15.01,,,,80.9,,2020,8,3,Monsoon,57.0,54.4
Bengaluru,2020-08-07,27.35,68.17,,15.84,,,8.05,5.04,14.06,,,,110.1,,2020,8,4,Monsoon,80.9,64.4
Bengaluru,2020-08-08,27.51,60.03,,16.58,,,4.18,3.27,14.07,,,,86.1,,2020,8,5,Monsoon,110.1,82.7
Bengaluru,2020-08-09,30.61,52.35,,16.45,,,7.5,3.62,11.21,,,,115.0,,2020,8,6,Monsoon,86.1,92.4
Bengaluru,2020-08-10,27.56,51.24,,18.38,,,4.95,4.0,13.48,,,,101.6,,2020,8,0,Monsoon,115.0,103.7
Bengaluru,2020-08-11,25.94,58.31,,21.44,,,9.76,3.61,10.05,,,,130.0,,2020,8,1,Monsoon,101.6,100.9
Bengaluru,2020-08-12,26.55,61.09,,19.87,,,6.67,3.81,11.13,,,,132.8,,2020,8,2,Monsoon,130.0,115.5
Bengaluru,2020-08-13,26.14,58.29,,21.31,,,7.75,4.17,14.79,,,,128.9,,2020,8,3,Monsoon,132.8,121.5
Bengaluru,2020-08-14,22.66,63.29,,21.77,,,6.81,4.26,18.73,,,,121.6,,2020,8,4,Monsoon,128.9,130.6
Bengaluru,2020-08-15,23.66,60.3,,20.18,,,7.76,4.69,19.69,,,,139.3,,2020,8,5,Monsoon,121.6,127.8
Bengaluru,2020-08-16,22.47,62.54,,19.0,,,6.11,4.62,18.58,,,,132.3,,2020,8,6,Monsoon,139.3,129.9
Bengaluru,2020-08-17,19.38,72.44,,17.66,,,8.21,4.03,20.02,,,,143.5,,2020,8,0,Monsoon,132.3,131.1
Bengaluru,2020-08-18,22.42,68.89,,16.97,,,5.22,4.21,21.4,,,,122.5,,2020,8,1,Monsoon,143.5,138.4
Bengaluru,2020-08-19,19.32,65.12,,18.64,,,2.94,4.04,20.53,,,,98.9,,2020,8,2,Monsoon,122.5,132.8
Bengaluru,2020-08-20,18.42,61.95,,19.43,,,0.07,3.54,17.63,,,,79.9,,2020,8,3,Monsoon,98.9,121.6
Bengaluru,2020-08-21,20.69,69.13,,20.95,,,1.5,3.79,15.05,,,,72.7,,2020,8,4,Monsoon,79.9,100.5
Bengaluru,2020-08-22,19.46,66.58,,18.66,,,5.98,4.13,15.06,,,,89.9,,2020,8,5,Monsoon,72.7,83.8
Bengaluru,2020-08-23,22.08,61.49,,18.88,,,5.49,4.12,13.46,,,,93.7,,2020,8,6,Monsoon,89.9,80.8
Bengaluru,2020-08-24,23.73,68.71,,20.76,,,3.25,5.19,16.89,,,,82.4,,2020,8,0,Monsoon,93.7,85.4
Bengaluru,2020-08-25,30.71,62.69,,19.07,,,0.0,4.67,15.73,,,,65.9,,2020,8,1,Monsoon,82.4,88.6
Bengaluru,2020-08-26,28.12,64.23,,22.37,,,0.13,5.01,14.07,,,,66.6,,2020,8,2,Monsoon,65.9,80.7
Bengaluru,2020-08-27,21.29,72.3,,23.38,,,0.0,4.61,18.45,,,,65.1,,2020,8,3,Monsoon,66.6,71.6
Bengaluru,2020-08-28,25.8,61.3,,21.17,,,1.61,4.55,16.93,,,,66.1,,2020,8,4,Monsoon,65.1,65.9
Bengaluru,2020-08-29,20.06,59.28,,20.34,,,4.1,4.62,13.82,,,,56.9,,2020,8,5,Monsoon,66.1,65.9
Bengaluru,2020-08-30,24.52,60.22,,18.39,,,4.31,5.12,17.39,,,,65.7,,2020,8,6,Monsoon,56.9,62.7
Bengaluru,2020-08-31,30.78,69.33,,18.49,,,5.83,5.32,20.64,,,,73.7,,2020,8,0,Monsoon,65.7,62.9
Bengaluru,2020-09-01,31.66,74.05,,16.76,,,2.47,4.63,20.33,,,,76.6,,2020,9,1,Monsoon,73.7,65.4
Bengaluru,2020-09-02,35.68,72.58,,23.32,,,0.61,4.09,20.6,,,,75.2,,2020,9,2,Monsoon,76.6,72.0
Bengaluru,2020-09-03,31.82,61.74,,23.68,,,1.65,3.77,21.74,,,,59.8,,2020,9,3,Monsoon,75.2,75.2
Bengaluru,2020-09-04,27.27,59.34,,23.98,,,0.76,4.62,22.78,,,,53.0,,2020,9,4,Monsoon,59.8,70.5
Bengaluru,2020-09-05,22.43,60.25,,21.27,,,0.0,4.33,26.15,,,,53.8,,2020,9,5,Monsoon,53.0,62.7
Bengaluru,2020-09-06,19.68,62.33,,21.6,,,1.15,4.29,25.62,,,,50.5,,2020,9,6,Monsoon,53.8,55.5
Bengaluru,2020-09-07,19.12,63.34,,17.54,,,2.66,3.81,27.88,,,,51.1,,2020,9,0,Monsoon,50.5,52.4
Bengaluru,2020-09-08,23.62,66.71,,27.12,,,2.23,4.71,23.48,,,,41.8,,2020,9,1,Monsoon,51.1,51.8
Bengaluru,2020-09-09,24.97,63.97,,23.13,,,1.04,4.48,26.58,,,,55.2,,2020,9,2,Monsoon,41.8,47.8
Bengaluru,2020-09-10,24.96,72.52,,23.94,,,2.74,4.24,26.01,,,,50.9,,2020,9,3,Monsoon,55.2,49.4
Bengaluru,2020-09-11,24.18,67.2,,21.15,,,4.21,4.9,21.27,,,,65.4,,2020,9,4,Monsoon,50.9,49.3
Bengaluru,2020-09-12,21.03,63.6,,20.44,,,3.35,4.37,18.87,,,,65.5,,2020,9,5,Monsoon,65.4,57.1
Bengaluru,2020-09-13,21.51,62.41,,19.25,,,3.47,4.15,20.31,,,,56.5,,2020,9,6,Monsoon,65.5,60.6
Bengaluru,2020-09-14,23.16,68.14,,17.45,,,2.24,4.67,22.0,,,,52.3,,2020,9,0,Monsoon,56.5,62.4
Bengaluru,2020-09-15,16.19,60.88,,20.18,,,1.22,4.88,23.26,,,,40.0,,2020,9,1,Monsoon,52.3,58.1
Bengaluru,2020-09-16,19.0,58.08,,20.37,,,0.6,4.91,21.77,,,,53.0,,2020,9,2,Monsoon,40.0,49.6
Bengaluru,2020-09-17,18.67,65.71,,19.41,,,2.37,5.16,16.09,,,,49.1,,2020,9,3,Monsoon,53.0,48.4
Bengaluru,2020-09-18,23.33,65.88,,22.19,,,2.24,4.79,17.63,,,,62.5,,2020,9,4,Monsoon,49.1,47.3
Bengaluru,2020-09-19,24.3,66.55,,21.52,,,1.62,4.47,19.26,,,,58.1,,2020,9,5,Monsoon,62.5,54.8
Bengaluru,2020-09-20,25.08,75.01,,24.0,,,2.76,4.34,18.52,,,,45.6,,2020,9,6,Monsoon,58.1,56.5
Bengaluru,2020-09-21,20.8,64.23,,23.53,,,4.0,4.55,20.29,,,,54.4,,2020,9,0,Monsoon,45.6,55.4
Bengaluru,2020-09-22,25.78,55.64,,24.56,,,1.82,5.03,23.28,,,,55.4,,2020,9,1,Monsoon,54.4,52.7
Bengaluru,2020-09-23,23.76,63.19,,29.85,,,2.04,5.08,21.61,,,,49.2,,2020,9,2,Monsoon,55.4,51.8
Bengaluru,2020-09-24,27.71,61.22,,28.29,,,2.4,4.8,22.32,,,,59.8,,2020,9,3,Monsoon,49.2,53.0
Bengaluru,2020-09-25,24.62,62.65,,24.9,,,2.54,4.63,23.73,,,,51.1,,2020,9,4,Monsoon,59.8,54.8
Bengaluru,2020-09-26,27.73,69.15,,25.15,,,1.48,5.46,19.53,,,,41.3,,2020,9,5,Monsoon,51.1,53.4
Bengaluru,2020-09-27,32.4,70.14,,24.26,,,0.47,5.26,25.12,,,,51.1,,2020,9,6,Monsoon,41.3,50.7
Bengaluru,2020-09-28,30.28,73.05,,25.59,,,0.17,5.24,24.91,,,,72.0,,2020,9,0,Monsoon,51.1,47.8
Bengaluru,2020-09-29,34.13,78.94,,24.2,,,0.61,4.67,23.83,,,,80.4,,2020,9,1,Monsoon,72.0,54.8
Bengaluru,2020-09-30,23.79,82.47,,24.1,,,0.06,4.56,19.28,,,,84.5,,2020,9,2,Monsoon,80.4,67.8
Bengaluru,2020-10-01,28.91,70.78,,23.48,,,0.84,4.6,20.34,,,,64.2,,2020,10,3,Post-Monsoon,84.5,79.0
Bengaluru,2020-10-02,30.62,74.09,,19.77,,,0.89,4.75,23.49,,,,80.0,,2020,10,4,Post-Monsoon,64.2,76.3
Bengaluru,2020-10-03,37.63,73.8,,20.24,,,0.96,5.91,23.11,,,,74.3,,2020,10,5,Post-Monsoon,80.0,76.2
Bengaluru,2020-10-04,37.49,74.94,,21.81,,,0.99,5.23,21.42,,,,65.9,,2020,10,6,Post-Monsoon,74.3,72.8
Bengaluru,2020-10-05,37.98,76.98,,28.62,,,1.3,3.98,25.61,,,,50.7,,2020,10,0,Post-Monsoon,65.9,73.4
Bengaluru,2020-10-06,36.02,77.06,,26.15,,,0.99,4.02,29.63,,,,65.6,,2020,10,1,Post-Monsoon,50.7,63.6
Bengaluru,2020-10-07,42.92,88.83,,25.21,,,1.16,4.16,24.6,,,,77.1,,2020,10,2,Post-Monsoon,65.6,60.7
Bengaluru,2020-10-08,39.76,84.72,,28.95,,,1.07,4.69,27.45,,,,68.1,,2020,10,3,Post-Monsoon,77.1,64.4
Bengaluru,2020-10-09,42.03,92.43,,28.97,,,0.8,4.98,28.7,,,,72.6,,2020,10,4,Post-Monsoon,68.1,70.3
Bengaluru,2020-10-10,36.7,99.85,,27.17,,,0.52,4.24,28.01,,,,69.3,,2020,10,5,Post-Monsoon,72.6,72.6
Bengaluru,2020-10-11,44.76,71.1,,31.69,,,0.68,4.5,24.61,,,,71.6,,2020,10,6,Post-Monsoon,69.3,70.0
Bengaluru,2020-10-12,41.98,89.05,,31.75,,,0.76,4.78,24.33,,,,77.5,,2020,10,0,Post-Monsoon,71.6,71.2
Bengaluru,2020-10-13,31.71,74.43,,33.28,,,0.85,4.97,24.34,,,,76.1,,2020,10,1,Post-Monsoon,77.5,72.8
Bengaluru,2020-10-14,30.95,71.04,,32.98,,,1.05,4.57,19.92,,,,79.5,,2020,10,2,Post-Monsoon,76.1,75.1
Bengaluru,2020-10-15,35.58,79.92,,34.64,,,1.33,5.52,16.7,,,,66.2,,2020,10,3,Post-Monsoon,79.5,77.7
Bengaluru,2020-10-16,33.04,83.23,,34.62,,,1.31,5.04,17.39,,,,64.8,,2020,10,4,Post-Monsoon,66.2,73.9
Bengaluru,2020-10-17,26.39,72.73,,29.32,,,1.47,4.47,16.66,,,,86.1,,2020,10,5,Post-Monsoon,64.8,70.1
Bengaluru,2020-10-18,31.67,77.78,,27.04,,,1.19,4.87,18.95,,,,100.2,,2020,10,6,Post-Monsoon,86.1,72.4
Bengaluru,2020-10-19,33.17,93.88,,26.79,,,1.6,4.94,19.18,,,,108.4,,2020,10,0,Post-Monsoon,100.2,83.7
Bengaluru,2020-10-20,38.22,86.0,,29.79,,,1.59,5.44,16.91,,,,90.2,,2020,10,1,Post-Monsoon,108.4,98.2
Bengaluru,2020-10-21,36.66,86.1,,31.72,,,1.12,5.4,20.45,,,,90.0,,2020,10,2,Post-Monsoon,90.2,99.6
Bengaluru,2020-10-22,39.73,98.56,,33.47,,,1.11,5.51,17.5,,,,92.9,,2020,10,3,Post-Monsoon,90.0,96.2
Bengaluru,2020-10-23,39.95,97.98,,29.62,,,1.38,4.87,19.75,,,,96.5,,2020,10,4,Post-Monsoon,92.9,91.0
Bengaluru,2020-10-24,38.14,92.53,,31.48,,,1.29,4.57,19.45,,,,87.7,,2020,10,5,Post-Monsoon,96.5,93.1
Bengaluru,2020-10-25,35.25,91.05,,29.34,,,0.99,5.19,19.96,,,,81.9,,2020,10,6,Post-Monsoon,87.7,92.4
Bengaluru,2020-10-26,43.31,92.29,,32.4,,,1.11,4.48,23.74,,,,83.0,,2020,10,0,Post-Monsoon,81.9,88.7
Bengaluru,2020-10-27,46.61,85.45,,35.27,,,1.04,5.75,22.77,,,,92.2,,2020,10,1,Post-Monsoon,83.0,84.2
Bengaluru,2020-10-28,51.36,80.94,,32.82,,,0.76,5.39,20.92,,,,78.1,,2020,10,2,Post-Monsoon,92.2,85.7
Bengaluru,2020-10-29,42.57,83.24,,32.77,,,0.66,6.0,24.61,,,,75.1,,2020,10,3,Post-Monsoon,78.1,84.4
Bengaluru,2020-10-30,40.49,92.35,,29.52,,,0.87,5.86,25.74,,,,80.6,,2020,10,4,Post-Monsoon,75.1,81.8
Bengaluru,2020-10-31,50.77,81.71,,27.95,,,0.8,5.17,22.89,,,,88.4,,2020,10,5,Post-Monsoon,80.6,77.9
Bengaluru,2020-11-01,54.21,74.88,,25.91,,,0.81,5.08,26.86,,,,87.2,,2020,11,6,Post-Monsoon,88.4,81.4
Bengaluru,2020-11-02,40.78,93.65,,31.45,,,0.87,4.7,29.03,,,,88.7,,2020,11,0,Post-Monsoon,87.2,85.4
Bengaluru,2020-11-03,44.49,110.4,,30.53,,,0.79,4.37,26.77,,,,92.7,,2020,11,1,Post-Monsoon,88.7,88.1
Bengaluru,2020-11-04,53.4,96.43,,30.85,,,1.04,4.49,37.06,,,,86.1,,2020,11,2,Post-Monsoon,92.7,89.5
Bengaluru,2020-11-05,46.13,102.71,,32.11,,,1.13,5.36,33.33,,,,93.4,,2020,11,3,Post-Monsoon,86.1,89.2
Bengaluru,2020-11-06,50.55,104.59,,32.53,,,1.26,5.6,37.2,,,,98.9,,2020,11,4,Post-Monsoon,93.4,90.7
Bengaluru,2020-11-07,44.98,96.81,,33.56,,,1.22,4.82,32.45,,,,94.4,,2020,11,5,Post-Monsoon,98.9,92.8
Bengaluru,2020-11-08,49.63,92.19,,31.57,,,1.23,4.08,33.12,,,,107.1,,2020,11,6,Post-Monsoon,94.4,95.5
Bengaluru,2020-11-09,44.72,91.84,,31.59,,,1.18,4.98,33.08,,,,102.2,,2020,11,0,Post-Monsoon,107.1,100.1
Bengaluru,2020-11-10,44.35,85.07,,31.47,,,1.03,5.35,32.52,,,,86.3,,2020,11,1,Post-Monsoon,102.2,101.2
Bengaluru,2020-11-11,49.88,70.08,,29.66,,,1.24,5.29,31.44,,,,77.3,,2020,11,2,Post-Monsoon,86.3,98.6
Bengaluru,2020-11-12,57.4,61.08,,24.73,,,1.13,5.29,27.29,,,,86.5,,2020,11,3,Post-Monsoon,77.3,88.6
Bengaluru,2020-11-13,52.92,63.91,,23.63,,,1.2,5.46,27.92,,,,98.4,,2020,11,4,Post-Monsoon,86.5,83.4
Bengaluru,2020-11-14,41.36,53.93,,23.42,,,1.16,5.06,26.97,,,,86.7,,2020,11,5,Post-Monsoon,98.4,87.4
Bengaluru,2020-11-15,32.81,76.63,,24.69,,,1.15,5.29,28.88,,,,84.2,,2020,11,6,Post-Monsoon,86.7,90.5
Bengaluru,2020-11-16,38.11,85.89,,29.59,,,1.22,5.18,28.99,,,,92.9,,2020,11,0,Post-Monsoon,84.2,89.8
Bengaluru,2020-11-17,35.12,103.3,,29.63,,,1.19,4.41,26.92,,,,99.7,,2020,11,1,Post-Monsoon,92.9,87.9
Bengaluru,2020-11-18,33.31,92.52,,25.42,,,0.88,4.33,22.32,,,,99.2,,2020,11,2,Post-Monsoon,99.7,92.3
Bengaluru,2020-11-19,40.37,94.08,,24.79,,,0.96,4.45,20.87,,,,105.4,,2020,11,3,Post-Monsoon,99.2,97.3
Bengaluru,2020-11-20,45.48,88.74,,26.67,,,0.78,4.64,23.21,,,,89.7,,2020,11,4,Post-Monsoon,105.4,101.4
Bengaluru,2020-11-21,36.91,82.3,,31.11,,,0.8,4.81,26.85,,,,94.7,,2020,11,5,Post-Monsoon,89.7,98.1
Bengaluru,2020-11-22,42.36,81.46,,28.39,,,0.92,4.95,30.38,,,,91.2,,2020,11,6,Post-Monsoon,94.7,96.6
Bengaluru,2020-11-23,47.76,77.45,,31.97,,,1.22,4.96,27.8,,,,97.3,,2020,11,0,Post-Monsoon,91.2,91.9
Bengaluru,2020-11-24,46.39,73.7,,30.16,,,1.23,4.74,30.5,,,,81.6,,2020,11,1,Post-Monsoon,97.3,94.4
Bengaluru,2020-11-25,44.23,98.73,,34.06,,,1.19,4.93,30.8,,,,89.4,,2020,11,2,Post-Monsoon,81.6,90.0
Bengaluru,2020-11-26,37.12,91.41,,28.8,,,1.24,5.03,28.81,,,,99.1,,2020,11,3,Post-Monsoon,89.4,89.4
Bengaluru,2020-11-27,31.34,74.78,,29.73,,,1.38,5.37,27.61,,,,95.0,,2020,11,4,Post-Monsoon,99.1,90.1
Bengaluru,2020-11-28,33.23,74.29,,31.0,,,1.07,5.29,32.97,,,,94.8,,2020,11,5,Post-Monsoon,95.0,94.5
Bengaluru,2020-11-29,31.1,79.56,,30.94,,,0.99,5.08,28.71,,,,85.3,,2020,11,6,Post-Monsoon,94.8,96.3
Bengaluru,2020-11-30,41.14,86.82,,29.75,,,0.7,5.28,33.35,,,,68.5,,2020,11,0,Post-Monsoon,85.3,91.7
Bengaluru,2020-12-01,41.44,79.47,,27.81,,,0.79,5.77,33.39,,,,69.4,,2020,12,1,Winter,68.5,82.9
Bengaluru,2020-12-02,47.41,84.16,,26.6,,,0.84,6.02,24.82,,,,68.5,,2020,12,2,Winter,69.4,74.4
Bengaluru,2020-12-03,58.33,93.31,,29.62,,,0.89,5.67,35.66,,,,79.1,,2020,12,3,Winter,68.5,68.8
Bengaluru,2020-12-04,58.07,100.69,,33.98,,,0.94,5.48,33.01,,,,83.4,,2020,12,4,Winter,79.1,72.3
Bengaluru,2020-12-05,58.56,95.2,,37.73,,,0.97,5.27,21.76,,,,92.5,,2020,12,5,Winter,83.4,77.0
Bengaluru,2020-12-06,56.27,99.11,,25.36,,,0.97,5.96,28.49,,,,82.9,,2020,12,6,Winter,92.5,85.0
Bengaluru,2020-12-07,57.98,87.98,,27.69,,,0.99,6.49,29.65,,,,91.5,,2020,12,0,Winter,82.9,86.3
Bengaluru,2020-12-08,58.29,90.27,,33.24,,,1.02,7.02,30.33,,,,98.3,,2020,12,1,Winter,91.5,89.0
Bengaluru,2020-12-09,62.68,99.95,,37.97,,,1.21,6.02,24.68,,,,99.0,,2020,12,2,Winter,98.3,90.9
Bengaluru,2020-12-10,52.74,96.35,,39.77,,,1.21,5.93,33.48,,,,97.7,,2020,12,3,Winter,99.0,96.2
Bengaluru,2020-12-11,49.79,102.14,,44.46,,,1.23,5.28,35.08,,,,93.0,,2020,12,4,Winter,97.7,98.3
Bengaluru,2020-12-12,57.65,94.55,,42.06,,,1.15,5.11,27.19,,,,78.9,,2020,12,5,Winter,93.0,96.6
Bengaluru,2020-12-13,64.26,84.1,,35.95,,,1.03,4.25,21.03,,,,99.0,,2020,12,6,Winter,78.9,89.9
Bengaluru,2020-12-14,65.91,81.12,,46.31,,,1.02,5.02,12.52,,,,117.3,,2020,12,0,Winter,99.0,90.3
Bengaluru,2020-12-15,50.47,71.61,,48.02,,,1.19,6.08,20.84,,,,105.4,,2020,12,1,Winter,117.3,98.4
Bengaluru,2020-12-16,55.87,84.44,,46.12,,,1.14,5.88,20.29,,,,94.5,,2020,12,2,Winter,105.4,107.2
Bengaluru,2020-12-17,41.85,86.0,,39.7,,,1.14,5.3,29.62,,,,95.0,,2020,12,3,Winter,94.5,105.7
Bengaluru,2020-12-18,33.58,79.97,,43.39,,,1.1,4.97,31.89,,,,78.1,,2020,12,4,Winter,95.0,98.3
Bengaluru,2020-12-19,38.37,70.77,,38.4,,,0.9,5.09,32.06,,,,72.2,,2020,12,5,Winter,78.1,89.2
Bengaluru,2020-12-20,44.56,77.11,,43.18,,,0.89,5.1,30.73,,,,75.4,,2020,12,6,Winter,72.2,81.7
Bengaluru,2020-12-21,46.49,82.33,,38.96,,,0.81,4.95,38.03,,,,64.9,,2020,12,0,Winter,75.4,75.2
Bengaluru,2020-12-22,42.64,79.73,,42.73,,,1.04,5.0,31.82,,,,69.9,,2020,12,1,Winter,64.9,70.8
Bengaluru,2020-12-23,39.16,100.67,,36.68,,,1.12,5.26,32.7,,,,76.7,,2020,12,2,Winter,69.9,70.1
Bengaluru,2020-12-24,41.75,97.68,,37.0,,,1.34,5.67,28.89,,,,70.2,,2020,12,3,Winter,76.7,70.5
Bengaluru,2020-12-25,43.72,115.78,,34.52,,,1.43,6.2,26.42,,,,88.4,,2020,12,4,Winter,70.2,72.3
Bengaluru,2020-12-26,55.44,101.6,,34.26,,,1.17,5.55,23.58,,,,79.8,,2020,12,5,Winter,88.4,78.4
Bengaluru,2020-12-27,52.08,89.29,,35.88,,,1.15,4.76,28.43,,,,64.1,,2020,12,6,Winter,79.8,79.5
Bengaluru,2020-12-28,53.62,99.64,,32.14,,,1.17,5.62,25.44,,,,73.9,,2020,12,0,Winter,64.1,77.4
Bengaluru,2020-12-29,55.88,97.26,,36.84,,,1.16,5.2,20.3,,,,78.4,,2020,12,1,Winter,73.9,72.6
Bengaluru,2020-12-30,47.29,89.29,,42.74,,,1.2,5.68,18.41,,,,76.7,,2020,12,2,Winter,78.4,72.1
Bengaluru,2020-12-31,56.28,91.05,,51.0,,,1.18,5.73,20.72,,,,80.8,,2020,12,3,Winter,76.7,76.3
Bengaluru,2021-01-01,52.35,99.74,,51.31,,,0.77,5.39,21.49,,,,88.5,,2021,1,4,Winter,80.8,78.7
Bengaluru,2021-01-02,44.45,82.64,,48.39,,,0.9,8.29,31.76,,,,83.5,,2021,1,5,Winter,88.5,82.0
Bengaluru,2021-01-03,43.57,92.88,,44.19,,,1.09,7.92,32.23,,,,91.5,,2021,1,6,Winter,83.5,84.3
Bengaluru,2021-01-04,43.99,90.75,,45.45,,,1.15,6.7,36.49,,,,96.2,,2021,1,0,Winter,91.5,87.8
Bengaluru,2021-01-05,47.02,94.44,,47.23,,,1.36,8.22,39.35,,,,81.2,,2021,1,1,Winter,96.2,90.4
Bengaluru,2021-01-06,42.46,94.89,,43.55,,,1.33,7.62,43.34,,,,82.3,,2021,1,2,Winter,81.2,89.7
Bengaluru,2021-01-07,46.08,97.76,,36.52,,,1.25,6.46,38.77,,,,89.4,,2021,1,3,Winter,82.3,86.6
Bengaluru,2021-01-08,52.85,107.65,,37.92,,,1.3,8.17,39.4,,,,87.5,,2021,1,4,Winter,89.4,84.3
Bengaluru,2021-01-09,48.17,100.05,,38.95,,,1.24,7.74,41.74,,,,98.0,,2021,1,5,Winter,87.5,86.4
Bengaluru,2021-01-10,50.44,87.49,,30.37,,,0.76,8.24,40.54,,,,81.0,,2021,1,6,Winter,98.0,91.6
Bengaluru,2021-01-11,41.56,96.26,,37.23,,,0.09,7.23,39.69,,,,86.4,,2021,1,0,Winter,81.0,88.8
Bengaluru,2021-01-12,37.15,99.47,,39.06,,,0.53,7.75,37.37,,,,97.2,,2021,1,1,Winter,86.4,88.5
Bengaluru,2021-01-13,39.89,100.1,,37.14,,,0.49,7.05,39.16,,,,108.0,,2021,1,2,Winter,97.2,88.2
Bengaluru,2021-01-14,36.53,89.47,,44.04,,,0.54,6.83,45.32,,,,92.2,,2021,1,3,Winter,108.0,97.2
Bengaluru,2021-01-15,47.9,98.5,,41.89,,,0.59,9.08,48.09,,,,93.2,,2021,1,4,Winter,92.2,99.1
Bengaluru,2021-01-16,51.75,107.66,,41.05,,,0.93,7.41,42.81,,,,110.8,,2021,1,5,Winter,93.2,97.8
Bengaluru,2021-01-17,49.32,100.22,,41.03,,,0.69,5.72,47.1,,,,97.3,,2021,1,6,Winter,110.8,98.7
Bengaluru,2021-01-18,44.03,104.5,,45.61,,,1.2,6.9,43.08,,,,84.6,,2021,1,0,Winter,97.3,100.4
Bengaluru,2021-01-19,51.4,101.31,,43.71,,,1.39,8.29,45.46,,,,104.6,,2021,1,1,Winter,84.6,97.6
Bengaluru,2021-01-20,47.09,107.93,,43.52,,,1.83,8.12,47.22,,,,105.9,,2021,1,2,Winter,104.6,95.5
Bengaluru,2021-01-21,51.57,103.25,,40.35,,,0.99,6.69,54.74,,,,91.9,,2021,1,3,Winter,105.9,98.4
Bengaluru,2021-01-22,49.0,100.82,,42.18,,,1.35,7.63,48.76,,,,90.1,,2021,1,4,Winter,91.9,100.8
Bengaluru,2021-01-23,48.15,96.58,,46.59,,,1.52,7.72,48.76,,,,98.2,,2021,1,5,Winter,90.1,96.0
Bengaluru,2021-01-24,47.16,86.54,,45.36,,,1.21,6.62,48.44,,,,100.0,,2021,1,6,Winter,98.2,93.4
Bengaluru,2021-01-25,47.16,94.03,,50.17,,,2.06,7.01,49.4,,,,79.8,,2021,1,0,Winter,100.0,96.1
Bengaluru,2021-01-26,50.26,99.4,,51.9,,,1.73,7.7,42.65,,,,82.0,,2021,1,1,Winter,79.8,92.7
Bengaluru,2021-01-27,45.48,96.2,,50.64,,,1.68,9.15,38.38,,,,87.4,,2021,1,2,Winter,82.0,87.2
Bengaluru,2021-01-28,51.05,93.92,,47.38,,,1.27,8.43,43.2,,,,85.3,,2021,1,3,Winter,87.4,83.0
Bengaluru,2021-01-29,51.37,90.51,,44.22,,,1.14,8.67,50.77,,,,80.5,,2021,1,4,Winter,85.3,84.9
Bengaluru,2021-01-30,49.44,98.09,,37.65,,,0.65,6.12,52.53,,,,79.2,,2021,1,5,Winter,80.5,84.4
Bengaluru,2021-01-31,58.09,92.62,,38.82,,,1.47,7.8,56.97,,,,92.1,,2021,1,6,Winter,79.2,81.7
Bengaluru,2021-02-01,58.19,101.61,,41.64,,,1.01,6.71,52.35,,,,90.5,,2021,2,0,Winter,92.1,83.9
Bengaluru,2021-02-02,51.61,108.45,,44.13,,,2.17,6.46,45.71,,,,91.8,,2021,2,1,Winter,90.5,87.2
Bengaluru,2021-02-03,46.16,88.46,,41.93,,,2.95,6.15,47.05,,,,78.7,,2021,2,2,Winter,91.8,91.4
Bengaluru,2021-02-04,54.17,104.9,,42.95,,,1.88,5.87,44.73,,,,93.7,,2021,2,3,Winter,78.7,87.0
Bengaluru,2021-02-05,59.51,118.67,,39.68,,,1.89,5.05,38.76,,,,101.5,,2021,2,4,Winter,93.7,88.1
Bengaluru,2021-02-06,52.58,105.59,,32.41,,,1.41,5.52,35.56,,,,76.0,,2021,2,5,Winter,101.5,91.3
Bengaluru,2021-02-07,48.62,118.43,,39.63,,,1.06,5.13,38.71,,,,80.2,,2021,2,6,Winter,76.0,90.4
Bengaluru,2021-02-08,48.79,120.05,,43.82,,,1.14,5.3,37.69,,,,84.7,,2021,2,0,Winter,80.2,85.9
Bengaluru,2021-02-09,46.52,117.3,,45.39,,,2.27,4.91,38.96,,,,92.9,,2021,2,1,Winter,84.7,80.3
Bengaluru,2021-02-10,42.71,88.89,,46.3,,,1.87,5.75,40.87,,,,91.9,,2021,2,2,Winter,92.9,85.9
Bengaluru,2021-02-11,36.56,88.5,,46.56,,,1.98,4.88,37.57,,,,90.7,,2021,2,3,Winter,91.9,89.8
Bengaluru,2021-02-12,39.44,77.88,,48.09,,,1.34,4.68,40.39,,,,91.7,,2021,2,4,Winter,90.7,91.8
Bengaluru,2021-02-13,35.63,84.11,,45.3,,,1.51,5.41,39.18,,,,78.7,,2021,2,5,Winter,91.7,91.4
Bengaluru,2021-02-14,38.11,77.35,,31.2,,,2.09,5.7,32.03,,,,67.0,,2021,2,6,Winter,78.7,87.0
Bengaluru,2021-02-15,43.38,105.66,,33.91,,,1.82,5.22,40.54,,,,73.0,,2021,2,0,Winter,67.0,79.1
Bengaluru,2021-02-16,40.44,99.84,,32.1,,,2.79,5.52,42.71,,,,77.8,,2021,2,1,Winter,73.0,72.9
Bengaluru,2021-02-17,40.8,85.75,,37.66,,,2.27,5.56,53.27,,,,79.9,,2021,2,2,Winter,77.8,72.6
Bengaluru,2021-02-18,38.97,87.44,,42.25,,,1.13,5.73,52.89,,,,74.1,,2021,2,3,Winter,79.9,76.9
Bengaluru,2021-02-19,49.58,102.89,,39.37,,,1.35,6.68,52.43,,,,85.4,,2021,2,4,Winter,74.1,77.2
Bengaluru,2021-02-20,42.99,93.65,,41.84,,,1.15,5.97,45.13,,,,88.3,,2021,2,5,Winter,85.4,79.8
Bengaluru,2021-02-21,51.78,83.59,,39.76,,,1.23,6.77,44.88,,,,75.6,,2021,2,6,Winter,88.3,82.6
Bengaluru,2021-02-22,51.41,88.31,,43.01,,,3.02,7.28,46.35,,,,79.7,,2021,2,0,Winter,75.6,83.1
Bengaluru,2021-02-23,50.12,89.8,,42.75,,,2.65,6.56,49.66,,,,72.1,,2021,2,1,Winter,79.7,81.2
Bengaluru,2021-02-24,53.53,106.69,,40.91,,,1.91,4.78,51.74,,,,81.5,,2021,2,2,Winter,72.1,75.8
Bengaluru,2021-02-25,46.13,100.3,,43.23,,,1.66,5.53,47.79,,,,81.9,,2021,2,3,Winter,81.5,77.8
Bengaluru,2021-02-26,41.67,116.36,,40.47,,,2.63,6.5,49.58,,,,87.6,,2021,2,4,Winter,81.9,78.5
Bengaluru,2021-02-27,43.46,108.3,,35.46,,,1.48,6.33,50.12,,,,87.8,,2021,2,5,Winter,87.6,83.6
Bengaluru,2021-02-28,43.72,106.0,,34.57,,,1.19,6.41,49.46,,,,80.1,,2021,2,6,Winter,87.8,85.7
Bengaluru,2021-03-01,44.7,123.27,,30.35,,,1.39,5.6,49.21,,,,95.2,,2021,3,0,Summer,80.1,85.1
Bengaluru,2021-03-02,47.28,122.68,,33.09,,,1.22,5.61,50.86,,,,116.5,,2021,3,1,Summer,95.2,87.7
Bengaluru,2021-03-03,45.63,107.71,,34.86,,,0.35,5.36,52.58,,,,104.4,,2021,3,2,Summer,116.5,97.3
Bengaluru,2021-03-04,44.78,109.82,,33.64,,,0.47,5.6,52.47,,,,100.1,,2021,3,3,Summer,104.4,105.4
Bengaluru,2021-03-05,48.68,113.76,,29.92,,,0.5,5.94,53.48,,,,103.9,,2021,3,4,Summer,100.1,107.0
Bengaluru,2021-03-06,55.85,105.78,,28.18,,,0.59,5.48,52.79,,,,87.5,,2021,3,5,Summer,103.9,102.8
Bengaluru,2021-03-07,45.01,92.94,,30.43,,,0.72,6.03,48.78,,,,86.5,,2021,3,6,Summer,87.5,97.2
Bengaluru,2021-03-08,51.1,88.81,,30.88,,,1.08,6.17,48.81,,,,91.9,,2021,3,0,Summer,86.5,92.7
Bengaluru,2021-03-09,34.32,100.67,,28.85,,,1.31,4.88,53.18,,,,90.3,,2021,3,1,Summer,91.9,88.6
Bengaluru,2021-03-10,43.02,116.85,,32.65,,,1.55,5.75,51.25,,,,83.4,,2021,3,2,Summer,90.3,89.6
Bengaluru,2021-03-11,42.25,105.11,,37.34,,,1.47,5.42,51.74,,,,88.2,,2021,3,3,Summer,83.4,88.5
Bengaluru,2021-03-12,52.16,99.49,,35.26,,,0.85,4.92,47.78,,,,88.5,,2021,3,4,Summer,88.2,87.3
Bengaluru,2021-03-13,45.96,92.25,,28.91,,,0.34,4.79,48.94,,,,86.9,,2021,3,5,Summer,88.5,86.7
Bengaluru,2021-03-14,36.41,91.02,,26.48,,,1.12,4.9,39.99,,,,85.9,,2021,3,6,Summer,86.9,87.9
Bengaluru,2021-03-15,38.42,102.05,,28.25,,,1.02,4.58,39.46,,,,96.9,,2021,3,0,Summer,85.9,87.1
Bengaluru,2021-03-16,40.69,120.36,,28.68,,,0.48,4.4,35.41,,,,88.8,,2021,3,1,Summer,96.9,89.9
Bengaluru,2021-03-17,43.49,119.64,,25.02,,,0.53,5.07,39.95,,,,109.2,,2021,3,2,Summer,88.8,90.5
Bengaluru,2021-03-18,48.68,112.14,,24.43,,,0.47,4.0,41.59,,,,98.0,,2021,3,3,Summer,109.2,98.3
Bengaluru,2021-03-19,46.55,110.39,,25.78,,,0.79,4.05,45.06,,,,89.8,,2021,3,4,Summer,98.0,98.7
Bengaluru,2021-03-20,52.18,104.72,,26.45,,,0.98,4.61,47.89,,,,93.9,,2021,3,5,Summer,89.8,99.0
Bengaluru,2021-03-21,44.99,105.2,,23.86,,,1.0,4.68,45.45,,,,93.2,,2021,3,6,Summer,93.9,93.9
Bengaluru,2021-03-22,34.76,100.21,,26.23,,,0.66,4.89,50.6,,,,85.1,,2021,3,0,Summer,93.2,92.3
Bengaluru,2021-03-23,43.4,105.81,,25.86,,,0.37,5.82,52.68,,,,97.1,,2021,3,1,Summer,85.1,90.7
Bengaluru,2021-03-24,40.22,118.19,,26.64,,,0.75,5.69,50.14,,,,107.3,,2021,3,2,Summer,97.1,91.8
Bengaluru,2021-03-25,46.0,97.79,,31.18,,,1.31,4.65,53.14,,,,90.9,,2021,3,3,Summer,107.3,96.5
Bengaluru,2021-03-26,43.3,90.35,,30.19,,,1.57,4.64,55.77,,,,98.2,,2021,3,4,Summer,90.9,98.4
Bengaluru,2021-03-27,39.49,90.69,,24.9,,,1.78,4.25,57.29,,,,81.7,,2021,3,5,Summer,98.2,98.8
Bengaluru,2021-03-28,36.85,92.57,,26.55,,,1.7,3.99,50.58,,,,82.2,,2021,3,6,Summer,81.7,90.3
Bengaluru,2021-03-29,42.49,97.03,,26.61,,,1.48,4.31,47.91,,,,82.2,,2021,3,0,Summer,82.2,87.4
Bengaluru,2021-03-30,51.8,104.95,,27.01,,,1.24,4.91,51.86,,,,90.1,,2021,3,1,Summer,82.2,82.0
Bengaluru,2021-03-31,48.7,109.08,,23.96,,,0.75,4.41,50.64,,,,107.2,,2021,3,2,Summer,90.1,84.8
Bengaluru,2021-04-01,53.6,108.85,,24.99,,,0.73,3.04,48.4,,,,98.5,,2021,4,3,Summer,107.2,93.1
Bengaluru,2021-04-02,46.74,96.88,,18.55,,,0.49,4.51,52.01,,,,110.6,,2021,4,4,Summer,98.5,98.6
Bengaluru,2021-04-03,38.13,64.67,,18.58,,,1.58,5.65,45.56,,,,93.6,,2021,4,5,Summer,110.6,105.4
Bengaluru,2021-04-04,34.43,69.56,,26.99,,,1.56,3.97,49.74,,,,89.9,,2021,4,6,Summer,93.6,100.9
Bengaluru,2021-04-05,35.4,79.65,,24.4,,,1.34,4.67,54.76,,,,79.7,,2021,4,0,Summer,89.9,98.0
Bengaluru,2021-04-06,37.19,82.62,,27.06,,,0.59,4.83,61.19,,,,70.3,,2021,4,1,Summer,79.7,87.7
Bengaluru,2021-04-07,34.04,78.51,,29.5,,,2.18,3.0,64.35,,,,72.2,,2021,4,2,Summer,70.3,79.9
Bengaluru,2021-04-08,34.5,85.22,,28.65,,,2.12,4.39,61.64,,,,72.4,,2021,4,3,Summer,72.2,74.1
Bengaluru,2021-04-09,34.4,84.47,,29.84,,,0.61,5.25,62.67,,,,75.4,,2021,4,4,Summer,72.4,71.6
Bengaluru,2021-04-10,33.88,79.43,,29.96,,,0.5,5.98,60.56,,,,66.1,,2021,4,5,Summer,75.4,73.4
Bengaluru,2021-04-11,27.84,73.61,,29.28,,,0.97,6.47,60.76,,,,70.3,,2021,4,6,Summer,66.1,71.3
Bengaluru,2021-04-12,28.02,83.6,,29.3,,,1.6,6.74,62.36,,,,75.1,,2021,4,0,Summer,70.3,70.6
Bengaluru,2021-04-13,35.29,85.21,,24.5,,,1.2,6.07,56.57,,,,74.6,,2021,4,1,Summer,75.1,70.5
Bengaluru,2021-04-14,32.23,83.26,,18.48,,,1.25,5.99,52.11,,,,80.0,,2021,4,2,Summer,74.6,73.3
Bengaluru,2021-04-15,37.48,68.14,,17.81,,,0.88,5.02,57.33,,,,71.0,,2021,4,3,Summer,80.0,76.5
Bengaluru,2021-04-16,35.86,54.09,,21.37,,,1.07,3.96,58.0,,,,75.0,,2021,4,4,Summer,71.0,75.2
Bengaluru,2021-04-17,29.43,31.64,,21.76,,,1.65,5.93,56.55,,,,58.7,,2021,4,5,Summer,75.0,75.3
Bengaluru,2021-04-18,34.1,38.85,,22.85,,,1.95,6.02,68.19,,,,58.8,,2021,4,6,Summer,58.7,68.2
Bengaluru,2021-04-19,32.64,56.13,,17.76,,,1.57,5.11,61.11,,,,56.7,,2021,4,0,Summer,58.8,64.2
Bengaluru,2021-04-20,30.38,79.59,,19.52,,,1.35,5.15,59.85,,,,69.3,,2021,4,1,Summer,56.7,58.1
Bengaluru,2021-04-21,28.72,75.87,,19.8,,,1.0,3.94,55.92,,,,75.9,,2021,4,2,Summer,69.3,61.6
Bengaluru,2021-04-22,32.37,82.53,,23.28,,,1.28,4.28,55.21,,,,77.4,,2021,4,3,Summer,75.9,67.3
Bengaluru,2021-04-23,31.21,58.81,,22.73,,,1.7,5.94,60.02,,,,77.5,,2021,4,4,Summer,77.4,74.2
Bengaluru,2021-04-24,32.25,68.99,,20.34,,,1.79,5.26,62.77,,,,70.2,,2021,4,5,Summer,77.5,76.9
Bengaluru,2021-04-25,30.68,73.51,,22.28,,,0.63,3.78,55.9,,,,58.8,,2021,4,6,Summer,70.2,75.0
Bengaluru,2021-04-26,30.42,77.36,,21.17,,,1.02,5.64,57.19,,,,68.1,,2021,4,0,Summer,58.8,68.8
Bengaluru,2021-04-27,27.61,92.51,,21.52,,,0.68,6.13,48.88,,,,80.7,,2021,4,1,Summer,68.1,65.7
Bengaluru,2021-04-28,32.13,81.67,,19.47,,,0.41,6.87,59.24,,,,70.6,,2021,4,2,Summer,80.7,69.2
Bengaluru,2021-04-29,36.16,80.74,,22.36,,,0.67,5.8,58.08,,,,63.4,,2021,4,3,Summer,70.6,73.2
Bengaluru,2021-04-30,39.21,78.16,,21.86,,,0.0,4.69,56.18,,,,85.5,,2021,4,4,Summer,63.4,71.6
Bengaluru,2021-05-01,39.96,71.85,,21.43,,,0.93,4.68,43.36,,,,86.1,,2021,5,5,Summer,85.5,73.2
Bengaluru,2021-05-02,40.14,71.82,,22.91,,,1.64,4.67,42.04,,,,74.7,,2021,5,6,Summer,86.1,78.3
Bengaluru,2021-05-03,35.59,70.24,,27.33,,,0.38,4.22,40.5,,,,70.5,,2021,5,0,Summer,74.7,82.1
Bengaluru,2021-05-04,35.89,69.99,,25.77,,,0.0,5.19,35.57,,,,66.7,,2021,5,1,Summer,70.5,77.1
Bengaluru,2021-05-05,28.16,67.52,,29.48,,,0.71,5.14,30.65,,,,59.4,,2021,5,2,Summer,66.7,70.6
Bengaluru,2021-05-06,28.67,65.13,,30.93,,,0.07,5.36,33.42,,,,63.1,,2021,5,3,Summer,59.4,65.5
Bengaluru,2021-05-07,35.62,74.04,,26.13,,,0.0,4.86,33.31,,,,68.2,,2021,5,4,Summer,63.1,63.0
Bengaluru,2021-05-08,38.51,68.86,,24.06,,,0.0,4.85,41.45,,,,52.9,,2021,5,5,Summer,68.2,63.6
Bengaluru,2021-05-09,36.88,77.06,,23.54,,,0.19,4.68,37.75,,,,70.4,,2021,5,6,Summer,52.9,61.4
Bengaluru,2021-05-10,26.31,81.53,,20.3,,,0.29,4.68,39.39,,,,58.8,,2021,5,0,Summer,70.4,63.8
Bengaluru,2021-05-11,31.13,87.14,,18.35,,,0.17,4.89,39.81,,,,66.8,,2021,5,1,Summer,58.8,60.7
Bengaluru,2021-05-12,29.43,82.32,,25.01,,,1.23,4.85,33.27,,,,62.1,,2021,5,2,Summer,66.8,65.4
Bengaluru,2021-05-13,33.2,84.68,,25.71,,,1.32,4.76,29.2,,,,72.6,,2021,5,3,Summer,62.1,62.6
Bengaluru,2021-05-14,37.44,75.55,,24.1,,,1.03,4.98,31.24,,,,87.5,,2021,5,4,Summer,72.6,67.2
Bengaluru,2021-05-15,34.3,68.28,,21.92,,,1.0,5.2,29.25,,,,87.7,,2021,5,5,Summer,87.5,74.1
Bengaluru,2021-05-16,39.54,62.23,,17.46,,,0.57,5.46,33.66,,,,60.6,,2021,5,6,Summer,87.7,82.6
Bengaluru,2021-05-17,41.6,56.77,,21.74,,,0.11,5.32,32.79,,,,66.8,,2021,5,0,Summer,60.6,78.6
Bengaluru,2021-05-18,39.51,63.12,,27.64,,,1.93,4.49,34.25,,,,56.6,,2021,5,1,Summer,66.8,71.7
Bengaluru,2021-05-19,31.87,62.98,,28.84,,,3.02,4.62,29.03,,,,56.5,,2021,5,2,Summer,56.6,61.3
Bengaluru,2021-05-20,27.25,65.93,,29.53,,,0.34,4.56,32.18,,,,61.1,,2021,5,3,Summer,56.5,60.0
Bengaluru,2021-05-21,31.48,72.66,,25.08,,,1.73,5.04,26.39,,,,65.4,,2021,5,4,Summer,61.1,58.1
Bengaluru,2021-05-22,29.3,67.93,,25.05,,,1.05,4.67,28.81,,,,55.0,,2021,5,5,Summer,65.4,61.0
Bengaluru,2021-05-23,25.35,69.05,,21.29,,,1.55,4.96,23.41,,,,52.4,,2021,5,6,Summer,55.0,60.5
Bengaluru,2021-05-24,33.7,62.47,,21.24,,,2.18,5.2,26.74,,,,49.2,,2021,5,0,Summer,52.4,57.6
Bengaluru,2021-05-25,40.12,73.18,,24.82,,,1.27,5.18,26.61,,,,60.0,,2021,5,1,Summer,49.2,52.2
Bengaluru,2021-05-26,39.91,78.28,,26.33,,,2.22,4.43,25.87,,,,61.1,,2021,5,2,Summer,60.0,53.9
Bengaluru,2021-05-27,39.04,84.87,,33.46,,,1.82,4.92,31.45,,,,74.3,,2021,5,3,Summer,61.1,56.8
Bengaluru,2021-05-28,35.98,88.05,,30.89,,,2.25,5.18,34.63,,,,83.0,,2021,5,4,Summer,74.3,65.2
Bengaluru,2021-05-29,31.73,75.31,,25.2,,,2.59,5.19,35.84,,,,90.3,,2021,5,5,Summer,83.0,72.8
Bengaluru,2021-05-30,31.65,73.79,,21.53,,,2.74,4.81,38.18,,,,78.4,,2021,5,6,Summer,90.3,82.5
Bengaluru,2021-05-31,32.26,62.6,,21.66,,,2.78,5.3,39.32,,,,70.0,,2021,5,0,Summer,78.4,83.9
Bengaluru,2021-06-01,28.72,56.22,,22.15,,,2.45,5.57,31.74,,,,45.0,,2021,6,1,Monsoon,70.0,79.6
Bengaluru,2021-06-02,29.26,53.25,,19.39,,,1.89,5.91,31.9,,,,51.1,,2021,6,2,Monsoon,45.0,64.5
Bengaluru,2021-06-03,28.53,45.58,,21.68,,,1.53,5.86,29.07,,,,33.6,,2021,6,3,Monsoon,51.1,55.4
Bengaluru,2021-06-04,27.34,42.77,,18.12,,,1.89,4.73,24.74,,,,48.8,,2021,6,4,Monsoon,33.6,43.2
Bengaluru,2021-06-05,23.49,34.98,,15.73,,,1.58,5.55,21.56,,,,44.7,,2021,6,5,Monsoon,48.8,44.5
Bengaluru,2021-06-06,23.69,48.18,,19.23,,,0.91,5.1,19.93,,,,46.2,,2021,6,6,Monsoon,44.7,42.4
Bengaluru,2021-06-07,20.61,44.93,,19.87,,,1.05,5.14,18.39,,,,42.1,,2021,6,0,Monsoon,46.2,46.6
Bengaluru,2021-06-08,18.72,54.76,,21.64,,,0.76,4.06,15.02,,,,39.8,,2021,6,1,Monsoon,42.1,44.3
Bengaluru,2021-06-09,19.68,46.02,,18.94,,,1.03,3.88,17.85,,,,34.6,,2021,6,2,Monsoon,39.8,42.7
Bengaluru,2021-06-10,20.98,46.18,,18.47,,,1.65,5.42,15.3,,,,44.0,,2021,6,3,Monsoon,34.6,38.8
Bengaluru,2021-06-11,23.49,42.39,,20.31,,,1.08,6.33,14.87,,,,49.8,,2021,6,4,Monsoon,44.0,39.5
Bengaluru,2021-06-12,23.09,49.34,,20.03,,,0.58,6.07,20.27,,,,57.0,,2021,6,5,Monsoon,49.8,42.8
Bengaluru,2021-06-13,21.52,50.0,,16.16,,,1.02,5.98,20.21,,,,61.2,,2021,6,6,Monsoon,57.0,50.3
Bengaluru,2021-06-14,20.85,55.95,,15.18,,,1.04,5.73,21.73,,,,53.9,,2021,6,0,Monsoon,61.2,56.0
Bengaluru,2021-06-15,20.94,61.51,,15.7,,,1.83,4.59,26.43,,,,44.2,,2021,6,1,Monsoon,53.9,57.4
Bengaluru,2021-06-16,23.14,56.53,,17.41,,,1.54,5.03,22.53,,,,41.3,,2021,6,2,Monsoon,44.2,53.1
Bengaluru,2021-06-17,20.38,51.17,,17.88,,,1.73,4.69,27.29,,,,38.6,,2021,6,3,Monsoon,41.3,46.5
Bengaluru,2021-06-18,21.6,56.29,,19.24,,,1.87,4.95,27.16,,,,33.5,,2021,6,4,Monsoon,38.6,41.3
Bengaluru,2021-06-19,23.42,60.54,,17.16,,,1.9,4.96,24.22,,,,50.5,,2021,6,5,Monsoon,33.5,37.8
Bengaluru,2021-06-20,28.51,52.48,,14.59,,,1.94,5.12,22.24,,,,60.8,,2021,6,6,Monsoon,50.5,40.9
Bengaluru,2021-06-21,22.77,58.39,,14.98,,,2.5,6.25,19.87,,,,53.1,,2021,6,0,Monsoon,60.8,48.3
Bengaluru,2021-06-22,24.77,55.25,,16.34,,,1.31,5.94,20.74,,,,46.2,,2021,6,1,Monsoon,53.1,54.8
Bengaluru,2021-06-23,22.54,65.05,,14.84,,,1.19,6.23,20.45,,,,57.5,,2021,6,2,Monsoon,46.2,53.4
Bengaluru,2021-06-24,23.27,65.77,,18.24,,,0.98,5.7,17.68,,,,51.6,,2021,6,3,Monsoon,57.5,52.3
Bengaluru,2021-06-25,30.55,70.6,,15.89,,,1.28,4.75,21.12,,,,60.7,,2021,6,4,Monsoon,51.6,51.8
Bengaluru,2021-06-26,26.31,63.29,,17.13,,,0.36,4.85,20.23,,,,52.4,,2021,6,5,Monsoon,60.7,56.6
Bengaluru,2021-06-27,24.67,78.65,,18.01,,,1.01,4.67,21.94,,,,63.1,,2021,6,6,Monsoon,52.4,54.9
Bengaluru,2021-06-28,25.35,84.22,,16.17,,,0.74,5.19,23.91,,,,60.8,,2021,6,0,Monsoon,63.1,58.8
Bengaluru,2021-06-29,23.12,72.64,,19.12,,,0.43,5.8,23.59,,,,57.0,,2021,6,1,Monsoon,60.8,58.8
Bengaluru,2021-06-30,19.47,65.61,,18.51,,,0.9,7.13,18.78,,,,53.3,,2021,6,2,Monsoon,57.0,60.3
Bengaluru,2021-07-01,28.78,77.51,,15.14,,,3.87,5.35,21.62,,,,52.9,,2021,7,3,Monsoon,53.3,57.0
Bengaluru,2021-07-02,31.22,58.53,,16.78,,,4.64,5.39,18.74,,,,65.9,,2021,7,4,Monsoon,52.9,54.4
Bengaluru,2021-07-03,21.31,60.7,,15.13,,,2.69,4.88,21.83,,,,68.2,,2021,7,5,Monsoon,65.9,57.4
Bengaluru,2021-07-04,19.99,60.88,,12.72,,,2.59,4.6,30.47,,,,54.0,,2021,7,6,Monsoon,68.2,62.3
Bengaluru,2021-07-05,32.39,68.26,,15.88,,,3.12,5.68,29.21,,,,56.5,,2021,7,0,Monsoon,54.0,62.7
Bengaluru,2021-07-06,38.67,73.63,,15.74,,,2.76,4.71,24.4,,,,59.9,,2021,7,1,Monsoon,56.5,59.6
Bengaluru,2021-07-07,42.86,68.32,,17.06,,,3.82,4.83,16.39,,,,58.6,,2021,7,2,Monsoon,59.9,56.8
Bengaluru,2021-07-08,37.98,74.25,,16.84,,,4.23,3.85,16.61,,,,56.1,,2021,7,3,Monsoon,58.6,58.3
Bengaluru,2021-07-09,28.62,70.27,,16.42,,,4.83,3.04,23.19,,,,73.6,,2021,7,4,Monsoon,56.1,58.2
Bengaluru,2021-07-10,18.05,65.75,,17.04,,,4.87,3.9,20.06,,,,79.9,,2021,7,5,Monsoon,73.6,62.8
Bengaluru,2021-07-11,22.99,72.18,,19.15,,,4.17,4.56,25.24,,,,81.2,,2021,7,6,Monsoon,79.9,69.9
Bengaluru,2021-07-12,17.13,77.91,,21.07,,,3.1,4.45,25.51,,,,80.5,,2021,7,0,Monsoon,81.2,78.3
Bengaluru,2021-07-13,21.15,75.45,,24.73,,,3.23,5.21,27.85,,,,67.2,,2021,7,1,Monsoon,80.5,80.6
Bengaluru,2021-07-14,25.25,82.33,,22.48,,,2.28,4.66,22.53,,,,63.7,,2021,7,2,Monsoon,67.2,76.3
Bengaluru,2021-07-15,22.23,68.62,,21.58,,,1.34,5.25,27.86,,,,67.0,,2021,7,3,Monsoon,63.7,70.5
Bengaluru,2021-07-16,30.64,63.94,,23.02,,,2.95,4.56,26.79,,,,67.6,,2021,7,4,Monsoon,67.0,66.0
Bengaluru,2021-07-17,19.08,57.71,,22.78,,,3.39,4.04,20.26,,,,71.8,,2021,7,5,Monsoon,67.6,66.1
Bengaluru,2021-07-18,11.15,61.84,,22.7,,,3.82,3.84,21.5,,,,66.3,,2021,7,6,Monsoon,71.8,68.8
Bengaluru,2021-07-19,8.34,52.15,,22.53,,,3.58,3.38,21.19,,,,71.0,,2021,7,0,Monsoon,66.3,68.6
Bengaluru,2021-07-20,11.74,55.09,,23.34,,,3.7,4.11,23.45,,,,56.9,,2021,7,1,Monsoon,71.0,69.7
Bengaluru,2021-07-21,21.79,62.33,,19.65,,,3.34,4.28,22.89,,,,60.9,,2021,7,2,Monsoon,56.9,64.7
Bengaluru,2021-07-22,33.32,69.68,,16.54,,,4.79,4.85,24.28,,,,79.7,,2021,7,3,Monsoon,60.9,62.9
Bengaluru,2021-07-23,45.12,74.14,,18.29,,,4.27,5.46,23.97,,,,75.8,,2021,7,4,Monsoon,79.7,65.9
Bengaluru,2021-07-24,48.78,64.77,,21.96,,,1.95,5.41,24.27,,,,57.9,,2021,7,5,Monsoon,75.8,72.1
Bengaluru,2021-07-25,44.21,68.32,,19.22,,,4.58,5.18,21.52,,,,59.3,,2021,7,6,Monsoon,57.9,71.2
Bengaluru,2021-07-26,48.27,78.56,,19.44,,,5.61,5.65,19.59,,,,72.1,,2021,7,0,Monsoon,59.3,64.3
Bengaluru,2021-07-27,49.04,83.64,,20.93,,,7.08,4.93,19.05,,,,91.5,,2021,7,1,Monsoon,72.1,63.1
Bengaluru,2021-07-28,42.97,86.21,,22.6,,,6.15,5.16,20.63,,,,103.7,,2021,7,2,Monsoon,91.5,74.3
Bengaluru,2021-07-29,17.76,77.41,,22.2,,,5.46,4.46,20.82,,,,115.6,,2021,7,3,Monsoon,103.7,89.1
Bengaluru,2021-07-30,31.75,70.74,,21.0,,,3.97,4.6,22.29,,,,91.9,,2021,7,4,Monsoon,115.6,103.6
Bengaluru,2021-07-31,20.14,70.71,,21.55,,,4.59,4.14,19.81,,,,90.2,,2021,7,5,Monsoon,91.9,103.7
Bengaluru,2021-08-01,22.98,65.92,,21.12,,,3.89,3.9,17.92,,,,76.1,,2021,8,6,Monsoon,90.2,99.2
Bengaluru,2021-08-02,21.95,57.36,,19.87,,,3.42,3.97,17.09,,,,69.8,,2021,8,0,Monsoon,76.1,86.1
Bengaluru,2021-08-03,23.57,63.3,,18.81,,,1.25,3.6,15.95,,,,61.9,,2021,8,1,Monsoon,69.8,78.7
Bengaluru,2021-08-04,20.26,56.86,,18.43,,,3.71,3.98,15.04,,,,60.5,,2021,8,2,Monsoon,61.9,69.3
Bengaluru,2021-08-05,17.56,58.67,,17.54,,,0.0,4.4,14.93,,,,59.8,,2021,8,3,Monsoon,60.5,64.1
Bengaluru,2021-08-06,19.69,72.77,,18.91,,,1.27,3.97,11.42,,,,61.5,,2021,8,4,Monsoon,59.8,60.7
Bengaluru,2021-08-07,16.91,71.76,,17.78,,,0.69,3.96,17.18,,,,60.1,,2021,8,5,Monsoon,61.5,60.6
Bengaluru,2021-08-08,24.42,70.62,,18.72,,,2.76,4.17,12.04,,,,59.3,,2021,8,6,Monsoon,60.1,60.5
Bengaluru,2021-08-09,26.46,67.53,,16.84,,,7.32,4.25,16.87,,,,87.8,,2021,8,0,Monsoon,59.3,60.3
Bengaluru,2021-08-10,28.15,64.02,,15.13,,,9.95,3.91,16.33,,,,122.4,,2021,8,1,Monsoon,87.8,69.1
Bengaluru,2021-08-11,24.88,72.51,,19.4,,,7.59,5.08,17.36,,,,115.9,,2021,8,2,Monsoon,122.4,89.8
Bengaluru,2021-08-12,28.97,63.45,,19.9,,,5.03,4.37,15.28,,,,100.9,,2021,8,3,Monsoon,115.9,108.7
Bengaluru,2021-08-13,24.58,60.51,,21.22,,,5.29,3.91,18.91,,,,94.5,,2021,8,4,Monsoon,100.9,113.1
Bengaluru,2021-08-14,20.48,58.35,,22.08,,,3.55,4.06,19.01,,,,73.5,,2021,8,5,Monsoon,94.5,103.8
Bengaluru,2021-08-15,22.72,59.98,,20.24,,,1.58,3.7,19.19,,,,75.5,,2021,8,6,Monsoon,73.5,89.6
Bengaluru,2021-08-16,20.17,63.02,,16.72,,,2.45,3.7,16.3,,,,60.5,,2021,8,0,Monsoon,75.5,81.2
Bengaluru,2021-08-17,18.41,64.21,,17.5,,,0.0,2.98,15.15,,,,63.1,,2021,8,1,Monsoon,60.5,69.8
Bengaluru,2021-08-18,9.99,61.23,,17.47,,,0.58,4.11,16.8,,,,61.0,,2021,8,2,Monsoon,63.1,66.4
Bengaluru,2021-08-19,6.67,65.31,,18.64,,,11.17,4.45,11.89,,,,130.8,,2021,8,3,Monsoon,61.0,61.5
Bengaluru,2021-08-20,10.96,65.67,,18.98,,,7.4,4.26,14.55,,,,119.6,,2021,8,4,Monsoon,130.8,85.0
Bengaluru,2021-08-21,16.77,60.83,,16.89,,,9.16,4.0,13.7,,,,140.6,,2021,8,5,Monsoon,119.6,103.8
Bengaluru,2021-08-22,15.37,63.25,,18.47,,,6.91,4.85,16.07,,,,134.9,,2021,8,6,Monsoon,140.6,130.4
Bengaluru,2021-08-23,22.15,59.56,,20.15,,,5.84,4.63,16.69,,,,125.0,,2021,8,0,Monsoon,134.9,131.7
Bengaluru,2021-08-24,21.62,61.6,,22.58,,,7.35,5.0,15.77,,,,120.8,,2021,8,1,Monsoon,125.0,133.5
Bengaluru,2021-08-25,25.03,66.05,,24.0,,,5.72,4.54,12.3,,,,110.5,,2021,8,2,Monsoon,120.8,126.9
Bengaluru,2021-08-26,27.38,62.59,,23.57,,,5.98,4.42,11.24,,,,110.1,,2021,8,3,Monsoon,110.5,118.8
Bengaluru,2021-08-27,14.97,61.66,,19.62,,,7.22,4.97,14.46,,,,130.2,,2021,8,4,Monsoon,110.1,113.8
Bengaluru,2021-08-28,13.43,68.48,,20.64,,,8.76,4.56,12.26,,,,134.6,,2021,8,5,Monsoon,130.2,116.9
Bengaluru,2021-08-29,13.62,62.11,,18.09,,,6.45,4.94,14.37,,,,122.6,,2021,8,6,Monsoon,134.6,124.9
Bengaluru,2021-08-30,10.12,63.52,,15.61,,,2.45,4.74,20.18,,,,103.7,,2021,8,0,Monsoon,122.6,129.1
Bengaluru,2021-08-31,14.58,69.14,,15.72,,,3.56,4.88,19.78,,,,98.1,,2021,8,1,Monsoon,103.7,120.3
Bengaluru,2021-09-01,21.33,70.38,,15.19,,,2.82,4.44,20.59,,,,75.1,,2021,9,2,Monsoon,98.1,108.1
Bengaluru,2021-09-02,32.81,76.85,,19.97,,,2.25,4.64,18.75,,,,73.4,,2021,9,3,Monsoon,75.1,92.3
Bengaluru,2021-09-03,31.17,68.32,,22.47,,,0.27,4.67,17.77,,,,65.3,,2021,9,4,Monsoon,73.4,82.2
Bengaluru,2021-09-04,36.29,69.15,,19.6,,,0.0,4.84,20.9,,,,60.3,,2021,9,5,Monsoon,65.3,71.3
Bengaluru,2021-09-05,31.25,73.24,,17.85,,,0.02,4.08,22.84,,,,50.4,,2021,9,6,Monsoon,60.3,66.3
Bengaluru,2021-09-06,17.11,69.63,,21.59,,,0.19,4.93,21.44,,,,64.5,,2021,9,0,Monsoon,50.4,58.7
Bengaluru,2021-09-07,11.98,67.57,,23.19,,,0.26,5.13,21.53,,,,43.1,,2021,9,1,Monsoon,64.5,58.4
Bengaluru,2021-09-08,13.77,70.11,,21.58,,,1.21,5.08,20.74,,,,52.5,,2021,9,2,Monsoon,43.1,52.7
Bengaluru,2021-09-09,13.64,68.72,,24.14,,,0.85,5.1,21.5,,,,61.9,,2021,9,3,Monsoon,52.5,53.4
Bengaluru,2021-09-10,8.97,74.12,,23.66,,,2.31,5.23,18.4,,,,58.2,,2021,9,4,Monsoon,61.9,52.5
Bengaluru,2021-09-11,12.67,66.74,,27.35,,,1.54,4.58,19.34,,,,49.3,,2021,9,5,Monsoon,58.2,57.5
Bengaluru,2021-09-12,14.62,67.02,,25.05,,,1.07,4.52,16.07,,,,56.3,,2021,9,6,Monsoon,49.3,56.5
Bengaluru,2021-09-13,25.67,67.75,,25.52,,,0.11,4.98,21.8,,,,59.8,,2021,9,0,Monsoon,56.3,54.6
Bengaluru,2021-09-14,32.34,64.75,,29.45,,,1.22,5.31,22.21,,,,57.2,,2021,9,1,Monsoon,59.8,55.1
Bengaluru,2021-09-15,34.85,66.84,,23.41,,,1.23,4.66,22.65,,,,57.9,,2021,9,2,Monsoon,57.2,57.8
Bengaluru,2021-09-16,36.56,58.54,,24.27,,,2.14,3.91,22.03,,,,60.0,,2021,9,3,Monsoon,57.9,58.3
Bengaluru,2021-09-17,28.87,68.06,,26.87,,,1.89,4.53,23.14,,,,54.9,,2021,9,4,Monsoon,60.0,58.4
Bengaluru,2021-09-18,30.44,74.03,,27.93,,,2.14,4.19,19.04,,,,64.2,,2021,9,5,Monsoon,54.9,57.6
Bengaluru,2021-09-19,29.75,61.66,,23.55,,,1.67,4.17,16.57,,,,63.8,,2021,9,6,Monsoon,64.2,59.7
Bengaluru,2021-09-20,29.16,63.28,,22.32,,,3.28,4.92,17.2,,,,57.0,,2021,9,0,Monsoon,63.8,60.9
Bengaluru,2021-09-21,29.79,63.58,,22.92,,,0.94,5.26,21.66,,,,57.7,,2021,9,1,Monsoon,57.0,61.7
Bengaluru,2021-09-22,26.38,65.02,,23.54,,,2.65,4.34,21.69,,,,61.6,,2021,9,2,Monsoon,57.7,59.5
Bengaluru,2021-09-23,29.93,61.65,,25.11,,,3.14,4.41,16.82,,,,58.7,,2021,9,3,Monsoon,61.6,58.7
Bengaluru,2021-09-24,25.66,66.17,,26.12,,,1.99,4.26,18.2,,,,51.9,,2021,9,4,Monsoon,58.7,59.3
Bengaluru,2021-09-25,28.3,63.48,,18.41,,,0.88,4.18,15.07,,,,44.1,,2021,9,5,Monsoon,51.9,57.4
Bengaluru,2021-09-26,26.91,69.57,,20.71,,,1.57,4.02,15.68,,,,45.9,,2021,9,6,Monsoon,44.1,51.6
Bengaluru,2021-09-27,21.38,61.24,,21.3,,,1.55,4.4,16.77,,,,42.0,,2021,9,0,Monsoon,45.9,47.3
Bengaluru,2021-09-28,25.22,57.83,,24.34,,,0.91,4.12,15.11,,,,42.0,,2021,9,1,Monsoon,42.0,44.0
Bengaluru,2021-09-29,29.27,64.07,,26.77,,,0.16,4.64,16.59,,,,42.0,,2021,9,2,Monsoon,42.0,43.3
Bengaluru,2021-09-30,33.41,60.22,,28.16,,,2.46,5.15,17.38,,,,52.6,,2021,9,3,Monsoon,42.0,42.0
Bengaluru,2021-10-01,46.33,63.53,,25.56,,,2.17,4.27,14.93,,,,56.4,,2021,10,4,Post-Monsoon,52.6,45.6
Bengaluru,2021-10-02,44.35,71.8,,27.63,,,2.09,4.52,15.06,,,,55.0,,2021,10,5,Post-Monsoon,56.4,50.3
Bengaluru,2021-10-03,36.95,84.09,,30.1,,,2.01,4.79,14.56,,,,76.6,,2021,10,6,Post-Monsoon,55.0,54.7
Bengaluru,2021-10-04,44.79,93.55,,34.66,,,1.58,4.14,16.05,,,,85.4,,2021,10,0,Post-Monsoon,76.6,62.7
Bengaluru,2021-10-05,36.88,99.93,,36.66,,,1.5,4.8,16.37,,,,80.5,,2021,10,1,Post-Monsoon,85.4,72.4
Bengaluru,2021-10-06,43.36,104.32,,34.62,,,0.89,4.71,16.37,,,,101.1,,2021,10,2,Post-Monsoon,80.5,80.8
Bengaluru,2021-10-07,34.78,100.84,,35.77,,,1.03,4.28,21.53,,,,97.1,,2021,10,3,Post-Monsoon,101.1,89.0
Bengaluru,2021-10-08,50.19,78.66,,36.63,,,1.25,4.49,23.61,,,,82.5,,2021,10,4,Post-Monsoon,97.1,92.9
Bengaluru,2021-10-09,45.81,59.73,,35.25,,,1.34,4.7,25.87,,,,79.9,,2021,10,5,Post-Monsoon,82.5,93.6
Bengaluru,2021-10-10,42.55,57.9,,31.24,,,1.58,5.24,24.0,,,,73.9,,2021,10,6,Post-Monsoon,79.9,86.5
Bengaluru,2021-10-11,36.15,81.21,,32.76,,,1.22,6.08,23.11,,,,75.4,,2021,10,0,Post-Monsoon,73.9,78.8
Bengaluru,2021-10-12,39.84,81.48,,30.11,,,1.37,6.14,21.14,,,,85.4,,2021,10,1,Post-Monsoon,75.4,76.4
Bengaluru,2021-10-13,44.89,85.41,,30.64,,,1.09,6.03,22.3,,,,64.8,,2021,10,2,Post-Monsoon,85.4,78.2
Bengaluru,2021-10-14,46.69,69.77,,34.36,,,1.06,5.55,21.36,,,,64.6,,2021,10,3,Post-Monsoon,64.8,75.2
Bengaluru,2021-10-15,50.59,49.68,,36.24,,,0.8,5.55,19.6,,,,82.5,,2021,10,4,Post-Monsoon,64.6,71.6
Bengaluru,2021-10-16,40.13,48.45,,36.26,,,0.67,5.41,21.1,,,,65.4,,2021,10,5,Post-Monsoon,82.5,70.6
Bengaluru,2021-10-17,43.68,71.4,,34.84,,,1.22,5.32,21.51,,,,56.0,,2021,10,6,Post-Monsoon,65.4,70.8
Bengaluru,2021-10-18,43.74,99.78,,31.12,,,1.3,5.08,22.32,,,,61.7,,2021,10,0,Post-Monsoon,56.0,68.0
Bengaluru,2021-10-19,47.18,120.73,,31.58,,,0.88,4.68,23.65,,,,89.3,,2021,10,1,Post-Monsoon,61.7,61.0
Bengaluru,2021-10-20,46.14,109.45,,30.01,,,1.17,4.33,26.2,,,,80.6,,2021,10,2,Post-Monsoon,89.3,69.0
Bengaluru,2021-10-21,51.11,108.3,,33.7,,,0.84,3.99,25.13,,,,91.4,,2021,10,3,Post-Monsoon,80.6,77.2
Bengaluru,2021-10-22,55.38,108.97,,32.21,,,1.24,3.91,22.33,,,,107.1,,2021,10,4,Post-Monsoon,91.4,87.1
Bengaluru,2021-10-23,46.59,116.41,,32.56,,,1.05,4.12,21.44,,,,109.6,,2021,10,5,Post-Monsoon,107.1,93.0
Bengaluru,2021-10-24,42.7,97.82,,30.78,,,0.55,4.36,22.92,,,,93.1,,2021,10,6,Post-Monsoon,109.6,102.7
Bengaluru,2021-10-25,34.99,76.5,,26.65,,,0.59,4.0,28.4,,,,79.2,,2021,10,0,Post-Monsoon,93.1,103.3
Bengaluru,2021-10-26,36.72,85.02,,28.51,,,0.5,4.35,30.67,,,,92.6,,2021,10,1,Post-Monsoon,79.2,94.0
Bengaluru,2021-10-27,28.43,75.29,,28.75,,,0.85,4.17,26.54,,,,100.0,,2021,10,2,Post-Monsoon,92.6,88.3
Bengaluru,2021-10-28,37.57,82.22,,32.0,,,0.82,5.0,23.63,,,,90.2,,2021,10,3,Post-Monsoon,100.0,90.6
Bengaluru,2021-10-29,41.85,85.94,,27.95,,,0.92,4.67,23.65,,,,100.8,,2021,10,4,Post-Monsoon,90.2,94.3
Bengaluru,2021-10-30,32.22,89.8,,31.7,,,0.87,5.72,24.43,,,,97.4,,2021,10,5,Post-Monsoon,100.8,97.0
Bengaluru,2021-10-31,33.96,85.84,,31.65,,,1.1,4.2,24.01,,,,87.6,,2021,10,6,Post-Monsoon,97.4,96.2
Bengaluru,2021-11-01,48.0,78.92,,30.14,,,1.0,5.24,24.16,,,,80.2,,2021,11,0,Post-Monsoon,87.6,95.3
Bengaluru,2021-11-02,50.23,83.1,,27.12,,,0.97,4.83,25.96,,,,81.6,,2021,11,1,Post-Monsoon,80.2,88.4
Bengaluru,2021-11-03,49.26,66.32,,30.56,,,1.18,4.91,29.02,,,,87.4,,2021,11,2,Post-Monsoon,81.6,83.1
Bengaluru,2021-11-04,48.9,86.1,,31.55,,,1.41,4.81,32.61,,,,88.0,,2021,11,3,Post-Monsoon,87.4,83.0
Bengaluru,2021-11-05,38.71,73.06,,31.67,,,1.24,4.84,32.25,,,,91.8,,2021,11,4,Post-Monsoon,88.0,85.7
Bengaluru,2021-11-06,42.22,63.65,,29.98,,,1.11,4.33,29.16,,,,76.6,,2021,11,5,Post-Monsoon,91.8,89.1
Bengaluru,2021-11-07,33.35,67.5,,27.86,,,1.32,3.09,32.58,,,,67.2,,2021,11,6,Post-Monsoon,76.6,85.5
Bengaluru,2021-11-08,36.0,62.12,,32.49,,,1.26,4.47,35.41,,,,64.1,,2021,11,0,Post-Monsoon,67.2,78.6
Bengaluru,2021-11-09,29.98,66.09,,31.91,,,1.18,4.37,33.23,,,,61.6,,2021,11,1,Post-Monsoon,64.1,69.3
Bengaluru,2021-11-10,34.0,62.29,,29.59,,,1.27,3.95,24.54,,,,68.6,,2021,11,2,Post-Monsoon,61.6,64.3
Bengaluru,2021-11-11,44.25,67.28,,23.75,,,1.2,4.07,22.84,,,,63.6,,2021,11,3,Post-Monsoon,68.6,64.8
Bengaluru,2021-11-12,51.73,80.03,,23.81,,,1.13,3.63,24.62,,,,73.2,,2021,11,4,Post-Monsoon,63.6,64.6
Bengaluru,2021-11-13,43.65,84.43,,29.57,,,1.09,4.23,25.04,,,,71.4,,2021,11,5,Post-Monsoon,73.2,68.5
Bengaluru,2021-11-14,48.2,76.09,,28.98,,,1.0,4.29,21.02,,,,74.4,,2021,11,6,Post-Monsoon,71.4,69.4
Bengaluru,2021-11-15,45.2,84.14,,28.1,,,0.94,4.97,30.38,,,,60.9,,2021,11,0,Post-Monsoon,74.4,73.0
Bengaluru,2021-11-16,46.09,89.13,,26.93,,,1.14,5.07,22.28,,,,72.7,,2021,11,1,Post-Monsoon,60.9,68.9
Bengaluru,2021-11-17,29.92,78.2,,31.74,,,1.0,4.7,24.31,,,,88.3,,2021,11,2,Post-Monsoon,72.7,69.3
Bengaluru,2021-11-18,23.19,70.26,,34.56,,,1.02,5.5,21.87,,,,95.0,,2021,11,3,Post-Monsoon,88.3,74.0
Bengaluru,2021-11-19,38.41,82.1,,31.09,,,1.03,5.21,25.95,,,,98.2,,2021,11,4,Post-Monsoon,95.0,85.3
Bengaluru,2021-11-20,43.08,70.16,,33.02,,,1.11,5.05,31.86,,,,75.9,,2021,11,5,Post-Monsoon,98.2,93.8
Bengaluru,2021-11-21,40.88,67.76,,27.52,,,1.36,4.95,23.76,,,,69.8,,2021,11,6,Post-Monsoon,75.9,89.7
Bengaluru,2021-11-22,44.45,75.01,,28.12,,,1.3,4.32,23.25,,,,51.4,,2021,11,0,Post-Monsoon,69.8,81.3
Bengaluru,2021-11-23,49.94,87.94,,28.89,,,1.36,4.57,26.46,,,,69.7,,2021,11,1,Post-Monsoon,51.4,65.7
Bengaluru,2021-11-24,44.98,99.83,,30.0,,,1.12,4.71,28.78,,,,71.1,,2021,11,2,Post-Monsoon,69.7,63.6
Bengaluru,2021-11-25,39.81,86.63,,27.55,,,1.27,5.62,36.18,,,,64.1,,2021,11,3,Post-Monsoon,71.1,64.1
Bengaluru,2021-11-26,40.5,73.35,,26.8,,,1.36,4.92,32.62,,,,73.4,,2021,11,4,Post-Monsoon,64.1,68.3
Bengaluru,2021-11-27,42.86,97.71,,23.68,,,1.37,5.26,27.39,,,,87.3,,2021,11,5,Post-Monsoon,73.4,69.5
Bengaluru,2021-11-28,42.86,88.66,,23.15,,,1.48,4.64,27.5,,,,90.5,,2021,11,6,Post-Monsoon,87.3,74.9
Bengaluru,2021-11-29,37.56,79.72,,28.02,,,1.3,4.1,28.54,,,,83.9,,2021,11,0,Post-Monsoon,90.5,83.7
Bengaluru,2021-11-30,37.61,85.47,,30.3,,,1.12,4.63,28.06,,,,90.7,,2021,11,1,Post-Monsoon,83.9,87.2
Bengaluru,2021-12-01,47.79,76.6,,34.88,,,1.11,4.16,36.97,,,,75.5,,2021,12,2,Winter,90.7,88.4
Bengaluru,2021-12-02,42.51,87.72,,30.13,,,1.17,4.35,31.31,,,,75.0,,2021,12,3,Winter,75.5,83.4
Bengaluru,2021-12-03,49.94,92.24,,34.43,,,1.18,4.59,29.94,,,,81.9,,2021,12,4,Winter,75.0,80.4
Bengaluru,2021-12-04,44.86,87.85,,30.99,,,1.03,4.71,23.76,,,,82.8,,2021,12,5,Winter,81.9,77.4
Bengaluru,2021-12-05,46.44,92.63,,31.04,,,1.08,4.96,26.79,,,,76.4,,2021,12,6,Winter,82.8,79.9
Bengaluru,2021-12-06,48.4,94.98,,33.96,,,1.1,4.33,37.56,,,,77.2,,2021,12,0,Winter,76.4,80.4
Bengaluru,2021-12-07,43.64,96.58,,37.1,,,0.96,5.16,37.87,,,,85.8,,2021,12,1,Winter,77.2,78.8
Bengaluru,2021-12-08,44.58,97.35,,42.07,,,0.89,5.57,38.47,,,,86.0,,2021,12,2,Winter,85.8,79.8
Bengaluru,2021-12-09,46.67,95.75,,40.48,,,0.95,5.96,30.1,,,,82.9,,2021,12,3,Winter,86.0,83.0
Bengaluru,2021-12-10,48.75,103.84,,42.53,,,1.26,5.45,30.91,,,,97.3,,2021,12,4,Winter,82.9,84.9
Bengaluru,2021-12-11,46.46,101.05,,43.72,,,1.28,5.74,33.37,,,,92.3,,2021,12,5,Winter,97.3,88.8
Bengaluru,2021-12-12,42.08,97.66,,44.88,,,1.29,5.39,37.59,,,,83.2,,2021,12,6,Winter,92.3,90.8
Bengaluru,2021-12-13,38.78,94.26,,44.18,,,1.36,5.2,36.5,,,,84.2,,2021,12,0,Winter,83.2,90.9
Bengaluru,2021-12-14,32.51,82.76,,43.62,,,1.37,4.46,33.16,,,,106.2,,2021,12,1,Winter,84.2,86.5
Bengaluru,2021-12-15,54.21,84.25,,41.67,,,1.45,5.17,24.3,,,,82.0,,2021,12,2,Winter,106.2,91.2
Bengaluru,2021-12-16,48.14,91.26,,42.86,,,1.2,5.66,15.48,,,,88.9,,2021,12,3,Winter,82.0,90.8
Bengaluru,2021-12-17,42.78,75.25,,42.21,,,1.15,5.87,18.14,,,,79.2,,2021,12,4,Winter,88.9,92.4
Bengaluru,2021-12-18,41.07,67.6,,37.17,,,1.13,5.75,21.89,,,,64.2,,2021,12,5,Winter,79.2,83.3
Bengaluru,2021-12-19,41.26,56.07,,37.54,,,0.93,6.02,20.92,,,,65.9,,2021,12,6,Winter,64.2,77.4
Bengaluru,2021-12-20,52.63,64.79,,35.33,,,0.99,5.06,32.97,,,,73.3,,2021,12,0,Winter,65.9,69.7
Bengaluru,2021-12-21,51.25,76.55,,36.67,,,1.11,4.87,32.6,,,,74.9,,2021,12,1,Winter,73.3,67.8
Bengaluru,2021-12-22,43.79,91.95,,40.3,,,1.21,4.85,29.09,,,,71.8,,2021,12,2,Winter,74.9,71.4
Bengaluru,2021-12-23,40.42,77.66,,41.87,,,1.04,4.35,19.68,,,,70.3,,2021,12,3,Winter,71.8,73.3
Bengaluru,2021-12-24,42.43,79.79,,36.72,,,1.1,4.28,20.45,,,,73.5,,2021,12,4,Winter,70.3,72.3
Bengaluru,2021-12-25,37.3,82.63,,41.84,,,1.02,4.74,23.79,,,,71.9,,2021,12,5,Winter,73.5,71.9
Bengaluru,2021-12-26,40.11,80.48,,39.18,,,0.91,4.9,20.21,,,,61.0,,2021,12,6,Winter,71.9,71.9
Bengaluru,2021-12-27,32.25,74.58,,39.87,,,1.03,4.74,23.44,,,,47.7,,2021,12,0,Winter,61.0,68.8
Bengaluru,2021-12-28,42.66,86.78,,35.61,,,0.96,5.13,25.83,,,,49.7,,2021,12,1,Winter,47.7,60.2
Bengaluru,2021-12-29,32.58,85.27,,36.4,,,0.88,5.08,25.13,,,,62.7,,2021,12,2,Winter,49.7,52.8
Bengaluru,2021-12-30,38.06,88.76,,34.68,,,0.83,5.64,28.69,,,,79.0,,2021,12,3,Winter,62.7,53.4
Bengaluru,2021-12-31,45.24,87.98,,34.14,,,0.77,5.95,24.41,,,,75.9,,2021,12,4,Winter,79.0,63.8
Bengaluru,2022-01-01,49.75,92.61,,32.63,,,0.7,5.82,27.28,,,,86.7,,2022,1,5,Winter,75.9,72.5
Bengaluru,2022-01-02,41.62,104.16,,37.74,,,0.7,7.15,31.45,,,,78.1,,2022,1,6,Winter,86.7,80.6
Bengaluru,2022-01-03,41.24,106.76,,43.84,,,0.77,5.99,35.4,,,,74.1,,2022,1,0,Winter,78.1,80.2
Bengaluru,2022-01-04,45.73,99.99,,42.74,,,0.68,5.9,38.57,,,,78.7,,2022,1,1,Winter,74.1,79.6
Bengaluru,2022-01-05,44.56,95.56,,43.78,,,0.92,7.97,44.75,,,,70.5,,2022,1,2,Winter,78.7,77.0
Bengaluru,2022-01-06,46.05,90.11,,38.36,,,1.42,6.89,48.58,,,,76.7,,2022,1,3,Winter,70.5,74.5
Bengaluru,2022-01-07,39.84,92.84,,40.87,,,0.76,7.12,43.49,,,,78.9,,2022,1,4,Winter,76.7,75.3
Bengaluru,2022-01-08,43.27,77.86,,39.74,,,1.17,7.04,45.46,,,,80.0,,2022,1,5,Winter,78.9,75.4
Bengaluru,2022-01-09,39.84,70.12,,38.21,,,1.61,7.85,46.81,,,,76.7,,2022,1,6,Winter,80.0,78.6
Bengaluru,2022-01-10,43.92,77.34,,39.31,,,1.17,9.25,52.65,,,,71.3,,2022,1,0,Winter,76.7,78.6
Bengaluru,2022-01-11,50.58,76.12,,42.45,,,0.74,7.73,50.71,,,,81.2,,2022,1,1,Winter,71.3,76.0
Bengaluru,2022-01-12,45.71,74.69,,42.2,,,1.09,7.4,52.45,,,,75.7,,2022,1,2,Winter,81.2,76.4
Bengaluru,2022-01-13,53.99,85.73,,41.16,,,1.06,5.64,48.29,,,,85.5,,2022,1,3,Winter,75.7,76.1
Bengaluru,2022-01-14,53.47,83.16,,42.25,,,1.61,6.81,50.62,,,,89.5,,2022,1,4,Winter,85.5,80.8
Bengaluru,2022-01-15,50.11,89.53,,45.42,,,1.33,5.34,44.06,,,,88.9,,2022,1,5,Winter,89.5,83.5
Bengaluru,2022-01-16,52.89,86.82,,35.14,,,1.56,5.32,45.19,,,,88.5,,2022,1,6,Winter,88.9,88.0
Bengaluru,2022-01-17,49.6,83.17,,39.5,,,2.15,5.08,47.3,,,,78.4,,2022,1,0,Winter,88.5,89.0
Bengaluru,2022-01-18,46.06,89.05,,39.78,,,1.89,6.89,43.32,,,,94.2,,2022,1,1,Winter,78.4,85.3
Bengaluru,2022-01-19,46.56,98.85,,38.7,,,1.76,7.31,35.96,,,,108.2,,2022,1,2,Winter,94.2,87.1
Bengaluru,2022-01-20,52.15,97.12,,36.33,,,1.61,7.56,40.42,,,,101.4,,2022,1,3,Winter,108.2,93.6
Bengaluru,2022-01-21,52.46,108.82,,40.46,,,1.92,6.32,48.61,,,,125.3,,2022,1,4,Winter,101.4,101.3
Bengaluru,2022-01-22,44.43,105.2,,32.95,,,1.47,6.93,53.85,,,,106.8,,2022,1,5,Winter,125.3,111.6
Bengaluru,2022-01-23,36.82,97.88,,28.44,,,0.69,7.53,49.45,,,,82.7,,2022,1,6,Winter,106.8,111.2
Bengaluru,2022-01-24,38.99,110.68,,34.62,,,0.87,6.48,47.8,,,,93.3,,2022,1,0,Winter,82.7,104.9
Bengaluru,2022-01-25,35.96,111.69,,28.24,,,0.84,6.04,49.26,,,,96.3,,2022,1,1,Winter,93.3,94.3
Bengaluru,2022-01-26,33.83,101.38,,33.94,,,0.79,6.31,45.62,,,,99.9,,2022,1,2,Winter,96.3,90.8
Bengaluru,2022-01-27,36.21,100.91,,44.34,,,0.35,5.12,48.46,,,,90.8,,2022,1,3,Winter,99.9,96.5
Bengaluru,2022-01-28,38.6,95.79,,42.85,,,0.92,7.41,50.63,,,,77.6,,2022,1,4,Winter,90.8,95.7
Bengaluru,2022-01-29,35.31,75.31,,38.83,,,1.16,8.04,46.33,,,,73.5,,2022,1,5,Winter,77.6,89.4
Bengaluru,2022-01-30,35.13,83.15,,41.56,,,1.25,5.86,48.29,,,,70.7,,2022,1,6,Winter,73.5,80.7
Bengaluru,2022-01-31,42.22,109.24,,41.57,,,1.01,6.67,47.72,,,,85.4,,2022,1,0,Winter,70.7,74.0
Bengaluru,2022-02-01,44.15,97.05,,41.33,,,1.52,7.42,49.41,,,,84.3,,2022,2,1,Winter,85.4,76.6
Bengaluru,2022-02-02,47.9,101.51,,36.93,,,0.93,7.08,45.43,,,,88.6,,2022,2,2,Winter,84.3,80.2
Bengaluru,2022-02-03,48.3,90.4,,41.43,,,0.73,7.05,39.95,,,,84.6,,2022,2,3,Winter,88.6,86.1
Bengaluru,2022-02-04,45.22,95.6,,39.15,,,0.8,5.18,40.32,,,,90.2,,2022,2,4,Winter,84.6,85.8
Bengaluru,2022-02-05,40.82,111.05,,30.9,,,0.9,6.18,43.05,,,,94.8,,2022,2,5,Winter,90.2,87.8
Bengaluru,2022-02-06,46.22,101.39,,28.53,,,1.04,6.9,42.79,,,,103.2,,2022,2,6,Winter,94.8,89.9
Bengaluru,2022-02-07,41.23,107.34,,29.93,,,1.3,6.43,38.36,,,,94.3,,2022,2,0,Winter,103.2,96.1
Bengaluru,2022-02-08,48.7,113.99,,32.78,,,1.23,6.39,44.59,,,,96.0,,2022,2,1,Winter,94.3,97.4
Bengaluru,2022-02-09,48.53,120.78,,32.01,,,0.4,7.3,49.51,,,,98.1,,2022,2,2,Winter,96.0,97.9
Bengaluru,2022-02-10,46.28,96.25,,32.69,,,0.44,6.04,47.07,,,,101.2,,2022,2,3,Winter,98.1,96.2
Bengaluru,2022-02-11,46.85,101.26,,30.78,,,2.01,5.33,43.58,,,,110.4,,2022,2,4,Winter,101.2,98.5
Bengaluru,2022-02-12,43.92,98.74,,36.41,,,1.76,6.25,41.19,,,,101.3,,2022,2,5,Winter,110.4,103.2
Bengaluru,2022-02-13,44.63,105.58,,36.15,,,2.72,6.38,42.09,,,,101.3,,2022,2,6,Winter,101.3,104.3
Bengaluru,2022-02-14,38.01,79.31,,38.48,,,2.01,6.11,43.47,,,,88.9,,2022,2,0,Winter,101.3,104.4
Bengaluru,2022-02-15,45.61,88.13,,35.82,,,1.75,6.72,45.26,,,,81.2,,2022,2,1,Winter,88.9,97.2
Bengaluru,2022-02-16,42.55,93.85,,36.89,,,1.54,6.74,38.89,,,,79.1,,2022,2,2,Winter,81.2,90.5
Bengaluru,2022-02-17,47.06,93.93,,36.63,,,1.12,7.12,35.69,,,,80.0,,2022,2,3,Winter,79.1,83.0
Bengaluru,2022-02-18,44.24,87.6,,36.72,,,1.3,7.02,39.5,,,,94.0,,2022,2,4,Winter,80.0,80.1
Bengaluru,2022-02-19,41.78,92.5,,34.47,,,1.0,5.83,38.25,,,,92.6,,2022,2,5,Winter,94.0,84.3
Bengaluru,2022-02-20,52.28,86.2,,33.35,,,1.43,5.62,39.81,,,,97.2,,2022,2,6,Winter,92.6,88.9
Bengaluru,2022-02-21,38.9,69.03,,33.41,,,0.5,6.47,31.61,,,,87.7,,2022,2,0,Winter,97.2,94.6
Bengaluru,2022-02-22,42.21,70.24,,31.66,,,0.97,5.55,33.88,,,,81.9,,2022,2,1,Winter,87.7,92.5
Bengaluru,2022-02-23,30.43,73.25,,30.0,,,0.86,5.46,39.89,,,,60.6,,2022,2,2,Winter,81.9,89.0
Bengaluru,2022-02-24,35.81,88.7,,39.87,,,1.34,5.24,35.51,,,,49.2,,2022,2,3,Winter,60.6,76.8
Bengaluru,2022-02-25,42.91,93.36,,43.79,,,1.78,4.46,44.37,,,,66.5,,2022,2,4,Winter,49.2,63.9
Bengaluru,2022-02-26,43.7,93.67,,35.17,,,1.29,5.74,44.55,,,,61.1,,2022,2,5,Winter,66.5,58.8
Bengaluru,2022-02-27,37.66,107.47,,34.06,,,1.32,6.64,37.18,,,,82.5,,2022,2,6,Winter,61.1,58.9
Bengaluru,2022-02-28,37.66,112.28,,35.78,,,1.54,5.25,46.5,,,,93.9,,2022,2,0,Winter,82.5,70.0
Bengaluru,2022-03-01,39.77,119.53,,34.29,,,0.98,5.28,47.49,,,,107.6,,2022,3,1,Summer,93.9,79.1
Bengaluru,2022-03-02,36.98,127.4,,32.53,,,1.44,4.77,46.21,,,,116.5,,2022,3,2,Summer,107.6,94.7
Bengaluru,2022-03-03,38.08,119.07,,32.91,,,0.56,5.01,42.31,,,,120.2,,2022,3,3,Summer,116.5,106.0
Bengaluru,2022-03-04,39.65,109.45,,28.34,,,0.0,4.49,43.52,,,,106.7,,2022,3,4,Summer,120.2,114.8
Bengaluru,2022-03-05,34.94,104.39,,29.01,,,0.0,5.58,47.65,,,,109.4,,2022,3,5,Summer,106.7,114.5
Bengaluru,2022-03-06,32.89,103.55,,27.31,,,0.97,5.34,48.29,,,,107.0,,2022,3,6,Summer,109.4,112.1
Bengaluru,2022-03-07,34.68,90.67,,27.69,,,0.44,5.84,43.9,,,,97.8,,2022,3,0,Summer,107.0,107.7
Bengaluru,2022-03-08,32.87,88.56,,27.38,,,0.32,4.89,47.53,,,,80.1,,2022,3,1,Summer,97.8,104.7
Bengaluru,2022-03-09,28.4,88.66,,30.18,,,0.43,4.85,47.45,,,,66.0,,2022,3,2,Summer,80.1,95.0
Bengaluru,2022-03-10,36.72,97.9,,29.03,,,0.25,5.42,51.4,,,,76.1,,2022,3,3,Summer,66.0,81.3
Bengaluru,2022-03-11,37.67,100.26,,29.08,,,0.15,5.89,47.0,,,,90.0,,2022,3,4,Summer,76.1,74.1
Bengaluru,2022-03-12,35.65,107.18,,32.95,,,0.74,5.26,41.39,,,,98.6,,2022,3,5,Summer,90.0,77.4
Bengaluru,2022-03-13,38.6,107.81,,29.39,,,1.06,4.23,34.39,,,,95.5,,2022,3,6,Summer,98.6,88.3
Bengaluru,2022-03-14,45.74,108.62,,34.64,,,0.84,5.02,38.85,,,,96.0,,2022,3,0,Summer,95.5,94.7
Bengaluru,2022-03-15,36.85,98.89,,31.54,,,0.98,4.03,40.74,,,,79.8,,2022,3,1,Summer,96.0,96.7
Bengaluru,2022-03-16,41.73,107.56,,31.57,,,1.28,4.23,45.38,,,,89.1,,2022,3,2,Summer,79.8,90.4
Bengaluru,2022-03-17,38.31,109.22,,34.11,,,2.07,4.22,43.96,,,,93.0,,2022,3,3,Summer,89.1,88.3
Bengaluru,2022-03-18,36.9,109.82,,28.13,,,1.33,4.25,45.47,,,,103.3,,2022,3,4,Summer,93.0,87.3
Bengaluru,2022-03-19,41.81,83.76,,33.23,,,0.93,4.53,45.22,,,,93.5,,2022,3,5,Summer,103.3,95.1
Bengaluru,2022-03-20,37.96,90.09,,29.66,,,0.72,4.37,39.21,,,,89.7,,2022,3,6,Summer,93.5,96.6
Bengaluru,2022-03-21,43.42,100.03,,31.89,,,0.67,4.77,44.98,,,,79.0,,2022,3,0,Summer,89.7,95.5
Bengaluru,2022-03-22,39.0,93.09,,34.01,,,1.04,5.33,49.58,,,,73.9,,2022,3,1,Summer,79.0,87.4
Bengaluru,2022-03-23,42.82,96.17,,34.79,,,0.93,5.18,50.62,,,,86.0,,2022,3,2,Summer,73.9,80.9
Bengaluru,2022-03-24,39.86,98.76,,30.35,,,1.1,3.91,51.54,,,,89.2,,2022,3,3,Summer,86.0,79.6
Bengaluru,2022-03-25,31.06,97.82,,24.45,,,0.7,4.98,54.53,,,,96.3,,2022,3,4,Summer,89.2,83.0
Bengaluru,2022-03-26,29.72,87.18,,26.44,,,0.87,4.45,48.75,,,,74.9,,2022,3,5,Summer,96.3,90.5
Bengaluru,2022-03-27,21.71,92.58,,25.37,,,1.22,4.25,51.1,,,,76.1,,2022,3,6,Summer,74.9,86.8
Bengaluru,2022-03-28,27.89,101.51,,23.45,,,1.42,4.64,52.12,,,,66.7,,2022,3,0,Summer,76.1,82.4
Bengaluru,2022-03-29,29.65,94.83,,25.98,,,1.92,5.02,48.45,,,,70.2,,2022,3,1,Summer,66.7,72.6
Bengaluru,2022-03-30,41.05,101.13,,30.66,,,1.21,5.17,42.98,,,,66.1,,2022,3,2,Summer,70.2,71.0
Bengaluru,2022-03-31,45.84,113.3,,35.21,,,1.65,5.55,42.2,,,,71.2,,2022,3,3,Summer,66.1,67.7
Bengaluru,2022-04-01,45.96,109.25,,31.17,,,1.68,5.81,53.13,,,,92.4,,2022,4,4,Summer,71.2,69.2
Bengaluru,2022-04-02,43.74,108.69,,29.07,,,1.84,5.04,45.48,,,,103.0,,2022,4,5,Summer,92.4,76.6
Bengaluru,2022-04-03,35.03,102.35,,23.82,,,1.62,5.48,39.51,,,,102.0,,2022,4,6,Summer,103.0,88.9
Bengaluru,2022-04-04,32.96,107.07,,23.46,,,1.12,5.77,42.14,,,,96.1,,2022,4,0,Summer,102.0,99.1
Bengaluru,2022-04-05,37.61,118.62,,20.92,,,0.28,6.59,40.87,,,,92.7,,2022,4,1,Summer,96.1,100.4
Bengaluru,2022-04-06,31.39,91.38,,22.76,,,0.81,5.93,49.34,,,,90.6,,2022,4,2,Summer,92.7,96.9
Bengaluru,2022-04-07,35.76,89.81,,19.37,,,0.75,6.68,46.82,,,,85.3,,2022,4,3,Summer,90.6,93.1
Bengaluru,2022-04-08,32.03,85.08,,21.56,,,0.58,6.5,47.4,,,,90.4,,2022,4,4,Summer,85.3,89.5
Bengaluru,2022-04-09,34.49,106.08,,24.73,,,0.22,6.98,52.4,,,,92.0,,2022,4,5,Summer,90.4,88.8
Bengaluru,2022-04-10,31.71,99.4,,26.12,,,0.21,6.7,55.54,,,,85.9,,2022,4,6,Summer,92.0,89.2
Bengaluru,2022-04-11,34.12,92.53,,24.33,,,0.16,6.91,65.06,,,,70.3,,2022,4,0,Summer,85.9,89.4
Bengaluru,2022-04-12,32.28,95.24,,25.46,,,0.55,6.24,63.68,,,,74.6,,2022,4,1,Summer,70.3,82.7
Bengaluru,2022-04-13,39.42,102.01,,27.03,,,0.8,5.0,59.28,,,,73.4,,2022,4,2,Summer,74.6,76.9
Bengaluru,2022-04-14,39.73,91.73,,27.42,,,1.71,4.1,53.48,,,,78.8,,2022,4,3,Summer,73.4,72.8
Bengaluru,2022-04-15,41.75,84.69,,28.24,,,2.19,3.37,54.2,,,,73.0,,2022,4,4,Summer,78.8,75.6
Bengaluru,2022-04-16,37.48,92.33,,24.02,,,1.76,3.19,47.24,,,,91.6,,2022,4,5,Summer,73.0,75.1
Bengaluru,2022-04-17,33.59,97.54,,23.56,,,1.58,2.85,52.39,,,,88.6,,2022,4,6,Summer,91.6,81.2
Bengaluru,2022-04-18,39.43,105.44,,25.92,,,1.04,3.27,50.4,,,,92.7,,2022,4,0,Summer,88.6,84.4
Bengaluru,2022-04-19,40.52,76.55,,24.8,,,1.03,4.11,58.5,,,,86.5,,2022,4,1,Summer,92.7,91.0
Bengaluru,2022-04-20,44.42,78.61,,26.78,,,1.69,6.03,52.0,,,,78.2,,2022,4,2,Summer,86.5,89.3
Bengaluru,2022-04-21,40.04,87.46,,27.35,,,1.6,4.98,43.21,,,,89.9,,2022,4,3,Summer,78.2,85.8
Bengaluru,2022-04-22,36.48,88.6,,24.87,,,0.31,6.14,47.37,,,,85.0,,2022,4,4,Summer,89.9,84.9
Bengaluru,2022-04-23,33.41,104.65,,20.96,,,0.78,6.4,54.83,,,,83.3,,2022,4,5,Summer,85.0,84.4
Bengaluru,2022-04-24,30.25,108.36,,22.18,,,0.71,4.42,55.37,,,,95.7,,2022,4,6,Summer,83.3,86.1
Bengaluru,2022-04-25,29.42,70.53,,23.9,,,0.08,3.59,41.39,,,,89.3,,2022,4,0,Summer,95.7,88.0
Bengaluru,2022-04-26,32.27,74.59,,27.49,,,1.21,4.76,39.4,,,,80.2,,2022,4,1,Summer,89.3,89.5
Bengaluru,2022-04-27,26.81,77.19,,25.13,,,1.27,5.52,48.05,,,,81.5,,2022,4,2,Summer,80.2,88.4
Bengaluru,2022-04-28,39.05,77.97,,21.62,,,0.96,5.66,57.91,,,,74.7,,2022,4,3,Summer,81.5,83.7
Bengaluru,2022-04-29,35.62,76.81,,24.09,,,0.82,5.37,65.23,,,,65.6,,2022,4,4,Summer,74.7,78.8
Bengaluru,2022-04-30,34.9,85.54,,18.33,,,0.52,5.63,64.27,,,,62.5,,2022,4,5,Summer,65.6,74.0
Bengaluru,2022-05-01,36.75,82.85,,21.95,,,0.63,5.39,51.01,,,,79.1,,2022,5,6,Summer,62.5,67.6
Bengaluru,2022-05-02,32.84,71.13,,24.5,,,0.15,4.9,39.96,,,,69.2,,2022,5,0,Summer,79.1,69.1
Bengaluru,2022-05-03,32.99,70.57,,26.87,,,0.47,5.18,37.71,,,,71.0,,2022,5,1,Summer,69.2,70.2
Bengaluru,2022-05-04,39.0,69.56,,24.85,,,0.0,4.67,39.67,,,,72.3,,2022,5,2,Summer,71.0,73.1
Bengaluru,2022-05-05,39.88,67.5,,28.24,,,1.31,4.57,38.15,,,,62.8,,2022,5,3,Summer,72.3,70.8
Bengaluru,2022-05-06,40.51,69.12,,27.82,,,1.35,4.76,46.78,,,,72.0,,2022,5,4,Summer,62.8,68.7
Bengaluru,2022-05-07,40.53,66.7,,28.48,,,1.38,4.95,40.72,,,,66.9,,2022,5,5,Summer,72.0,69.0
Bengaluru,2022-05-08,23.54,65.67,,25.17,,,1.4,5.58,33.28,,,,63.4,,2022,5,6,Summer,66.9,67.2
Bengaluru,2022-05-09,22.74,68.29,,25.65,,,0.78,5.83,34.29,,,,51.7,,2022,5,0,Summer,63.4,67.4
Bengaluru,2022-05-10,29.85,70.24,,26.48,,,1.37,5.55,41.16,,,,54.0,,2022,5,1,Summer,51.7,60.7
Bengaluru,2022-05-11,32.01,62.67,,23.6,,,2.33,5.41,38.26,,,,53.1,,2022,5,2,Summer,54.0,56.4
Bengaluru,2022-05-12,31.03,60.78,,24.64,,,3.09,4.58,34.75,,,,59.9,,2022,5,3,Summer,53.1,52.9
Bengaluru,2022-05-13,26.63,66.19,,26.27,,,1.72,4.91,36.1,,,,50.3,,2022,5,4,Summer,59.9,55.7
Bengaluru,2022-05-14,27.25,69.85,,26.95,,,0.8,4.82,37.54,,,,55.5,,2022,5,5,Summer,50.3,54.4
Bengaluru,2022-05-15,18.62,70.87,,25.33,,,0.1,5.31,23.34,,,,61.0,,2022,5,6,Summer,55.5,55.2
Bengaluru,2022-05-16,25.38,59.74,,22.58,,,0.34,6.48,30.59,,,,52.9,,2022,5,0,Summer,61.0,55.6
Bengaluru,2022-05-17,19.37,60.89,,22.58,,,0.65,5.79,33.45,,,,52.5,,2022,5,1,Summer,52.9,56.5
Bengaluru,2022-05-18,19.07,65.25,,18.36,,,1.56,4.57,36.27,,,,54.5,,2022,5,2,Summer,52.5,55.5
Bengaluru,2022-05-19,18.31,61.51,,19.84,,,0.93,3.99,38.68,,,,66.3,,2022,5,3,Summer,54.5,53.3
Bengaluru,2022-05-20,22.07,67.14,,16.67,,,0.47,4.66,38.88,,,,62.0,,2022,5,4,Summer,66.3,57.8
Bengaluru,2022-05-21,31.16,59.98,,20.29,,,0.66,4.51,36.06,,,,52.0,,2022,5,5,Summer,62.0,60.9
Bengaluru,2022-05-22,31.23,59.8,,21.67,,,1.57,4.59,38.62,,,,44.3,,2022,5,6,Summer,52.0,60.1
Bengaluru,2022-05-23,36.1,55.33,,24.12,,,0.0,5.03,37.99,,,,44.5,,2022,5,0,Summer,44.3,52.8
Bengaluru,2022-05-24,32.15,66.4,,22.61,,,0.59,4.65,39.93,,,,49.5,,2022,5,1,Summer,44.5,46.9
Bengaluru,2022-05-25,38.0,69.08,,17.8,,,0.44,4.54,40.37,,,,33.6,,2022,5,2,Summer,49.5,46.1
Bengaluru,2022-05-26,47.84,70.82,,20.51,,,2.74,5.25,42.21,,,,56.4,,2022,5,3,Summer,33.6,42.5
Bengaluru,2022-05-27,43.67,68.25,,20.71,,,1.74,4.79,34.61,,,,59.5,,2022,5,4,Summer,56.4,46.5
Bengaluru,2022-05-28,32.07,66.57,,21.25,,,1.19,4.8,46.2,,,,70.5,,2022,5,5,Summer,59.5,49.8
Bengaluru,2022-05-29,26.45,65.71,,20.17,,,0.15,4.27,43.26,,,,60.5,,2022,5,6,Summer,70.5,62.1
Bengaluru,2022-05-30,33.43,71.18,,25.11,,,1.01,4.14,43.14,,,,58.1,,2022,5,0,Summer,60.5,63.5
Bengaluru,2022-05-31,30.36,78.13,,25.46,,,0.51,4.74,35.74,,,,58.5,,2022,5,1,Summer,58.1,63.1
Bengaluru,2022-06-01,27.14,63.7,,23.22,,,0.33,3.9,33.25,,,,62.8,,2022,6,2,Monsoon,58.5,59.0
Bengaluru,2022-06-02,24.35,54.63,,19.76,,,0.92,4.16,32.47,,,,53.4,,2022,6,3,Monsoon,62.8,59.8
Bengaluru,2022-06-03,20.55,57.04,,17.91,,,1.58,4.25,31.63,,,,53.8,,2022,6,4,Monsoon,53.4,58.2
Bengaluru,2022-06-04,17.15,56.66,,19.89,,,1.98,4.24,31.95,,,,66.0,,2022,6,5,Monsoon,53.8,56.7
Bengaluru,2022-06-05,19.05,58.84,,21.87,,,1.5,4.75,26.57,,,,62.7,,2022,6,6,Monsoon,66.0,57.7
Bengaluru,2022-06-06,16.75,57.12,,23.06,,,2.04,3.59,28.74,,,,54.5,,2022,6,0,Monsoon,62.7,60.8
Bengaluru,2022-06-07,20.03,56.95,,24.1,,,1.21,4.8,28.44,,,,51.6,,2022,6,1,Monsoon,54.5,61.1
Bengaluru,2022-06-08,20.97,52.11,,25.8,,,0.94,5.63,22.07,,,,46.6,,2022,6,2,Monsoon,51.6,56.3
Bengaluru,2022-06-09,22.49,55.22,,25.93,,,1.45,6.01,23.26,,,,36.7,,2022,6,3,Monsoon,46.6,50.9
Bengaluru,2022-06-10,21.84,62.55,,23.44,,,1.27,6.08,19.68,,,,43.6,,2022,6,4,Monsoon,36.7,45.0
Bengaluru,2022-06-11,22.12,54.63,,20.93,,,1.68,5.08,19.09,,,,57.4,,2022,6,5,Monsoon,43.6,42.3
Bengaluru,2022-06-12,25.48,53.2,,17.77,,,0.92,3.72,15.24,,,,64.6,,2022,6,6,Monsoon,57.4,45.9
Bengaluru,2022-06-13,24.59,56.9,,13.87,,,1.4,3.54,18.69,,,,58.1,,2022,6,0,Monsoon,64.6,55.2
Bengaluru,2022-06-14,25.19,67.36,,15.27,,,1.44,4.21,27.7,,,,42.3,,2022,6,1,Monsoon,58.1,60.1
Bengaluru,2022-06-15,25.89,62.84,,17.73,,,1.36,4.19,28.16,,,,72.9,,2022,6,2,Monsoon,42.3,55.0
Bengaluru,2022-06-16,26.67,55.16,,17.38,,,0.62,4.3,25.11,,,,69.5,,2022,6,3,Monsoon,72.9,57.8
Bengaluru,2022-06-17,21.74,62.43,,18.95,,,0.8,4.2,29.33,,,,70.0,,2022,6,4,Monsoon,69.5,61.6
Bengaluru,2022-06-18,21.26,57.26,,18.62,,,0.09,4.13,32.86,,,,63.9,,2022,6,5,Monsoon,70.0,70.8
Bengaluru,2022-06-19,21.97,55.06,,16.81,,,0.0,4.28,35.91,,,,48.3,,2022,6,6,Monsoon,63.9,67.8
Bengaluru,2022-06-20,19.32,52.74,,20.15,,,0.0,4.65,35.24,,,,53.8,,2022,6,0,Monsoon,48.3,60.7
Bengaluru,2022-06-21,21.69,58.71,,24.51,,,0.18,6.24,35.99,,,,56.5,,2022,6,1,Monsoon,53.8,55.3
Bengaluru,2022-06-22,23.13,47.02,,22.28,,,0.89,5.41,34.7,,,,34.2,,2022,6,2,Monsoon,56.5,52.8
Bengaluru,2022-06-23,22.71,57.62,,20.81,,,1.17,5.83,31.52,,,,39.1,,2022,6,3,Monsoon,34.2,48.2
Bengaluru,2022-06-24,19.32,50.0,,21.61,,,1.16,5.66,27.0,,,,39.0,,2022,6,4,Monsoon,39.1,43.3
Bengaluru,2022-06-25,22.4,48.55,,17.56,,,1.08,5.85,24.89,,,,53.8,,2022,6,5,Monsoon,39.0,37.4
Bengaluru,2022-06-26,21.62,51.64,,15.25,,,1.36,5.38,18.42,,,,52.4,,2022,6,6,Monsoon,53.8,44.0
Bengaluru,2022-06-27,22.05,53.63,,18.64,,,1.92,5.56,16.65,,,,51.9,,2022,6,0,Monsoon,52.4,48.4
Bengaluru,2022-06-28,22.28,47.75,,20.69,,,1.69,6.92,20.32,,,,49.0,,2022,6,1,Monsoon,51.9,52.7
Bengaluru,2022-06-29,20.35,39.07,,18.75,,,2.23,5.5,20.71,,,,42.7,,2022,6,2,Monsoon,49.0,51.1
Bengaluru,2022-06-30,23.28,37.94,,17.37,,,2.31,5.48,22.94,,,,44.2,,2022,6,3,Monsoon,42.7,47.8
Bengaluru,2022-07-01,24.27,49.98,,18.71,,,2.54,4.73,19.4,,,,45.5,,2022,7,4,Monsoon,44.2,45.3
Bengaluru,2022-07-02,20.09,68.05,,18.44,,,2.39,3.91,21.81,,,,65.2,,2022,7,5,Monsoon,45.5,44.1
Bengaluru,2022-07-03,16.56,56.5,,20.34,,,1.92,3.38,20.76,,,,58.9,,2022,7,6,Monsoon,65.2,51.6
Bengaluru,2022-07-04,24.43,55.91,,19.49,,,2.41,3.93,21.92,,,,58.9,,2022,7,0,Monsoon,58.9,56.5
Bengaluru,2022-07-05,30.68,61.62,,20.7,,,2.61,3.42,23.97,,,,63.4,,2022,7,1,Monsoon,58.9,61.0
Bengaluru,2022-07-06,23.37,59.38,,19.0,,,3.95,4.25,22.31,,,,73.7,,2022,7,2,Monsoon,63.4,60.4
Bengaluru,2022-07-07,24.67,60.95,,18.77,,,3.95,4.9,30.27,,,,65.9,,2022,7,3,Monsoon,73.7,65.4
Bengaluru,2022-07-08,28.43,59.68,,17.04,,,3.72,4.92,37.6,,,,64.8,,2022,7,4,Monsoon,65.9,67.7
Bengaluru,2022-07-09,17.98,61.54,,12.45,,,3.34,4.74,34.57,,,,70.7,,2022,7,5,Monsoon,64.8,68.1
Bengaluru,2022-07-10,15.83,60.36,,12.62,,,3.45,4.06,25.63,,,,64.0,,2022,7,6,Monsoon,70.7,67.1
Bengaluru,2022-07-11,11.48,65.4,,19.48,,,0.94,3.67,24.34,,,,62.0,,2022,7,0,Monsoon,64.0,66.5
Bengaluru,2022-07-12,17.64,63.04,,19.11,,,2.88,4.32,17.34,,,,57.0,,2022,7,1,Monsoon,62.0,65.6
Bengaluru,2022-07-13,21.6,58.84,,23.53,,,2.8,4.19,21.24,,,,50.6,,2022,7,2,Monsoon,57.0,61.0
Bengaluru,2022-07-14,8.93,58.88,,24.71,,,1.76,4.28,25.03,,,,48.9,,2022,7,3,Monsoon,50.6,56.6
Bengaluru,2022-07-15,10.58,62.17,,24.86,,,3.14,5.81,28.27,,,,47.9,,2022,7,4,Monsoon,48.9,52.2
Bengaluru,2022-07-16,7.15,61.97,,22.79,,,2.73,4.79,27.18,,,,53.9,,2022,7,5,Monsoon,47.9,49.2
Bengaluru,2022-07-17,16.26,63.14,,19.97,,,1.2,4.43,31.13,,,,55.2,,2022,7,6,Monsoon,53.9,50.3
Bengaluru,2022-07-18,17.46,58.84,,27.0,,,1.23,4.03,29.73,,,,59.1,,2022,7,0,Monsoon,55.2,52.4
Bengaluru,2022-07-19,27.0,71.52,,25.7,,,1.46,3.78,28.47,,,,77.8,,2022,7,1,Monsoon,59.1,56.1
Bengaluru,2022-07-20,15.76,76.34,,24.07,,,1.81,4.65,23.77,,,,80.1,,2022,7,2,Monsoon,77.8,64.0
Bengaluru,2022-07-21,23.64,78.17,,22.55,,,0.23,4.43,26.31,,,,79.6,,2022,7,3,Monsoon,80.1,72.3
Bengaluru,2022-07-22,16.77,70.82,,20.46,,,0.12,3.8,21.38,,,,70.0,,2022,7,4,Monsoon,79.6,79.2
Bengaluru,2022-07-23,13.31,58.04,,24.56,,,0.02,4.75,22.27,,,,66.2,,2022,7,5,Monsoon,70.0,76.6
Bengaluru,2022-07-24,25.34,54.31,,24.98,,,0.0,4.38,24.37,,,,69.6,,2022,7,6,Monsoon,66.2,71.9
Bengaluru,2022-07-25,44.19,51.57,,24.85,,,1.95,4.36,18.99,,,,58.2,,2022,7,0,Monsoon,69.6,68.6
Bengaluru,2022-07-26,31.54,57.02,,21.54,,,3.51,4.93,22.46,,,,73.1,,2022,7,1,Monsoon,58.2,64.7
Bengaluru,2022-07-27,32.14,53.24,,24.22,,,4.39,4.61,28.0,,,,79.1,,2022,7,2,Monsoon,73.1,67.0
Bengaluru,2022-07-28,18.37,52.47,,25.87,,,3.93,4.64,28.86,,,,81.3,,2022,7,3,Monsoon,79.1,70.1
Bengaluru,2022-07-29,22.56,55.98,,22.99,,,4.22,5.21,25.99,,,,87.9,,2022,7,4,Monsoon,81.3,77.9
Bengaluru,2022-07-30,21.58,52.78,,19.49,,,3.31,4.45,28.5,,,,70.1,,2022,7,5,Monsoon,87.9,82.8
Bengaluru,2022-07-31,23.3,51.8,,18.42,,,2.78,3.67,25.33,,,,66.4,,2022,7,6,Monsoon,70.1,79.8
Bengaluru,2022-08-01,23.55,49.85,,20.66,,,3.77,4.03,22.47,,,,62.8,,2022,8,0,Monsoon,66.4,74.8
Bengaluru,2022-08-02,23.7,56.52,,17.55,,,3.34,3.94,21.25,,,,71.3,,2022,8,1,Monsoon,62.8,66.4
Bengaluru,2022-08-03,20.34,56.24,,17.52,,,2.84,3.76,21.71,,,,54.8,,2022,8,2,Monsoon,71.3,66.8
Bengaluru,2022-08-04,22.35,50.35,,17.42,,,7.31,3.86,19.47,,,,67.9,,2022,8,3,Monsoon,54.8,63.0
Bengaluru,2022-08-05,15.17,54.75,,19.25,,,6.64,4.23,21.5,,,,84.2,,2022,8,4,Monsoon,67.9,64.7
Bengaluru,2022-08-06,20.01,47.96,,17.43,,,5.04,3.38,19.4,,,,87.7,,2022,8,5,Monsoon,84.2,69.0
Bengaluru,2022-08-07,20.24,46.89,,17.41,,,7.88,2.97,17.42,,,,105.5,,2022,8,6,Monsoon,87.7,80.0
Bengaluru,2022-08-08,26.34,46.45,,16.43,,,6.45,3.0,18.39,,,,115.6,,2022,8,0,Monsoon,105.5,92.5
Bengaluru,2022-08-09,33.75,41.39,,18.6,,,4.3,3.26,16.48,,,,93.1,,2022,8,1,Monsoon,115.6,102.9
Bengaluru,2022-08-10,35.46,52.76,,19.07,,,0.71,4.28,13.51,,,,59.7,,2022,8,2,Monsoon,93.1,104.7
Bengaluru,2022-08-11,28.23,56.92,,19.5,,,0.0,4.4,16.75,,,,58.2,,2022,8,3,Monsoon,59.7,89.5
Bengaluru,2022-08-12,28.54,49.89,,20.11,,,0.55,3.89,18.21,,,,53.6,,2022,8,4,Monsoon,58.2,70.3
Bengaluru,2022-08-13,22.6,52.57,,16.98,,,1.25,4.47,20.09,,,,46.9,,2022,8,5,Monsoon,53.6,57.2
Bengaluru,2022-08-14,19.88,50.66,,18.84,,,3.71,4.03,17.68,,,,39.0,,2022,8,6,Monsoon,46.9,52.9
Bengaluru,2022-08-15,18.56,49.2,,19.24,,,6.1,3.65,17.29,,,,65.9,,2022,8,0,Monsoon,39.0,46.5
Bengaluru,2022-08-16,21.99,58.41,,19.41,,,1.26,3.59,15.6,,,,55.6,,2022,8,1,Monsoon,65.9,50.6
Bengaluru,2022-08-17,22.3,58.19,,20.66,,,2.18,3.62,19.04,,,,57.1,,2022,8,2,Monsoon,55.6,53.5
Bengaluru,2022-08-18,21.91,56.83,,19.35,,,1.63,3.53,20.23,,,,52.9,,2022,8,3,Monsoon,57.1,59.5
Bengaluru,2022-08-19,17.16,67.19,,20.03,,,1.51,3.23,19.44,,,,69.6,,2022,8,4,Monsoon,52.9,55.2
Bengaluru,2022-08-20,14.3,68.42,,21.66,,,1.7,3.25,15.67,,,,64.8,,2022,8,5,Monsoon,69.6,59.9
Bengaluru,2022-08-21,16.19,67.71,,22.22,,,0.0,3.22,15.68,,,,65.6,,2022,8,6,Monsoon,64.8,62.4
Bengaluru,2022-08-22,19.02,64.33,,21.59,,,2.4,4.32,15.31,,,,58.5,,2022,8,0,Monsoon,65.6,66.6
Bengaluru,2022-08-23,19.4,71.44,,20.67,,,1.91,4.36,18.64,,,,76.5,,2022,8,1,Monsoon,58.5,62.9
Bengaluru,2022-08-24,21.82,68.69,,20.43,,,4.5,3.33,18.47,,,,81.7,,2022,8,2,Monsoon,76.5,66.9
Bengaluru,2022-08-25,19.33,64.69,,19.56,,,3.52,4.18,23.08,,,,77.8,,2022,8,3,Monsoon,81.7,72.2
Bengaluru,2022-08-26,15.73,63.3,,18.6,,,7.57,3.3,22.73,,,,105.5,,2022,8,4,Monsoon,77.8,78.7
Bengaluru,2022-08-27,17.82,54.7,,17.69,,,3.81,3.95,14.18,,,,88.9,,2022,8,5,Monsoon,105.5,88.3
Bengaluru,2022-08-28,18.11,56.31,,19.06,,,4.46,4.28,17.66,,,,73.3,,2022,8,6,Monsoon,88.9,90.7
Bengaluru,2022-08-29,21.17,61.44,,17.32,,,2.63,3.68,15.9,,,,72.1,,2022,8,0,Monsoon,73.3,89.2
Bengaluru,2022-08-30,19.24,57.74,,17.21,,,3.23,4.44,15.92,,,,65.7,,2022,8,1,Monsoon,72.1,78.1
Bengaluru,2022-08-31,24.65,55.84,,20.25,,,3.21,4.54,22.44,,,,54.1,,2022,8,2,Monsoon,65.7,70.4
Bengaluru,2022-09-01,23.29,54.71,,24.05,,,4.29,5.45,24.86,,,,61.7,,2022,9,3,Monsoon,54.1,63.9
Bengaluru,2022-09-02,22.36,51.95,,28.99,,,2.94,5.48,26.67,,,,50.4,,2022,9,4,Monsoon,61.7,60.5
Bengaluru,2022-09-03,24.31,55.14,,28.32,,,1.11,5.12,24.42,,,,58.5,,2022,9,5,Monsoon,50.4,55.4
Bengaluru,2022-09-04,23.73,61.6,,24.07,,,0.7,4.89,24.47,,,,57.5,,2022,9,6,Monsoon,58.5,56.9
Bengaluru,2022-09-05,27.1,69.16,,25.94,,,0.12,5.03,23.42,,,,55.1,,2022,9,0,Monsoon,57.5,55.5
Bengaluru,2022-09-06,24.92,67.33,,23.37,,,0.07,4.08,23.17,,,,46.5,,2022,9,1,Monsoon,55.1,57.1
Bengaluru,2022-09-07,25.02,76.64,,26.24,,,1.03,5.13,25.21,,,,49.7,,2022,9,2,Monsoon,46.5,53.1
Bengaluru,2022-09-08,22.3,61.27,,28.48,,,0.77,5.77,23.33,,,,45.9,,2022,9,3,Monsoon,49.7,50.5
Bengaluru,2022-09-09,24.87,69.12,,23.29,,,0.85,5.66,22.94,,,,56.1,,2022,9,4,Monsoon,45.9,47.4
Bengaluru,2022-09-10,23.43,66.62,,22.68,,,1.52,5.71,22.32,,,,47.5,,2022,9,5,Monsoon,56.1,50.6
Bengaluru,2022-09-11,21.69,69.63,,22.86,,,3.23,5.6,23.76,,,,54.3,,2022,9,6,Monsoon,47.5,49.8
Bengaluru,2022-09-12,20.7,57.57,,23.21,,,3.09,5.21,22.62,,,,52.3,,2022,9,0,Monsoon,54.3,52.6
Bengaluru,2022-09-13,14.7,57.19,,24.9,,,2.54,5.9,22.96,,,,59.6,,2022,9,1,Monsoon,52.3,51.3
Bengaluru,2022-09-14,14.89,62.97,,23.23,,,2.41,5.95,23.11,,,,52.1,,2022,9,2,Monsoon,59.6,55.4
Bengaluru,2022-09-15,21.42,74.65,,21.54,,,2.41,5.43,24.31,,,,53.7,,2022,9,3,Monsoon,52.1,54.7
Bengaluru,2022-09-16,10.72,78.9,,24.46,,,1.61,4.44,26.85,,,,72.2,,2022,9,4,Monsoon,53.7,55.1
Bengaluru,2022-09-17,18.99,72.65,,24.12,,,2.68,4.41,22.39,,,,63.0,,2022,9,5,Monsoon,72.2,59.3
Bengaluru,2022-09-18,24.67,69.19,,26.84,,,2.26,4.14,19.39,,,,62.8,,2022,9,6,Monsoon,63.0,63.0
Bengaluru,2022-09-19,18.55,66.82,,22.91,,,2.77,4.73,16.22,,,,72.4,,2022,9,0,Monsoon,62.8,66.0
Bengaluru,2022-09-20,31.36,67.75,,22.17,,,1.17,6.1,18.11,,,,69.3,,2022,9,1,Monsoon,72.4,66.1
Bengaluru,2022-09-21,34.83,69.8,,22.01,,,1.05,5.25,17.02,,,,67.1,,2022,9,2,Monsoon,69.3,68.1
Bengaluru,2022-09-22,29.01,62.58,,25.88,,,0.1,4.9,18.2,,,,63.3,,2022,9,3,Monsoon,67.1,69.6
Bengaluru,2022-09-23,20.24,66.31,,23.18,,,1.18,5.7,18.44,,,,55.9,,2022,9,4,Monsoon,63.3,66.6
Bengaluru,2022-09-24,20.77,68.1,,23.04,,,1.39,5.18,17.54,,,,55.3,,2022,9,5,Monsoon,55.9,62.1
Bengaluru,2022-09-25,12.75,70.93,,23.68,,,3.28,4.59,18.51,,,,50.4,,2022,9,6,Monsoon,55.3,58.2
Bengaluru,2022-09-26,20.66,72.05,,25.02,,,3.18,4.51,18.96,,,,60.6,,2022,9,0,Monsoon,50.4,53.9
Bengaluru,2022-09-27,14.14,68.93,,28.9,,,2.11,4.3,18.83,,,,51.5,,2022,9,1,Monsoon,60.6,55.5
Bengaluru,2022-09-28,8.63,67.84,,27.83,,,1.85,4.49,19.85,,,,63.5,,2022,9,2,Monsoon,51.5,54.2
Bengaluru,2022-09-29,13.56,65.55,,26.18,,,3.16,4.9,19.01,,,,62.5,,2022,9,3,Monsoon,63.5,58.5
Bengaluru,2022-09-30,19.0,62.13,,25.79,,,1.0,4.23,20.7,,,,56.8,,2022,9,4,Monsoon,62.5,59.2
Bengaluru,2022-10-01,25.4,68.71,,24.47,,,0.72,4.37,24.83,,,,48.0,,2022,10,5,Post-Monsoon,56.8,60.9
Bengaluru,2022-10-02,27.55,62.01,,27.26,,,0.72,4.33,26.13,,,,51.3,,2022,10,6,Post-Monsoon,48.0,55.7
Bengaluru,2022-10-03,33.59,60.79,,25.28,,,0.79,4.65,27.08,,,,52.0,,2022,10,0,Post-Monsoon,51.3,52.0
Bengaluru,2022-10-04,35.94,53.11,,31.78,,,1.08,4.74,23.93,,,,55.3,,2022,10,1,Post-Monsoon,52.0,50.4
Bengaluru,2022-10-05,29.85,70.37,,30.7,,,1.27,4.88,20.86,,,,53.0,,2022,10,2,Post-Monsoon,55.3,52.9
Bengaluru,2022-10-06,34.79,99.24,,30.51,,,1.2,5.23,27.04,,,,53.6,,2022,10,3,Post-Monsoon,53.0,53.4
Bengaluru,2022-10-07,36.16,78.08,,24.78,,,1.22,5.32,25.32,,,,59.4,,2022,10,4,Post-Monsoon,53.6,53.9
Bengaluru,2022-10-08,51.21,76.51,,27.33,,,1.23,4.8,23.65,,,,63.1,,2022,10,5,Post-Monsoon,59.4,55.3
Bengaluru,2022-10-09,54.51,90.88,,28.1,,,1.08,3.71,30.12,,,,68.7,,2022,10,6,Post-Monsoon,63.1,58.7
Bengaluru,2022-10-10,54.09,105.53,,29.66,,,0.53,3.82,29.82,,,,72.7,,2022,10,0,Post-Monsoon,68.7,63.7
Bengaluru,2022-10-11,49.12,86.2,,29.54,,,0.81,4.28,24.99,,,,84.2,,2022,10,1,Post-Monsoon,72.7,68.2
Bengaluru,2022-10-12,41.98,69.08,,29.82,,,0.97,4.59,28.23,,,,73.8,,2022,10,2,Post-Monsoon,84.2,75.2
Bengaluru,2022-10-13,39.75,64.08,,32.21,,,0.93,4.85,21.93,,,,79.7,,2022,10,3,Post-Monsoon,73.8,76.9
Bengaluru,2022-10-14,32.7,66.31,,32.67,,,0.65,4.39,17.27,,,,77.5,,2022,10,4,Post-Monsoon,79.7,79.3
Bengaluru,2022-10-15,30.52,103.01,,28.89,,,0.66,4.08,19.65,,,,79.8,,2022,10,5,Post-Monsoon,77.5,77.0
Bengaluru,2022-10-16,34.97,84.99,,25.52,,,0.27,3.47,19.24,,,,76.1,,2022,10,6,Post-Monsoon,79.8,79.0
Bengaluru,2022-10-17,32.61,99.58,,30.38,,,0.15,3.89,19.53,,,,76.7,,2022,10,0,Post-Monsoon,76.1,77.8
Bengaluru,2022-10-18,30.94,88.25,,29.08,,,0.35,4.14,21.71,,,,80.7,,2022,10,1,Post-Monsoon,76.7,77.5
Bengaluru,2022-10-19,28.58,101.99,,27.47,,,0.72,3.74,20.49,,,,87.7,,2022,10,2,Post-Monsoon,80.7,77.8
Bengaluru,2022-10-20,19.49,112.23,,30.33,,,0.52,3.53,26.1,,,,87.1,,2022,10,3,Post-Monsoon,87.7,81.7
Bengaluru,2022-10-21,21.52,79.66,,29.76,,,0.91,3.98,21.85,,,,68.8,,2022,10,4,Post-Monsoon,87.1,85.2
Bengaluru,2022-10-22,28.3,91.09,,25.64,,,0.97,4.72,24.81,,,,73.5,,2022,10,5,Post-Monsoon,68.8,81.2
Bengaluru,2022-10-23,17.66,86.1,,29.19,,,0.91,4.3,23.47,,,,51.9,,2022,10,6,Post-Monsoon,73.5,76.5
Bengaluru,2022-10-24,33.01,77.31,,31.05,,,1.29,4.54,24.78,,,,57.1,,2022,10,0,Post-Monsoon,51.9,64.7
Bengaluru,2022-10-25,30.01,89.81,,26.63,,,0.98,5.04,27.81,,,,67.9,,2022,10,1,Post-Monsoon,57.1,60.8
Bengaluru,2022-10-26,35.83,90.26,,24.05,,,1.2,4.67,26.98,,,,82.7,,2022,10,2,Post-Monsoon,67.9,59.0
Bengaluru,2022-10-27,38.41,79.31,,24.63,,,0.63,4.87,30.32,,,,81.7,,2022,10,3,Post-Monsoon,82.7,69.2
Bengaluru,2022-10-28,44.24,65.61,,29.84,,,0.5,5.97,30.17,,,,75.6,,2022,10,4,Post-Monsoon,81.7,77.4
Bengaluru,2022-10-29,32.97,76.45,,31.38,,,0.97,5.25,23.13,,,,60.9,,2022,10,5,Post-Monsoon,75.6,80.0
Bengaluru,2022-10-30,34.15,78.49,,28.71,,,1.13,5.42,25.04,,,,63.8,,2022,10,6,Post-Monsoon,60.9,72.7
Bengaluru,2022-10-31,38.32,77.24,,34.4,,,1.64,4.94,24.84,,,,55.1,,2022,10,0,Post-Monsoon,63.8,66.8
Bengaluru,2022-11-01,46.95,81.21,,34.81,,,1.49,5.39,24.55,,,,70.1,,2022,11,1,Post-Monsoon,55.1,59.9
Bengaluru,2022-11-02,44.74,89.29,,28.17,,,1.28,5.35,32.47,,,,79.2,,2022,11,2,Post-Monsoon,70.1,63.0
Bengaluru,2022-11-03,44.67,92.58,,26.51,,,1.45,5.83,33.06,,,,93.6,,2022,11,3,Post-Monsoon,79.2,68.1
Bengaluru,2022-11-04,40.0,82.1,,27.82,,,1.28,5.63,33.97,,,,88.1,,2022,11,4,Post-Monsoon,93.6,80.9
Bengaluru,2022-11-05,33.37,85.85,,29.72,,,1.32,5.26,27.38,,,,87.5,,2022,11,5,Post-Monsoon,88.1,87.0
Bengaluru,2022-11-06,28.08,72.23,,27.52,,,1.15,4.54,26.72,,,,85.2,,2022,11,6,Post-Monsoon,87.5,89.7
Bengaluru,2022-11-07,30.64,61.12,,31.0,,,1.13,4.25,29.52,,,,74.7,,2022,11,0,Post-Monsoon,85.2,87.0
Bengaluru,2022-11-08,40.39,74.2,,28.66,,,1.14,5.35,29.2,,,,79.3,,2022,11,1,Post-Monsoon,74.7,82.5
Bengaluru,2022-11-09,41.9,81.92,,34.84,,,1.09,5.02,29.94,,,,85.6,,2022,11,2,Post-Monsoon,79.3,79.7
Bengaluru,2022-11-10,32.84,63.68,,31.79,,,1.05,4.22,31.81,,,,67.2,,2022,11,3,Post-Monsoon,85.6,79.9
Bengaluru,2022-11-11,27.4,71.84,,33.14,,,1.16,3.68,34.17,,,,73.8,,2022,11,4,Post-Monsoon,67.2,77.4
Bengaluru,2022-11-12,37.86,95.73,,30.37,,,1.06,3.96,31.91,,,,91.0,,2022,11,5,Post-Monsoon,73.8,75.5
Bengaluru,2022-11-13,30.0,81.14,,32.55,,,1.01,4.53,33.52,,,,86.5,,2022,11,6,Post-Monsoon,91.0,77.3
Bengaluru,2022-11-14,42.3,83.23,,34.01,,,1.11,5.73,32.51,,,,87.7,,2022,11,0,Post-Monsoon,86.5,83.8
Bengaluru,2022-11-15,39.62,107.34,,33.01,,,1.01,5.26,35.63,,,,98.2,,2022,11,1,Post-Monsoon,87.7,88.4
Bengaluru,2022-11-16,37.13,105.2,,28.49,,,1.1,5.16,39.86,,,,90.6,,2022,11,2,Post-Monsoon,98.2,90.8
Bengaluru,2022-11-17,31.04,89.34,,25.94,,,1.28,5.58,37.61,,,,96.3,,2022,11,3,Post-Monsoon,90.6,92.2
Bengaluru,2022-11-18,35.16,86.9,,26.59,,,1.04,5.15,35.94,,,,88.7,,2022,11,4,Post-Monsoon,96.3,95.0
Bengaluru,2022-11-19,40.2,84.78,,26.56,,,1.04,4.5,35.72,,,,74.6,,2022,11,5,Post-Monsoon,88.7,91.9
Bengaluru,2022-11-20,39.71,84.78,,25.27,,,1.06,4.2,28.82,,,,78.1,,2022,11,6,Post-Monsoon,74.6,86.6
Bengaluru,2022-11-21,34.91,95.32,,32.28,,,1.14,4.02,26.65,,,,89.5,,2022,11,0,Post-Monsoon,78.1,80.5
Bengaluru,2022-11-22,29.68,96.45,,29.47,,,1.01,4.18,30.83,,,,81.7,,2022,11,1,Post-Monsoon,89.5,80.7
Bengaluru,2022-11-23,36.66,89.07,,29.39,,,0.95,4.44,31.34,,,,93.3,,2022,11,2,Post-Monsoon,81.7,83.1
Bengaluru,2022-11-24,33.6,99.18,,33.03,,,0.84,4.2,32.0,,,,87.3,,2022,11,3,Post-Monsoon,93.3,88.2
Bengaluru,2022-11-25,46.75,94.57,,30.12,,,1.06,3.9,29.28,,,,86.8,,2022,11,4,Post-Monsoon,87.3,87.5
Bengaluru,2022-11-26,48.93,84.09,,29.12,,,1.12,4.05,30.86,,,,80.6,,2022,11,5,Post-Monsoon,86.8,89.2
Bengaluru,2022-11-27,45.25,78.38,,25.19,,,1.3,4.27,26.57,,,,70.4,,2022,11,6,Post-Monsoon,80.6,84.9
Bengaluru,2022-11-28,38.65,87.84,,27.9,,,1.13,4.36,28.14,,,,61.3,,2022,11,0,Post-Monsoon,70.4,79.3
Bengaluru,2022-11-29,40.16,95.43,,25.75,,,1.3,3.84,26.62,,,,80.2,,2022,11,1,Post-Monsoon,61.3,70.8
Bengaluru,2022-11-30,39.44,90.2,,28.24,,,1.25,3.78,26.47,,,,70.1,,2022,11,2,Post-Monsoon,80.2,70.7
Bengaluru,2022-12-01,45.15,88.44,,31.47,,,1.36,3.89,31.31,,,,81.6,,2022,12,3,Winter,70.1,70.5
Bengaluru,2022-12-02,44.44,75.7,,42.17,,,1.19,4.4,32.39,,,,85.5,,2022,12,4,Winter,81.6,77.3
Bengaluru,2022-12-03,44.54,88.66,,44.48,,,1.05,4.19,34.72,,,,61.5,,2022,12,5,Winter,85.5,79.1
Bengaluru,2022-12-04,43.74,75.65,,39.62,,,0.99,4.35,29.41,,,,55.4,,2022,12,6,Winter,61.5,76.2
Bengaluru,2022-12-05,61.39,95.83,,34.77,,,0.98,5.32,29.85,,,,69.6,,2022,12,0,Winter,55.4,67.5
Bengaluru,2022-12-06,52.55,101.96,,36.86,,,0.88,5.17,25.51,,,,65.3,,2022,12,1,Winter,69.6,62.2
Bengaluru,2022-12-07,51.43,88.7,,36.63,,,1.08,5.77,26.58,,,,70.4,,2022,12,2,Winter,65.3,63.4
Bengaluru,2022-12-08,63.56,93.67,,36.23,,,1.12,5.1,31.18,,,,75.3,,2022,12,3,Winter,70.4,68.4
Bengaluru,2022-12-09,60.51,89.9,,36.55,,,1.09,4.27,34.79,,,,76.5,,2022,12,4,Winter,75.3,70.4
Bengaluru,2022-12-10,55.51,81.8,,37.88,,,0.96,4.43,37.97,,,,86.6,,2022,12,5,Winter,76.5,74.1
Bengaluru,2022-12-11,47.73,86.44,,39.47,,,0.8,4.87,38.57,,,,78.5,,2022,12,6,Winter,86.6,79.5
Bengaluru,2022-12-12,45.75,108.93,,40.64,,,0.67,4.91,41.5,,,,75.6,,2022,12,0,Winter,78.5,80.5
Bengaluru,2022-12-13,40.02,100.08,,45.95,,,0.8,5.37,38.52,,,,76.6,,2022,12,1,Winter,75.6,80.2
Bengaluru,2022-12-14,44.16,97.52,,47.57,,,0.95,5.75,33.55,,,,87.0,,2022,12,2,Winter,76.6,76.9
Bengaluru,2022-12-15,45.26,86.73,,43.03,,,1.09,5.66,31.12,,,,73.7,,2022,12,3,Winter,87.0,79.7
Bengaluru,2022-12-16,47.0,89.16,,42.48,,,1.2,5.92,27.69,,,,71.4,,2022,12,4,Winter,73.7,79.1
Bengaluru,2022-12-17,39.21,92.82,,46.17,,,1.1,5.47,33.97,,,,80.3,,2022,12,5,Winter,71.4,77.4
Bengaluru,2022-12-18,44.3,80.26,,45.43,,,0.95,4.95,29.85,,,,72.4,,2022,12,6,Winter,80.3,75.2
Bengaluru,2022-12-19,44.46,72.67,,47.2,,,0.79,5.53,33.97,,,,63.6,,2022,12,0,Winter,72.4,74.7
Bengaluru,2022-12-20,51.99,78.58,,44.55,,,1.02,5.42,26.63,,,,74.2,,2022,12,1,Winter,63.6,72.1
Bengaluru,2022-12-21,58.56,88.63,,52.19,,,1.15,5.21,26.98,,,,89.5,,2022,12,2,Winter,74.2,70.1
Bengaluru,2022-12-22,55.2,86.44,,53.01,,,0.98,5.1,25.35,,,,91.8,,2022,12,3,Winter,89.5,75.8
Bengaluru,2022-12-23,62.65,88.95,,53.58,,,0.97,4.69,25.32,,,,91.8,,2022,12,4,Winter,91.8,85.2
Bengaluru,2022-12-24,57.12,92.62,,45.67,,,0.97,4.84,21.61,,,,88.4,,2022,12,5,Winter,91.8,91.0
Bengaluru,2022-12-25,51.95,88.24,,42.47,,,0.94,4.92,29.14,,,,75.5,,2022,12,6,Winter,88.4,90.7
Bengaluru,2022-12-26,46.0,111.22,,37.12,,,1.07,4.58,19.7,,,,83.4,,2022,12,0,Winter,75.5,85.2
Bengaluru,2022-12-27,61.85,91.97,,29.8,,,1.17,4.3,28.04,,,,83.1,,2022,12,1,Winter,83.4,82.4
Bengaluru,2022-12-28,62.1,102.66,,40.41,,,0.9,4.59,24.66,,,,83.7,,2022,12,2,Winter,83.1,80.7
Bengaluru,2022-12-29,55.77,97.14,,44.59,,,0.95,5.36,31.14,,,,88.0,,2022,12,3,Winter,83.7,83.4
Bengaluru,2022-12-30,53.88,102.2,,43.03,,,0.84,6.15,28.06,,,,88.6,,2022,12,4,Winter,88.0,84.9
Bengaluru,2022-12-31,53.86,105.79,,40.52,,,0.99,5.2,30.99,,,,75.7,,2022,12,5,Winter,88.6,86.8
Bengaluru,2023-01-01,50.1,90.49,,37.8,,,1.3,4.73,34.96,,,,67.7,,2023,1,6,Winter,75.7,84.1
Bengaluru,2023-01-02,52.71,84.48,,40.61,,,1.16,4.72,40.38,,,,76.4,,2023,1,0,Winter,67.7,77.3
Bengaluru,2023-01-03,56.34,89.97,,42.35,,,1.25,5.08,43.64,,,,78.9,,2023,1,1,Winter,76.4,73.3
Bengaluru,2023-01-04,45.39,96.41,,43.67,,,0.83,5.08,50.02,,,,86.0,,2023,1,2,Winter,78.9,74.3
Bengaluru,2023-01-05,44.94,90.39,,40.51,,,1.02,7.08,45.83,,,,88.2,,2023,1,3,Winter,86.0,80.4
Bengaluru,2023-01-06,42.17,104.82,,45.84,,,0.89,6.59,34.6,,,,78.8,,2023,1,4,Winter,88.2,84.3
Bengaluru,2023-01-07,36.83,101.85,,42.41,,,0.89,5.19,38.9,,,,88.2,,2023,1,5,Winter,78.8,84.3
Bengaluru,2023-01-08,30.99,98.09,,36.59,,,1.23,6.55,35.93,,,,82.1,,2023,1,6,Winter,88.2,85.1
Bengaluru,2023-01-09,34.6,83.73,,39.84,,,1.54,6.44,34.41,,,,74.4,,2023,1,0,Winter,82.1,83.0
Bengaluru,2023-01-10,32.51,83.07,,36.8,,,1.21,7.66,38.46,,,,71.5,,2023,1,1,Winter,74.4,81.6
Bengaluru,2023-01-11,32.17,88.45,,40.86,,,1.48,6.22,37.09,,,,70.9,,2023,1,2,Winter,71.5,76.0
Bengaluru,2023-01-12,39.57,88.51,,41.6,,,1.44,6.18,29.89,,,,59.8,,2023,1,3,Winter,70.9,72.3
Bengaluru,2023-01-13,44.75,100.37,,38.87,,,1.46,6.23,37.86,,,,55.8,,2023,1,4,Winter,59.8,67.4
Bengaluru,2023-01-14,40.43,95.71,,41.37,,,1.28,8.84,33.16,,,,71.1,,2023,1,5,Winter,55.8,62.1
Bengaluru,2023-01-15,46.98,95.74,,37.53,,,1.44,8.98,31.66,,,,80.2,,2023,1,6,Winter,71.1,62.2
Bengaluru,2023-01-16,51.18,106.08,,39.08,,,1.77,7.94,31.18,,,,89.8,,2023,1,0,Winter,80.2,69.0
Bengaluru,2023-01-17,43.87,111.99,,39.44,,,1.74,8.9,30.82,,,,105.6,,2023,1,1,Winter,89.8,80.4
Bengaluru,2023-01-18,51.51,114.55,,37.97,,,1.61,7.94,32.72,,,,118.1,,2023,1,2,Winter,105.6,91.9
Bengaluru,2023-01-19,50.5,91.3,,40.74,,,1.46,7.27,35.33,,,,110.2,,2023,1,3,Winter,118.1,104.5
Bengaluru,2023-01-20,53.99,96.94,,40.24,,,1.39,7.14,35.24,,,,105.7,,2023,1,4,Winter,110.2,111.3
Bengaluru,2023-01-21,52.14,106.5,,44.14,,,1.56,6.22,33.33,,,,107.3,,2023,1,5,Winter,105.7,111.3
Bengaluru,2023-01-22,46.8,94.89,,43.36,,,0.85,3.6,35.27,,,,99.2,,2023,1,6,Winter,107.3,107.7
Bengaluru,2023-01-23,45.27,86.33,,40.32,,,1.17,5.2,38.44,,,,99.9,,2023,1,0,Winter,99.2,104.1
Bengaluru,2023-01-24,47.52,86.55,,40.17,,,1.16,4.42,45.15,,,,96.6,,2023,1,1,Winter,99.9,102.1
Bengaluru,2023-01-25,53.25,89.78,,45.59,,,1.66,5.14,44.84,,,,95.9,,2023,1,2,Winter,96.6,98.5
Bengaluru,2023-01-26,57.28,92.64,,45.29,,,1.47,7.11,39.29,,,,109.1,,2023,1,3,Winter,95.9,97.4
Bengaluru,2023-01-27,51.65,96.95,,48.27,,,1.06,6.46,42.17,,,,86.0,,2023,1,4,Winter,109.1,100.5
Bengaluru,2023-01-28,47.45,97.5,,44.18,,,1.6,4.91,42.17,,,,98.1,,2023,1,5,Winter,86.0,97.0
Bengaluru,2023-01-29,44.84,90.04,,43.35,,,1.06,5.24,47.8,,,,86.3,,2023,1,6,Winter,98.1,97.7
Bengaluru,2023-01-30,37.76,103.39,,41.38,,,0.55,5.25,53.82,,,,78.7,,2023,1,0,Winter,86.3,90.2
Bengaluru,2023-01-31,41.2,109.17,,43.24,,,0.24,5.81,47.23,,,,88.0,,2023,1,1,Winter,78.7,87.7
Bengaluru,2023-02-01,39.07,108.66,,44.16,,,0.0,6.5,53.03,,,,98.1,,2023,2,2,Winter,88.0,84.3
Bengaluru,2023-02-02,41.22,116.78,,50.94,,,0.43,5.23,42.21,,,,102.4,,2023,2,3,Winter,98.1,88.3
Bengaluru,2023-02-03,44.26,111.3,,44.26,,,1.09,3.97,47.41,,,,96.8,,2023,2,4,Winter,102.4,96.2
Bengaluru,2023-02-04,45.31,90.29,,42.92,,,0.75,4.17,42.49,,,,87.4,,2023,2,5,Winter,96.8,99.1
Bengaluru,2023-02-05,45.74,79.08,,38.91,,,0.31,4.55,47.45,,,,74.1,,2023,2,6,Winter,87.4,95.6
Bengaluru,2023-02-06,42.55,77.84,,45.44,,,0.18,5.39,49.7,,,,74.1,,2023,2,0,Winter,74.1,86.1
Bengaluru,2023-02-07,44.64,83.07,,40.34,,,0.34,5.78,53.43,,,,64.2,,2023,2,1,Winter,74.1,78.5
Bengaluru,2023-02-08,51.75,88.7,,40.88,,,0.4,6.39,52.81,,,,48.8,,2023,2,2,Winter,64.2,70.8
Bengaluru,2023-02-09,46.23,84.6,,35.52,,,1.08,6.03,51.9,,,,61.7,,2023,2,3,Winter,48.8,62.4
Bengaluru,2023-02-10,42.89,94.27,,37.1,,,1.77,6.63,49.16,,,,63.8,,2023,2,4,Winter,61.7,58.2
Bengaluru,2023-02-11,39.5,88.94,,35.43,,,2.14,6.37,45.89,,,,70.4,,2023,2,5,Winter,63.8,58.1
Bengaluru,2023-02-12,40.88,85.79,,32.1,,,1.47,4.76,45.44,,,,67.5,,2023,2,6,Winter,70.4,65.3
Bengaluru,2023-02-13,41.34,95.97,,36.33,,,2.17,4.36,48.46,,,,66.0,,2023,2,0,Winter,67.5,67.2
Bengaluru,2023-02-14,38.99,109.5,,36.63,,,1.09,3.28,46.03,,,,69.7,,2023,2,1,Winter,66.0,68.0
Bengaluru,2023-02-15,39.32,107.25,,42.73,,,1.97,3.96,49.81,,,,91.9,,2023,2,2,Winter,69.7,67.7
Bengaluru,2023-02-16,42.66,86.75,,43.02,,,1.8,5.36,53.27,,,,93.3,,2023,2,3,Winter,91.9,75.9
Bengaluru,2023-02-17,46.12,102.51,,42.74,,,1.43,3.74,53.77,,,,86.4,,2023,2,4,Winter,93.3,85.0
Bengaluru,2023-02-18,43.53,89.57,,46.8,,,0.89,5.5,49.52,,,,78.6,,2023,2,5,Winter,86.4,90.5
Bengaluru,2023-02-19,45.63,95.98,,45.87,,,2.98,5.69,43.01,,,,68.1,,2023,2,6,Winter,78.6,86.1
Bengaluru,2023-02-20,43.72,83.2,,37.89,,,1.92,5.02,40.24,,,,74.9,,2023,2,0,Winter,68.1,77.7
Bengaluru,2023-02-21,41.97,88.13,,41.46,,,1.66,4.75,42.65,,,,61.2,,2023,2,1,Winter,74.9,73.9
Bengaluru,2023-02-22,32.39,96.35,,42.31,,,1.75,6.6,45.67,,,,69.8,,2023,2,2,Winter,61.2,68.0
Bengaluru,2023-02-23,38.22,114.29,,33.26,,,3.08,6.62,45.91,,,,96.2,,2023,2,3,Winter,69.8,68.6
Bengaluru,2023-02-24,37.84,109.74,,35.3,,,1.83,4.75,41.67,,,,103.8,,2023,2,4,Winter,96.2,75.7
Bengaluru,2023-02-25,43.08,107.32,,38.44,,,2.48,4.84,41.22,,,,101.4,,2023,2,5,Winter,103.8,90.0
Bengaluru,2023-02-26,41.37,109.19,,35.91,,,1.42,5.72,37.39,,,,105.6,,2023,2,6,Winter,101.4,100.5
Bengaluru,2023-02-27,42.32,102.41,,40.16,,,1.37,5.32,44.09,,,,112.6,,2023,2,0,Winter,105.6,103.6
Bengaluru,2023-02-28,50.41,99.64,,44.17,,,0.89,4.81,36.49,,,,116.8,,2023,2,1,Winter,112.6,106.5
Bengaluru,2023-03-01,43.74,100.42,,36.83,,,0.84,5.24,35.31,,,,109.8,,2023,3,2,Summer,116.8,111.7
Bengaluru,2023-03-02,36.35,94.49,,28.95,,,1.03,4.47,32.12,,,,88.0,,2023,3,3,Summer,109.8,113.0
Bengaluru,2023-03-03,39.22,93.3,,34.47,,,0.74,5.58,39.33,,,,92.4,,2023,3,4,Summer,88.0,104.9
Bengaluru,2023-03-04,36.65,80.95,,32.02,,,0.69,5.17,42.28,,,,78.6,,2023,3,5,Summer,92.4,96.7
Bengaluru,2023-03-05,32.0,87.47,,31.46,,,1.19,4.41,36.05,,,,74.0,,2023,3,6,Summer,78.6,86.3
Bengaluru,2023-03-06,35.02,87.89,,29.46,,,0.85,5.55,48.82,,,,79.5,,2023,3,0,Summer,74.0,81.7
Bengaluru,2023-03-07,38.86,98.25,,36.2,,,0.52,4.89,45.35,,,,83.4,,2023,3,1,Summer,79.5,77.4
Bengaluru,2023-03-08,31.61,100.87,,38.4,,,0.64,5.02,43.6,,,,93.5,,2023,3,2,Summer,83.4,79.0
Bengaluru,2023-03-09,31.73,119.09,,40.46,,,0.82,5.16,48.54,,,,107.7,,2023,3,3,Summer,93.5,85.5
Bengaluru,2023-03-10,31.9,109.44,,33.35,,,1.21,5.32,42.98,,,,100.4,,2023,3,4,Summer,107.7,94.9
Bengaluru,2023-03-11,27.87,96.85,,32.75,,,1.04,4.73,37.03,,,,96.6,,2023,3,5,Summer,100.4,100.6
Bengaluru,2023-03-12,32.24,90.21,,30.44,,,0.74,4.79,33.72,,,,104.9,,2023,3,6,Summer,96.6,101.6
Bengaluru,2023-03-13,33.16,94.56,,32.89,,,0.4,6.62,39.97,,,,91.3,,2023,3,0,Summer,104.9,100.6
Bengaluru,2023-03-14,34.27,91.74,,28.94,,,0.09,6.05,45.87,,,,88.3,,2023,3,1,Summer,91.3,97.6
Bengaluru,2023-03-15,40.15,92.21,,28.34,,,0.01,5.84,44.89,,,,79.3,,2023,3,2,Summer,88.3,94.8
Bengaluru,2023-03-16,36.93,77.63,,32.38,,,0.88,5.23,49.52,,,,65.2,,2023,3,3,Summer,79.3,86.3
Bengaluru,2023-03-17,33.77,110.46,,36.07,,,1.08,5.15,46.26,,,,82.4,,2023,3,4,Summer,65.2,77.6
Bengaluru,2023-03-18,32.46,87.24,,29.66,,,0.64,4.99,44.91,,,,72.2,,2023,3,5,Summer,82.4,75.6
Bengaluru,2023-03-19,31.26,98.3,,29.56,,,1.14,4.86,46.05,,,,90.3,,2023,3,6,Summer,72.2,73.3
Bengaluru,2023-03-20,33.46,96.8,,26.32,,,1.53,4.72,51.12,,,,96.7,,2023,3,0,Summer,90.3,81.6
Bengaluru,2023-03-21,27.73,109.54,,22.82,,,1.26,5.28,52.21,,,,86.8,,2023,3,1,Summer,96.7,86.4
Bengaluru,2023-03-22,39.91,94.73,,23.58,,,0.54,4.71,50.69,,,,100.6,,2023,3,2,Summer,86.8,91.3
Bengaluru,2023-03-23,55.85,99.26,,28.7,,,0.96,4.94,48.08,,,,97.7,,2023,3,3,Summer,100.6,94.7
Bengaluru,2023-03-24,54.79,96.08,,28.94,,,1.36,4.95,43.73,,,,92.8,,2023,3,4,Summer,97.7,95.0
Bengaluru,2023-03-25,60.23,106.86,,31.95,,,1.39,4.86,47.2,,,,106.6,,2023,3,5,Summer,92.8,97.0
Bengaluru,2023-03-26,43.04,91.4,,33.81,,,1.02,4.65,41.15,,,,92.4,,2023,3,6,Summer,106.6,99.0
Bengaluru,2023-03-27,36.06,115.15,,32.4,,,1.3,4.76,46.69,,,,104.5,,2023,3,0,Summer,92.4,97.3
Bengaluru,2023-03-28,44.8,105.94,,30.77,,,1.05,5.24,46.73,,,,104.0,,2023,3,1,Summer,104.5,101.2
Bengaluru,2023-03-29,48.94,89.56,,32.34,,,1.37,5.06,49.63,,,,107.5,,2023,3,2,Summer,104.0,100.3
Bengaluru,2023-03-30,54.67,107.21,,35.25,,,1.32,5.2,51.88,,,,109.0,,2023,3,3,Summer,107.5,105.3
Bengaluru,2023-03-31,49.49,110.16,,33.3,,,1.77,4.73,50.32,,,,121.4,,2023,3,4,Summer,109.0,106.8
Bengaluru,2023-04-01,36.96,94.33,,29.08,,,1.75,5.82,52.06,,,,97.8,,2023,4,5,Summer,121.4,112.6
Bengaluru,2023-04-02,30.78,93.41,,22.33,,,1.78,4.99,46.81,,,,105.1,,2023,4,6,Summer,97.8,109.4
Bengaluru,2023-04-03,37.73,75.13,,19.83,,,1.3,2.96,53.58,,,,86.8,,2023,4,0,Summer,105.1,108.1
Bengaluru,2023-04-04,39.06,63.76,,23.15,,,1.32,3.25,53.73,,,,65.4,,2023,4,1,Summer,86.8,96.6
Bengaluru,2023-04-05,33.17,82.91,,24.17,,,1.46,4.93,55.0,,,,55.3,,2023,4,2,Summer,65.4,85.8
Bengaluru,2023-04-06,33.03,84.75,,29.28,,,2.07,5.68,58.07,,,,58.0,,2023,4,3,Summer,55.3,69.1
Bengaluru,2023-04-07,34.57,88.76,,24.32,,,1.73,5.18,65.03,,,,50.1,,2023,4,4,Summer,58.0,59.5
Bengaluru,2023-04-08,39.11,76.37,,19.22,,,1.86,6.15,66.28,,,,64.0,,2023,4,5,Summer,50.1,54.4
Bengaluru,2023-04-09,45.64,84.26,,19.38,,,2.17,6.01,57.05,,,,63.5,,2023,4,6,Summer,64.0,57.3
Bengaluru,2023-04-10,40.98,63.49,,20.97,,,1.9,4.0,60.72,,,,58.9,,2023,4,0,Summer,63.5,59.2
Bengaluru,2023-04-11,46.26,56.86,,25.02,,,0.98,5.07,72.21,,,,62.6,,2023,4,1,Summer,58.9,62.1
Bengaluru,2023-04-12,39.0,53.12,,23.61,,,1.15,5.02,64.83,,,,66.0,,2023,4,2,Summer,62.6,61.6
Bengaluru,2023-04-13,36.33,45.06,,22.9,,,1.37,2.91,56.68,,,,62.7,,2023,4,3,Summer,66.0,62.5
Bengaluru,2023-04-14,41.72,50.33,,25.9,,,2.1,3.33,54.41,,,,55.9,,2023,4,4,Summer,62.7,63.8
Bengaluru,2023-04-15,41.59,56.73,,21.77,,,1.78,3.41,59.81,,,,43.0,,2023,4,5,Summer,55.9,61.5
Bengaluru,2023-04-16,38.73,72.2,,22.04,,,1.56,5.13,55.78,,,,56.6,,2023,4,6,Summer,43.0,53.9
Bengaluru,2023-04-17,38.19,73.92,,23.78,,,1.22,4.57,53.02,,,,71.4,,2023,4,0,Summer,56.6,51.8
Bengaluru,2023-04-18,23.95,83.42,,23.53,,,1.39,3.25,56.18,,,,77.6,,2023,4,1,Summer,71.4,57.0
Bengaluru,2023-04-19,17.08,99.93,,21.16,,,1.69,4.59,51.56,,,,87.8,,2023,4,2,Summer,77.6,68.5
Bengaluru,2023-04-20,22.09,74.04,,25.08,,,1.21,4.11,50.89,,,,81.5,,2023,4,3,Summer,87.8,78.9
Bengaluru,2023-04-21,26.72,85.12,,20.44,,,1.21,3.82,61.81,,,,78.6,,2023,4,4,Summer,81.5,82.3
Bengaluru,2023-04-22,33.51,84.4,,19.24,,,1.14,3.95,60.97,,,,88.6,,2023,4,5,Summer,78.6,82.7
Bengaluru,2023-04-23,34.88,96.17,,17.09,,,0.87,3.88,59.0,,,,84.9,,2023,4,6,Summer,88.6,82.9
Bengaluru,2023-04-24,38.33,83.74,,19.21,,,0.16,5.0,68.18,,,,78.8,,2023,4,0,Summer,84.9,84.0
Bengaluru,2023-04-25,29.05,87.27,,20.56,,,0.99,5.01,67.37,,,,81.1,,2023,4,1,Summer,78.8,84.1
Bengaluru,2023-04-26,33.37,86.77,,26.42,,,1.17,3.73,63.48,,,,86.4,,2023,4,2,Summer,81.1,81.6
Bengaluru,2023-04-27,30.76,68.97,,25.6,,,1.86,4.53,54.37,,,,85.9,,2023,4,3,Summer,86.4,82.1
Bengaluru,2023-04-28,42.51,71.96,,20.92,,,1.69,4.41,57.49,,,,72.7,,2023,4,4,Summer,85.9,84.5
Bengaluru,2023-04-29,45.73,63.56,,15.96,,,0.57,5.58,54.18,,,,96.0,,2023,4,5,Summer,72.7,81.7
Bengaluru,2023-04-30,41.27,58.03,,17.55,,,0.87,5.28,56.3,,,,74.1,,2023,4,6,Summer,96.0,84.9
Bengaluru,2023-05-01,46.2,62.06,,21.79,,,2.15,4.9,48.1,,,,74.4,,2023,5,0,Summer,74.1,80.9
Bengaluru,2023-05-02,37.96,57.84,,24.45,,,1.22,4.74,41.24,,,,73.0,,2023,5,1,Summer,74.4,81.5
Bengaluru,2023-05-03,33.93,59.94,,24.5,,,0.11,3.95,40.66,,,,59.5,,2023,5,2,Summer,73.0,73.8
Bengaluru,2023-05-04,38.67,67.28,,26.29,,,0.52,5.17,41.52,,,,55.2,,2023,5,3,Summer,59.5,68.9
Bengaluru,2023-05-05,47.85,77.66,,25.68,,,1.99,5.3,38.92,,,,56.6,,2023,5,4,Summer,55.2,62.6
Bengaluru,2023-05-06,45.97,72.06,,25.03,,,0.36,4.67,37.75,,,,68.8,,2023,5,5,Summer,56.6,57.1
Bengaluru,2023-05-07,39.94,75.91,,22.39,,,0.66,4.17,35.73,,,,74.8,,2023,5,6,Summer,68.8,60.2
Bengaluru,2023-05-08,34.58,79.87,,28.04,,,1.98,4.45,31.56,,,,82.2,,2023,5,0,Summer,74.8,66.7
Bengaluru,2023-05-09,39.05,79.67,,26.75,,,1.29,3.28,30.56,,,,70.2,,2023,5,1,Summer,82.2,75.2
Bengaluru,2023-05-10,37.92,72.47,,23.89,,,0.77,3.4,36.82,,,,62.9,,2023,5,2,Summer,70.2,75.7
Bengaluru,2023-05-11,34.4,67.58,,24.94,,,0.0,4.18,40.5,,,,73.6,,2023,5,3,Summer,62.9,71.8
Bengaluru,2023-05-12,29.78,61.57,,23.65,,,0.71,4.12,31.14,,,,57.4,,2023,5,4,Summer,73.6,68.9
Bengaluru,2023-05-13,37.12,56.06,,26.36,,,0.0,4.46,34.27,,,,55.7,,2023,5,5,Summer,57.4,64.6
Bengaluru,2023-05-14,33.18,58.94,,26.2,,,1.45,4.85,35.41,,,,43.7,,2023,5,6,Summer,55.7,62.2
Bengaluru,2023-05-15,31.5,77.52,,27.41,,,2.62,6.01,36.5,,,,56.5,,2023,5,0,Summer,43.7,52.3
Bengaluru,2023-05-16,32.32,63.81,,26.43,,,1.73,6.22,37.87,,,,63.7,,2023,5,1,Summer,56.5,52.0
Bengaluru,2023-05-17,29.04,61.98,,23.19,,,0.59,5.42,33.57,,,,71.9,,2023,5,2,Summer,63.7,54.6
Bengaluru,2023-05-18,26.88,63.98,,22.38,,,1.99,5.83,37.76,,,,68.6,,2023,5,3,Summer,71.9,64.0
Bengaluru,2023-05-19,28.47,58.01,,27.98,,,2.36,5.19,41.26,,,,57.6,,2023,5,4,Summer,68.6,68.1
Bengaluru,2023-05-20,34.08,63.07,,30.39,,,0.96,4.78,36.34,,,,58.9,,2023,5,5,Summer,57.6,66.0
Bengaluru,2023-05-21,33.45,59.99,,22.85,,,2.73,4.94,36.98,,,,61.8,,2023,5,6,Summer,58.9,61.7
Bengaluru,2023-05-22,36.25,64.17,,25.75,,,2.04,5.15,33.4,,,,58.2,,2023,5,0,Summer,61.8,59.5
Bengaluru,2023-05-23,36.94,62.96,,26.09,,,2.54,5.31,39.31,,,,58.2,,2023,5,1,Summer,58.2,59.7
Bengaluru,2023-05-24,30.3,62.02,,25.63,,,3.32,4.36,38.64,,,,61.9,,2023,5,2,Summer,58.2,59.4
Bengaluru,2023-05-25,37.66,59.84,,26.66,,,2.53,4.54,34.58,,,,73.1,,2023,5,3,Summer,61.9,59.4
Bengaluru,2023-05-26,34.84,65.74,,21.2,,,3.04,5.26,35.38,,,,65.7,,2023,5,4,Summer,73.1,64.4
Bengaluru,2023-05-27,35.44,76.49,,17.25,,,1.71,5.4,34.44,,,,65.0,,2023,5,5,Summer,65.7,66.9
Bengaluru,2023-05-28,32.21,70.82,,16.25,,,0.11,5.6,36.04,,,,61.9,,2023,5,6,Summer,65.0,67.9
Bengaluru,2023-05-29,27.82,70.14,,15.23,,,0.0,5.42,37.77,,,,55.0,,2023,5,0,Summer,61.9,64.2
Bengaluru,2023-05-30,28.12,70.2,,16.53,,,0.0,5.25,39.57,,,,72.4,,2023,5,1,Summer,55.0,60.6
Bengaluru,2023-05-31,42.48,69.13,,21.28,,,1.76,4.35,41.32,,,,65.0,,2023,5,2,Summer,72.4,63.1
Bengaluru,2023-06-01,38.57,63.09,,19.62,,,1.17,4.98,38.01,,,,53.7,,2023,6,3,Monsoon,65.0,64.1
Bengaluru,2023-06-02,30.06,54.93,,20.94,,,0.67,4.72,30.63,,,,51.7,,2023,6,4,Monsoon,53.7,63.7
Bengaluru,2023-06-03,23.57,46.47,,23.92,,,0.72,4.25,25.97,,,,44.4,,2023,6,5,Monsoon,51.7,56.8
Bengaluru,2023-06-04,24.05,54.55,,21.1,,,1.39,3.71,23.81,,,,60.1,,2023,6,6,Monsoon,44.4,50.0
Bengaluru,2023-06-05,17.5,56.52,,24.19,,,1.26,4.05,24.3,,,,52.0,,2023,6,0,Monsoon,60.1,52.1
Bengaluru,2023-06-06,18.29,54.36,,21.18,,,1.46,5.25,24.47,,,,57.2,,2023,6,1,Monsoon,52.0,52.2
Bengaluru,2023-06-07,18.93,50.13,,19.27,,,0.97,5.28,22.17,,,,48.2,,2023,6,2,Monsoon,57.2,56.4
Bengaluru,2023-06-08,25.58,34.45,,18.86,,,1.13,6.36,24.7,,,,45.1,,2023,6,3,Monsoon,48.2,52.5
Bengaluru,2023-06-09,22.62,27.7,,19.35,,,0.87,5.51,22.32,,,,54.6,,2023,6,4,Monsoon,45.1,50.2
Bengaluru,2023-06-10,28.09,37.62,,17.82,,,1.16,4.57,27.47,,,,47.6,,2023,6,5,Monsoon,54.6,49.3
Bengaluru,2023-06-11,19.16,47.0,,19.68,,,1.24,3.7,26.55,,,,44.9,,2023,6,6,Monsoon,47.6,49.1
Bengaluru,2023-06-12,18.12,56.92,,18.69,,,0.44,3.35,29.18,,,,52.4,,2023,6,0,Monsoon,44.9,49.0
Bengaluru,2023-06-13,19.74,53.95,,17.79,,,0.56,3.37,20.03,,,,45.0,,2023,6,1,Monsoon,52.4,48.3
Bengaluru,2023-06-14,19.75,58.81,,18.18,,,1.35,4.54,24.28,,,,51.9,,2023,6,2,Monsoon,45.0,47.4
Bengaluru,2023-06-15,20.6,51.69,,19.96,,,1.47,5.85,29.81,,,,37.5,,2023,6,3,Monsoon,51.9,49.7
Bengaluru,2023-06-16,18.11,58.92,,20.19,,,1.4,6.48,24.46,,,,42.0,,2023,6,4,Monsoon,37.5,44.8
Bengaluru,2023-06-17,14.88,49.22,,21.19,,,1.47,6.46,17.61,,,,40.1,,2023,6,5,Monsoon,42.0,43.8
Bengaluru,2023-06-18,13.59,57.82,,18.78,,,1.38,5.24,16.63,,,,56.7,,2023,6,6,Monsoon,40.1,39.9
Bengaluru,2023-06-19,14.64,48.33,,14.66,,,1.12,5.25,14.09,,,,60.9,,2023,6,0,Monsoon,56.7,46.3
Bengaluru,2023-06-20,18.99,51.03,,18.9,,,0.85,5.68,13.69,,,,61.5,,2023,6,1,Monsoon,60.9,52.6
Bengaluru,2023-06-21,21.11,54.07,,17.31,,,0.7,5.93,16.44,,,,67.9,,2023,6,2,Monsoon,61.5,59.7
Bengaluru,2023-06-22,19.73,44.78,,15.87,,,1.01,6.33,18.14,,,,52.8,,2023,6,3,Monsoon,67.9,63.5
Bengaluru,2023-06-23,21.82,43.41,,17.61,,,0.75,5.52,17.62,,,,44.3,,2023,6,4,Monsoon,52.8,60.7
Bengaluru,2023-06-24,21.17,47.96,,10.34,,,0.74,4.8,23.52,,,,35.2,,2023,6,5,Monsoon,44.3,55.0
Bengaluru,2023-06-25,21.3,59.05,,10.29,,,0.58,5.08,20.91,,,,36.0,,2023,6,6,Monsoon,35.2,44.1
Bengaluru,2023-06-26,19.66,75.78,,15.04,,,1.02,5.84,16.3,,,,52.0,,2023,6,0,Monsoon,36.0,38.5
Bengaluru,2023-06-27,23.31,63.54,,18.37,,,1.85,6.09,17.13,,,,45.3,,2023,6,1,Monsoon,52.0,41.1
Bengaluru,2023-06-28,21.94,70.38,,15.03,,,1.69,4.54,17.58,,,,52.6,,2023,6,2,Monsoon,45.3,44.4
Bengaluru,2023-06-29,24.46,61.98,,12.77,,,1.15,6.08,15.9,,,,62.7,,2023,6,3,Monsoon,52.6,50.0
Bengaluru,2023-06-30,22.62,59.67,,15.94,,,1.06,6.48,23.08,,,,42.0,,2023,6,4,Monsoon,62.7,53.5
Bengaluru,2023-07-01,28.2,55.25,,20.05,,,0.76,5.89,24.69,,,,52.2,,2023,7,5,Monsoon,42.0,52.4
Bengaluru,2023-07-02,30.96,51.3,,18.24,,,1.35,5.42,26.03,,,,33.8,,2023,7,6,Monsoon,52.2,52.3
Bengaluru,2023-07-03,31.16,54.76,,16.77,,,1.59,4.85,12.89,,,,34.4,,2023,7,0,Monsoon,33.8,42.7
Bengaluru,2023-07-04,22.32,61.66,,15.89,,,3.92,4.77,19.83,,,,56.1,,2023,7,1,Monsoon,34.4,40.1
Bengaluru,2023-07-05,19.37,66.2,,16.7,,,4.03,4.73,18.98,,,,74.6,,2023,7,2,Monsoon,56.1,41.4
Bengaluru,2023-07-06,19.96,69.58,,21.3,,,1.86,5.37,21.93,,,,76.6,,2023,7,3,Monsoon,74.6,55.0
Bengaluru,2023-07-07,28.14,61.99,,19.19,,,1.25,5.77,21.35,,,,80.9,,2023,7,4,Monsoon,76.6,69.1
Bengaluru,2023-07-08,25.81,57.39,,16.74,,,0.07,5.52,20.5,,,,71.9,,2023,7,5,Monsoon,80.9,77.4
Bengaluru,2023-07-09,34.27,62.29,,15.53,,,0.58,5.83,16.61,,,,64.2,,2023,7,6,Monsoon,71.9,76.5
Bengaluru,2023-07-10,41.48,64.48,,17.06,,,0.0,6.41,14.57,,,,50.5,,2023,7,0,Monsoon,64.2,72.3
Bengaluru,2023-07-11,38.28,65.91,,21.74,,,0.48,6.03,17.58,,,,54.9,,2023,7,1,Monsoon,50.5,62.2
Bengaluru,2023-07-12,21.06,81.22,,22.32,,,2.05,5.77,21.92,,,,61.1,,2023,7,2,Monsoon,54.9,56.5
Bengaluru,2023-07-13,17.57,79.24,,22.37,,,4.06,5.04,23.33,,,,71.7,,2023,7,3,Monsoon,61.1,55.5
Bengaluru,2023-07-14,30.29,74.68,,22.24,,,2.73,5.45,23.45,,,,70.9,,2023,7,4,Monsoon,71.7,62.6
Bengaluru,2023-07-15,20.48,82.86,,17.44,,,4.3,4.43,25.1,,,,65.3,,2023,7,5,Monsoon,70.9,67.9
Bengaluru,2023-07-16,25.68,83.37,,17.64,,,1.57,5.89,26.1,,,,78.5,,2023,7,6,Monsoon,65.3,69.3
Bengaluru,2023-07-17,31.85,76.09,,17.7,,,3.01,5.81,27.1,,,,82.8,,2023,7,0,Monsoon,78.5,71.6
Bengaluru,2023-07-18,21.72,71.22,,16.17,,,4.19,5.3,26.08,,,,100.7,,2023,7,1,Monsoon,82.8,75.6
Bengaluru,2023-07-19,24.1,69.69,,17.7,,,3.63,4.83,28.85,,,,87.5,,2023,7,2,Monsoon,100.7,87.4
Bengaluru,2023-07-20,18.35,63.12,,17.35,,,4.81,4.91,22.34,,,,84.6,,2023,7,3,Monsoon,87.5,90.3
Bengaluru,2023-07-21,21.55,53.71,,16.2,,,3.13,4.56,23.27,,,,72.0,,2023,7,4,Monsoon,84.6,90.9
Bengaluru,2023-07-22,17.77,58.54,,21.07,,,0.56,5.45,24.52,,,,62.8,,2023,7,5,Monsoon,72.0,81.3
Bengaluru,2023-07-23,20.57,57.01,,20.36,,,0.56,5.22,20.37,,,,54.6,,2023,7,6,Monsoon,62.8,73.1
Bengaluru,2023-07-24,23.66,63.5,,22.22,,,1.69,4.86,24.58,,,,65.0,,2023,7,0,Monsoon,54.6,63.2
Bengaluru,2023-07-25,23.5,63.08,,21.84,,,1.84,4.27,26.59,,,,66.8,,2023,7,1,Monsoon,65.0,60.8
Bengaluru,2023-07-26,21.83,65.29,,19.14,,,2.08,4.89,24.45,,,,60.7,,2023,7,2,Monsoon,66.8,62.1
Bengaluru,2023-07-27,22.28,62.96,,20.96,,,4.3,4.7,28.93,,,,60.3,,2023,7,3,Monsoon,60.7,64.2
Bengaluru,2023-07-28,23.56,60.3,,19.77,,,3.4,5.88,28.12,,,,65.0,,2023,7,4,Monsoon,60.3,62.6
Bengaluru,2023-07-29,15.78,55.57,,16.32,,,0.0,4.93,27.56,,,,75.4,,2023,7,5,Monsoon,65.0,62.0
Bengaluru,2023-07-30,19.22,49.32,,15.44,,,0.0,4.55,28.27,,,,69.5,,2023,7,6,Monsoon,75.4,66.9
Bengaluru,2023-07-31,12.49,59.21,,20.65,,,4.51,5.73,23.44,,,,96.8,,2023,7,0,Monsoon,69.5,70.0
Bengaluru,2023-08-01,14.51,57.54,,20.89,,,5.37,5.02,18.06,,,,94.8,,2023,8,1,Monsoon,96.8,80.6
Bengaluru,2023-08-02,21.56,58.99,,20.74,,,7.76,5.03,13.75,,,,117.4,,2023,8,2,Monsoon,94.8,87.0
Bengaluru,2023-08-03,20.71,61.0,,22.13,,,4.14,4.3,10.27,,,,95.9,,2023,8,3,Monsoon,117.4,103.0
Bengaluru,2023-08-04,25.74,60.94,,19.16,,,0.66,4.14,9.97,,,,82.6,,2023,8,4,Monsoon,95.9,102.7
Bengaluru,2023-08-05,19.65,65.0,,18.72,,,1.14,4.16,13.9,,,,79.2,,2023,8,5,Monsoon,82.6,98.6
Bengaluru,2023-08-06,20.96,65.04,,18.21,,,1.32,4.38,14.58,,,,68.7,,2023,8,6,Monsoon,79.2,85.9
Bengaluru,2023-08-07,19.66,60.87,,19.53,,,5.12,4.98,12.46,,,,88.4,,2023,8,0,Monsoon,68.7,76.8
Bengaluru,2023-08-08,19.3,64.28,,18.17,,,5.57,4.86,10.52,,,,98.0,,2023,8,1,Monsoon,88.4,78.8
Bengaluru,2023-08-09,24.88,62.82,,20.94,,,7.12,4.63,7.48,,,,129.4,,2023,8,2,Monsoon,98.0,85.1
Bengaluru,2023-08-10,29.03,61.34,,17.37,,,2.71,4.7,11.97,,,,103.0,,2023,8,3,Monsoon,129.4,105.3
Bengaluru,2023-08-11,23.21,67.05,,19.53,,,3.27,5.04,10.37,,,,93.8,,2023,8,4,Monsoon,103.0,110.2
Bengaluru,2023-08-12,21.16,57.11,,21.26,,,3.4,5.64,17.52,,,,81.5,,2023,8,5,Monsoon,93.8,108.7
Bengaluru,2023-08-13,19.45,54.24,,22.85,,,5.33,4.75,15.58,,,,83.6,,2023,8,6,Monsoon,81.5,92.8
Bengaluru,2023-08-14,23.87,55.32,,21.13,,,8.74,5.15,17.71,,,,107.8,,2023,8,0,Monsoon,83.6,86.3
Bengaluru,2023-08-15,21.36,58.2,,21.19,,,8.89,4.47,17.75,,,,115.0,,2023,8,1,Monsoon,107.8,91.0
Bengaluru,2023-08-16,18.27,57.3,,20.6,,,7.83,5.3,15.52,,,,127.1,,2023,8,2,Monsoon,115.0,102.1
Bengaluru,2023-08-17,18.27,60.65,,21.26,,,6.53,5.54,20.09,,,,130.6,,2023,8,3,Monsoon,127.1,116.7
Bengaluru,2023-08-18,17.04,71.76,,21.29,,,9.65,4.79,24.12,,,,147.6,,2023,8,4,Monsoon,130.6,124.2
Bengaluru,2023-08-19,16.33,65.94,,21.37,,,9.0,5.11,21.47,,,,165.3,,2023,8,5,Monsoon,147.6,135.1
Bengaluru,2023-08-20,16.54,67.86,,19.81,,,6.95,4.94,19.36,,,,146.2,,2023,8,6,Monsoon,165.3,147.8
Bengaluru,2023-08-21,23.09,62.5,,18.62,,,8.33,5.71,12.83,,,,143.2,,2023,8,0,Monsoon,146.2,153.0
Bengaluru,2023-08-22,16.3,57.98,,13.97,,,4.2,5.21,14.51,,,,103.1,,2023,8,1,Monsoon,143.2,151.6
Bengaluru,2023-08-23,18.52,57.58,,18.44,,,6.09,5.57,14.66,,,,121.6,,2023,8,2,Monsoon,103.1,130.8
Bengaluru,2023-08-24,14.24,52.63,,18.79,,,4.97,6.17,15.11,,,,97.2,,2023,8,3,Monsoon,121.6,122.6
Bengaluru,2023-08-25,20.19,60.59,,20.43,,,3.05,5.29,12.71,,,,81.0,,2023,8,4,Monsoon,97.2,107.3
Bengaluru,2023-08-26,16.37,53.92,,18.98,,,2.08,4.66,14.94,,,,68.6,,2023,8,5,Monsoon,81.0,99.9
Bengaluru,2023-08-27,16.65,56.03,,17.12,,,3.09,4.51,11.61,,,,71.4,,2023,8,6,Monsoon,68.6,82.3
Bengaluru,2023-08-28,15.37,58.71,,19.94,,,3.58,4.9,12.69,,,,76.2,,2023,8,0,Monsoon,71.4,73.7
Bengaluru,2023-08-29,19.98,57.09,,18.62,,,4.19,3.82,14.07,,,,85.0,,2023,8,1,Monsoon,76.2,72.1
Bengaluru,2023-08-30,21.87,65.3,,17.91,,,2.96,4.55,17.06,,,,62.8,,2023,8,2,Monsoon,85.0,77.5
Bengaluru,2023-08-31,22.67,54.89,,18.15,,,2.19,4.71,14.57,,,,64.2,,2023,8,3,Monsoon,62.8,74.7
Bengaluru,2023-09-01,23.06,57.52,,20.62,,,3.13,6.0,19.6,,,,64.6,,2023,9,4,Monsoon,64.2,70.7
Bengaluru,2023-09-02,23.75,48.5,,19.89,,,0.83,5.26,17.05,,,,40.3,,2023,9,5,Monsoon,64.6,63.9
Bengaluru,2023-09-03,23.33,57.48,,23.48,,,0.19,5.19,13.64,,,,30.8,,2023,9,6,Monsoon,40.3,56.4
Bengaluru,2023-09-04,18.57,57.36,,23.63,,,1.07,4.63,15.86,,,,39.2,,2023,9,0,Monsoon,30.8,45.2
Bengaluru,2023-09-05,25.64,55.94,,25.04,,,1.0,4.72,19.82,,,,50.7,,2023,9,1,Monsoon,39.2,36.8
Bengaluru,2023-09-06,21.43,59.62,,25.64,,,1.82,4.66,21.03,,,,66.6,,2023,9,2,Monsoon,50.7,40.3
Bengaluru,2023-09-07,16.22,62.29,,23.33,,,0.27,5.03,21.97,,,,57.3,,2023,9,3,Monsoon,66.6,52.2
Bengaluru,2023-09-08,16.2,57.91,,22.84,,,0.77,5.49,23.21,,,,68.6,,2023,9,4,Monsoon,57.3,58.2
Bengaluru,2023-09-09,19.7,57.24,,23.94,,,0.59,4.9,18.58,,,,69.1,,2023,9,5,Monsoon,68.6,64.1
Bengaluru,2023-09-10,19.24,60.22,,21.24,,,0.23,4.97,18.67,,,,70.2,,2023,9,6,Monsoon,69.1,65.0
Bengaluru,2023-09-11,24.6,63.14,,18.52,,,2.43,6.33,21.28,,,,58.8,,2023,9,0,Monsoon,70.2,69.3
Bengaluru,2023-09-12,24.27,62.64,,23.64,,,1.45,5.96,20.29,,,,66.8,,2023,9,1,Monsoon,58.8,66.1
Bengaluru,2023-09-13,31.29,71.87,,25.81,,,0.0,5.48,21.37,,,,65.9,,2023,9,2,Monsoon,66.8,65.3
Bengaluru,2023-09-14,29.69,71.07,,22.5,,,1.22,5.54,22.95,,,,72.7,,2023,9,3,Monsoon,65.9,63.9
Bengaluru,2023-09-15,30.61,68.4,,23.19,,,1.51,5.36,24.68,,,,73.4,,2023,9,4,Monsoon,72.7,68.5
Bengaluru,2023-09-16,36.73,76.82,,23.29,,,2.73,3.29,21.74,,,,65.3,,2023,9,5,Monsoon,73.4,70.7
Bengaluru,2023-09-17,30.25,70.05,,24.56,,,1.32,3.0,21.82,,,,69.4,,2023,9,6,Monsoon,65.3,70.5
Bengaluru,2023-09-18,31.13,66.0,,22.47,,,1.7,3.43,25.05,,,,49.0,,2023,9,0,Monsoon,69.4,69.4
Bengaluru,2023-09-19,28.06,60.85,,19.58,,,2.24,4.4,24.81,,,,58.7,,2023,9,1,Monsoon,49.0,61.2
Bengaluru,2023-09-20,24.97,61.66,,26.42,,,2.77,4.47,23.66,,,,42.6,,2023,9,2,Monsoon,58.7,59.0
Bengaluru,2023-09-21,16.35,61.51,,28.3,,,3.29,4.99,20.67,,,,62.2,,2023,9,3,Monsoon,42.6,50.1
Bengaluru,2023-09-22,15.31,65.06,,27.1,,,4.03,4.88,19.36,,,,55.5,,2023,9,4,Monsoon,62.2,54.5
Bengaluru,2023-09-23,18.1,62.62,,33.32,,,2.8,5.07,17.12,,,,40.8,,2023,9,5,Monsoon,55.5,53.4
Bengaluru,2023-09-24,15.49,63.41,,32.93,,,2.61,5.4,17.31,,,,49.5,,2023,9,6,Monsoon,40.8,52.8
Bengaluru,2023-09-25,16.64,73.25,,29.7,,,0.21,5.19,18.33,,,,62.7,,2023,9,0,Monsoon,49.5,48.6
Bengaluru,2023-09-26,15.06,68.25,,29.84,,,1.76,4.41,18.23,,,,59.1,,2023,9,1,Monsoon,62.7,51.0
Bengaluru,2023-09-27,13.8,70.21,,33.71,,,0.94,4.95,21.93,,,,58.2,,2023,9,2,Monsoon,59.1,57.1
Bengaluru,2023-09-28,23.54,73.46,,23.96,,,2.13,4.47,22.11,,,,53.2,,2023,9,3,Monsoon,58.2,60.0
Bengaluru,2023-09-29,21.38,63.05,,24.1,,,2.77,5.65,26.82,,,,61.7,,2023,9,4,Monsoon,53.2,56.8
Bengaluru,2023-09-30,26.3,72.27,,24.55,,,3.35,5.17,27.63,,,,59.2,,2023,9,5,Monsoon,61.7,57.7
Bengaluru,2023-10-01,25.47,76.99,,27.94,,,2.21,5.37,30.67,,,,58.1,,2023,10,6,Post-Monsoon,59.2,58.0
Bengaluru,2023-10-02,28.29,71.37,,35.43,,,1.63,5.39,30.64,,,,66.7,,2023,10,0,Post-Monsoon,58.1,59.6
Bengaluru,2023-10-03,30.51,86.41,,31.96,,,0.99,5.06,24.99,,,,85.6,,2023,10,1,Post-Monsoon,66.7,61.3
Bengaluru,2023-10-04,41.21,87.87,,35.59,,,0.99,5.0,24.87,,,,82.0,,2023,10,2,Post-Monsoon,85.6,70.1
Bengaluru,2023-10-05,38.77,100.38,,34.37,,,1.29,5.36,25.64,,,,77.6,,2023,10,3,Post-Monsoon,82.0,78.1
Bengaluru,2023-10-06,31.43,97.85,,32.82,,,1.24,5.31,31.79,,,,71.1,,2023,10,4,Post-Monsoon,77.6,81.7
Bengaluru,2023-10-07,22.39,95.69,,30.45,,,1.31,5.24,31.77,,,,65.1,,2023,10,5,Post-Monsoon,71.1,76.9
Bengaluru,2023-10-08,23.76,95.32,,31.63,,,1.45,6.05,28.3,,,,66.2,,2023,10,6,Post-Monsoon,65.1,71.3
Bengaluru,2023-10-09,25.66,86.6,,32.99,,,1.03,5.84,25.76,,,,77.9,,2023,10,0,Post-Monsoon,66.2,67.5
Bengaluru,2023-10-10,31.53,93.39,,33.23,,,1.13,6.32,24.23,,,,73.1,,2023,10,1,Post-Monsoon,77.9,69.7
Bengaluru,2023-10-11,34.83,65.54,,32.05,,,0.81,5.8,21.84,,,,73.9,,2023,10,2,Post-Monsoon,73.1,72.4
Bengaluru,2023-10-12,36.88,74.7,,32.44,,,1.22,5.6,22.99,,,,59.6,,2023,10,3,Post-Monsoon,73.9,75.0
Bengaluru,2023-10-13,45.29,83.53,,30.57,,,1.29,4.85,23.12,,,,78.4,,2023,10,4,Post-Monsoon,59.6,68.8
Bengaluru,2023-10-14,39.72,73.84,,32.0,,,1.25,5.22,24.57,,,,73.3,,2023,10,5,Post-Monsoon,78.4,70.6
Bengaluru,2023-10-15,39.03,89.01,,32.29,,,1.5,4.96,17.69,,,,92.5,,2023,10,6,Post-Monsoon,73.3,70.4
Bengaluru,2023-10-16,29.81,82.14,,31.78,,,1.62,4.94,17.26,,,,87.1,,2023,10,0,Post-Monsoon,92.5,81.4
Bengaluru,2023-10-17,29.52,87.56,,31.38,,,1.32,5.04,18.39,,,,86.1,,2023,10,1,Post-Monsoon,87.1,84.3
Bengaluru,2023-10-18,37.04,81.5,,29.23,,,1.26,5.34,22.57,,,,73.8,,2023,10,2,Post-Monsoon,86.1,88.6
Bengaluru,2023-10-19,28.14,78.26,,28.07,,,1.07,5.22,25.05,,,,70.1,,2023,10,3,Post-Monsoon,73.8,82.3
Bengaluru,2023-10-20,32.13,83.57,,29.59,,,1.22,5.17,22.72,,,,83.4,,2023,10,4,Post-Monsoon,70.1,76.7
Bengaluru,2023-10-21,31.71,68.78,,29.69,,,1.32,4.62,28.25,,,,68.5,,2023,10,5,Post-Monsoon,83.4,75.7
Bengaluru,2023-10-22,34.32,54.41,,30.38,,,1.08,4.24,23.33,,,,67.5,,2023,10,6,Post-Monsoon,68.5,74.0
Bengaluru,2023-10-23,40.48,66.62,,28.59,,,0.93,5.27,18.09,,,,68.5,,2023,10,0,Post-Monsoon,67.5,73.1
Bengaluru,2023-10-24,33.79,84.91,,28.56,,,1.34,5.49,17.13,,,,67.1,,2023,10,1,Post-Monsoon,68.5,68.2
Bengaluru,2023-10-25,34.66,102.68,,27.89,,,1.38,5.08,18.13,,,,78.5,,2023,10,2,Post-Monsoon,67.1,67.7
Bengaluru,2023-10-26,27.75,121.49,,25.82,,,1.29,4.94,25.18,,,,80.2,,2023,10,3,Post-Monsoon,78.5,71.4
Bengaluru,2023-10-27,41.15,118.09,,28.65,,,1.38,4.55,22.99,,,,100.8,,2023,10,4,Post-Monsoon,80.2,75.3
Bengaluru,2023-10-28,33.86,104.07,,27.32,,,1.44,4.15,24.12,,,,107.6,,2023,10,5,Post-Monsoon,100.8,86.5
Bengaluru,2023-10-29,25.03,107.58,,33.7,,,1.76,4.13,22.8,,,,92.3,,2023,10,6,Post-Monsoon,107.6,96.2
Bengaluru,2023-10-30,27.8,112.17,,30.8,,,1.69,4.2,23.31,,,,100.4,,2023,10,0,Post-Monsoon,92.3,100.2
Bengaluru,2023-10-31,32.34,109.05,,29.88,,,1.28,4.62,26.94,,,,94.5,,2023,10,1,Post-Monsoon,100.4,100.1
Bengaluru,2023-11-01,41.7,98.35,,30.38,,,1.1,4.45,21.75,,,,83.6,,2023,11,2,Post-Monsoon,94.5,95.7
Bengaluru,2023-11-02,39.47,95.77,,32.56,,,1.0,4.36,19.47,,,,88.5,,2023,11,3,Post-Monsoon,83.6,92.8
Bengaluru,2023-11-03,47.78,104.47,,33.28,,,1.23,4.76,24.4,,,,95.9,,2023,11,4,Post-Monsoon,88.5,88.9
Bengaluru,2023-11-04,42.31,81.89,,29.72,,,1.16,4.62,32.51,,,,87.7,,2023,11,5,Post-Monsoon,95.9,89.3
Bengaluru,2023-11-05,47.32,76.33,,28.25,,,1.03,3.96,32.73,,,,81.0,,2023,11,6,Post-Monsoon,87.7,90.7
Bengaluru,2023-11-06,50.37,81.16,,28.05,,,1.04,5.14,36.01,,,,75.6,,2023,11,0,Post-Monsoon,81.0,88.2
Bengaluru,2023-11-07,51.02,91.64,,29.2,,,1.07,4.0,38.39,,,,82.6,,2023,11,1,Post-Monsoon,75.6,81.4
Bengaluru,2023-11-08,49.93,72.39,,27.82,,,1.13,4.43,39.88,,,,78.4,,2023,11,2,Post-Monsoon,82.6,79.8
Bengaluru,2023-11-09,48.99,76.98,,26.31,,,1.17,3.58,37.09,,,,71.5,,2023,11,3,Post-Monsoon,78.4,78.9
Bengaluru,2023-11-10,36.81,85.99,,26.98,,,1.36,4.22,26.92,,,,68.2,,2023,11,4,Post-Monsoon,71.5,77.5
Bengaluru,2023-11-11,35.81,97.58,,23.44,,,1.26,5.09,26.85,,,,74.5,,2023,11,5,Post-Monsoon,68.2,72.7
Bengaluru,2023-11-12,33.86,101.11,,22.43,,,1.13,4.98,24.4,,,,101.8,,2023,11,6,Post-Monsoon,74.5,71.4
Bengaluru,2023-11-13,38.63,101.52,,27.68,,,1.32,4.29,17.34,,,,91.5,,2023,11,0,Post-Monsoon,101.8,81.5
Bengaluru,2023-11-14,36.7,101.47,,28.99,,,1.25,4.37,18.28,,,,79.4,,2023,11,1,Post-Monsoon,91.5,89.2
Bengaluru,2023-11-15,42.23,102.54,,32.97,,,1.28,4.16,21.4,,,,94.1,,2023,11,2,Post-Monsoon,79.4,90.9
Bengaluru,2023-11-16,47.51,98.49,,31.14,,,1.29,4.77,21.98,,,,81.3,,2023,11,3,Post-Monsoon,94.1,88.3
Bengaluru,2023-11-17,43.45,108.68,,33.37,,,1.09,4.29,29.43,,,,78.8,,2023,11,4,Post-Monsoon,81.3,84.9
Bengaluru,2023-11-18,44.24,91.97,,35.05,,,1.2,3.98,29.49,,,,82.4,,2023,11,5,Post-Monsoon,78.8,84.7
Bengaluru,2023-11-19,30.57,65.5,,31.93,,,1.0,4.22,24.94,,,,77.5,,2023,11,6,Post-Monsoon,82.4,80.8
Bengaluru,2023-11-20,37.31,70.98,,33.04,,,1.0,3.9,32.7,,,,72.6,,2023,11,0,Post-Monsoon,77.5,79.6
Bengaluru,2023-11-21,39.19,98.57,,28.75,,,1.23,4.53,30.62,,,,85.9,,2023,11,1,Post-Monsoon,72.6,77.5
Bengaluru,2023-11-22,34.08,87.08,,30.06,,,1.31,4.94,36.11,,,,82.4,,2023,11,2,Post-Monsoon,85.9,78.7
Bengaluru,2023-11-23,43.2,83.0,,32.1,,,1.29,4.96,35.54,,,,66.5,,2023,11,3,Post-Monsoon,82.4,80.3
Bengaluru,2023-11-24,35.87,84.72,,27.49,,,1.33,5.23,34.82,,,,61.4,,2023,11,4,Post-Monsoon,66.5,78.3
Bengaluru,2023-11-25,44.29,102.48,,27.86,,,1.24,5.14,34.25,,,,72.8,,2023,11,5,Post-Monsoon,61.4,70.1
Bengaluru,2023-11-26,41.67,102.9,,33.14,,,1.15,4.27,27.69,,,,93.4,,2023,11,6,Post-Monsoon,72.8,66.9
Bengaluru,2023-11-27,37.94,82.46,,33.5,,,1.21,5.18,29.28,,,,89.0,,2023,11,0,Post-Monsoon,93.4,75.9
Bengaluru,2023-11-28,46.97,74.76,,32.01,,,1.04,4.83,28.39,,,,90.5,,2023,11,1,Post-Monsoon,89.0,85.1
Bengaluru,2023-11-29,47.99,84.69,,31.63,,,0.97,5.02,27.87,,,,86.3,,2023,11,2,Post-Monsoon,90.5,91.0
Bengaluru,2023-11-30,47.0,87.96,,30.74,,,1.38,4.76,31.93,,,,86.8,,2023,11,3,Post-Monsoon,86.3,88.6
Bengaluru,2023-12-01,46.14,85.5,,33.2,,,1.08,5.1,23.81,,,,77.7,,2023,12,4,Winter,86.8,87.8
Bengaluru,2023-12-02,47.23,83.02,,40.26,,,0.97,4.49,31.68,,,,77.6,,2023,12,5,Winter,77.7,83.6
Bengaluru,2023-12-03,52.6,99.52,,35.99,,,0.95,4.62,21.1,,,,79.9,,2023,12,6,Winter,77.6,80.7
Bengaluru,2023-12-04,57.44,100.85,,39.67,,,0.93,4.76,29.6,,,,80.3,,2023,12,0,Winter,79.9,78.4
Bengaluru,2023-12-05,56.55,98.74,,45.5,,,0.85,5.35,24.02,,,,88.3,,2023,12,1,Winter,80.3,79.2
Bengaluru,2023-12-06,53.51,92.47,,47.47,,,0.94,5.44,29.29,,,,83.3,,2023,12,2,Winter,88.3,82.8
Bengaluru,2023-12-07,62.76,85.77,,47.29,,,0.85,5.97,27.63,,,,96.8,,2023,12,3,Winter,83.3,84.0
Bengaluru,2023-12-08,65.95,86.28,,41.49,,,1.05,6.13,22.85,,,,88.0,,2023,12,4,Winter,96.8,89.5
Bengaluru,2023-12-09,60.23,90.4,,38.4,,,0.96,5.98,14.63,,,,85.5,,2023,12,5,Winter,88.0,89.4
Bengaluru,2023-12-10,55.4,85.92,,32.89,,,0.92,4.94,22.9,,,,94.6,,2023,12,6,Winter,85.5,90.1
Bengaluru,2023-12-11,61.37,81.29,,30.42,,,1.05,5.29,26.84,,,,77.5,,2023,12,0,Winter,94.6,89.4
Bengaluru,2023-12-12,51.12,84.49,,35.52,,,1.07,5.62,29.09,,,,77.8,,2023,12,1,Winter,77.5,85.9
Bengaluru,2023-12-13,55.13,89.29,,37.11,,,1.09,5.45,31.25,,,,81.9,,2023,12,2,Winter,77.8,83.3
Bengaluru,2023-12-14,55.65,100.54,,38.95,,,1.18,5.19,24.29,,,,76.7,,2023,12,3,Winter,81.9,79.1
Bengaluru,2023-12-15,55.67,101.33,,33.99,,,1.08,5.12,23.74,,,,90.0,,2023,12,4,Winter,76.7,78.8
Bengaluru,2023-12-16,56.86,95.05,,32.52,,,1.2,4.56,27.44,,,,82.6,,2023,12,5,Winter,90.0,82.9
Bengaluru,2023-12-17,57.73,90.57,,32.62,,,1.05,4.87,25.62,,,,85.2,,2023,12,6,Winter,82.6,83.1
Bengaluru,2023-12-18,51.28,96.05,,42.58,,,0.89,4.77,17.76,,,,84.5,,2023,12,0,Winter,85.2,85.9
Bengaluru,2023-12-19,45.95,95.97,,41.97,,,0.77,4.39,23.03,,,,86.3,,2023,12,1,Winter,84.5,84.1
Bengaluru,2023-12-20,44.13,81.17,,42.96,,,0.91,5.22,21.29,,,,81.4,,2023,12,2,Winter,86.3,85.3
Bengaluru,2023-12-21,36.47,93.01,,42.01,,,0.94,4.62,26.08,,,,79.6,,2023,12,3,Winter,81.4,84.1
Bengaluru,2023-12-22,39.0,82.67,,43.37,,,0.77,4.65,25.42,,,,85.4,,2023,12,4,Winter,79.6,82.4
Bengaluru,2023-12-23,38.5,96.82,,42.59,,,0.83,4.89,25.55,,,,84.0,,2023,12,5,Winter,85.4,82.1
Bengaluru,2023-12-24,38.76,96.47,,36.52,,,0.77,4.51,35.19,,,,89.4,,2023,12,6,Winter,84.0,83.0
Bengaluru,2023-12-25,44.48,86.23,,40.03,,,0.91,4.78,28.61,,,,85.9,,2023,12,0,Winter,89.4,86.2
Bengaluru,2023-12-26,43.18,81.89,,42.77,,,1.03,4.42,31.84,,,,74.0,,2023,12,1,Winter,85.9,86.4
Bengaluru,2023-12-27,39.61,83.36,,42.7,,,1.09,4.71,38.81,,,,70.4,,2023,12,2,Winter,74.0,83.1
Bengaluru,2023-12-28,31.13,92.6,,48.38,,,0.98,5.1,34.82,,,,66.6,,2023,12,3,Winter,70.4,76.8
Bengaluru,2023-12-29,41.85,81.4,,43.97,,,1.03,4.83,31.12,,,,70.7,,2023,12,4,Winter,66.6,70.3
Bengaluru,2023-12-30,43.17,74.45,,43.79,,,0.92,4.86,39.69,,,,73.0,,2023,12,5,Winter,70.7,69.2
Bengaluru,2023-12-31,42.82,88.92,,48.63,,,0.98,4.85,30.67,,,,74.6,,2023,12,6,Winter,73.0,70.1
Bengaluru,2024-01-01,43.4,94.71,,47.65,,,1.15,6.18,30.54,,,,71.4,,2024,1,0,Winter,74.6,72.8
Bengaluru,2024-01-02,42.31,95.23,,49.45,,,1.06,5.3,39.35,,,,74.7,,2024,1,1,Winter,71.4,73.0
Bengaluru,2024-01-03,45.87,96.56,,47.93,,,1.34,5.68,34.8,,,,76.7,,2024,1,2,Winter,74.7,73.6
Bengaluru,2024-01-04,47.48,102.1,,51.13,,,1.78,5.76,35.49,,,,93.4,,2024,1,3,Winter,76.7,74.3
Bengaluru,2024-01-05,50.74,95.65,,49.19,,,1.79,6.15,37.73,,,,88.0,,2024,1,4,Winter,93.4,81.6
Bengaluru,2024-01-06,53.89,94.26,,48.5,,,2.1,6.03,36.07,,,,81.8,,2024,1,5,Winter,88.0,86.0
Bengaluru,2024-01-07,56.59,90.96,,50.67,,,1.71,7.09,30.32,,,,82.9,,2024,1,6,Winter,81.8,87.7
Bengaluru,2024-01-08,53.63,102.86,,53.24,,,1.81,6.38,38.44,,,,95.4,,2024,1,0,Winter,82.9,84.2
Bengaluru,2024-01-09,53.39,88.99,,48.99,,,1.54,5.44,44.6,,,,91.7,,2024,1,1,Winter,95.4,86.7
Bengaluru,2024-01-10,55.98,95.85,,42.35,,,1.48,3.45,43.69,,,,81.7,,2024,1,2,Winter,91.7,90.0
Bengaluru,2024-01-11,45.59,92.82,,41.78,,,1.46,5.38,50.6,,,,74.2,,2024,1,3,Winter,81.7,89.6
Bengaluru,2024-01-12,49.78,96.29,,44.43,,,1.73,5.51,49.69,,,,73.7,,2024,1,4,Winter,74.2,82.5
Bengaluru,2024-01-13,47.41,93.7,,44.26,,,1.51,4.66,48.26,,,,78.2,,2024,1,5,Winter,73.7,76.5
Bengaluru,2024-01-14,51.63,99.07,,42.46,,,1.48,5.51,47.37,,,,68.0,,2024,1,6,Winter,78.2,75.4
Bengaluru,2024-01-15,48.69,89.7,,46.85,,,1.33,5.98,50.06,,,,76.5,,2024,1,0,Winter,68.0,73.3
Bengaluru,2024-01-16,43.28,93.44,,44.23,,,1.08,4.59,47.37,,,,78.6,,2024,1,1,Winter,76.5,74.2
Bengaluru,2024-01-17,38.26,104.37,,43.31,,,1.26,5.48,43.13,,,,88.4,,2024,1,2,Winter,78.6,74.4
Bengaluru,2024-01-18,39.72,97.24,,45.01,,,1.49,7.53,47.41,,,,83.9,,2024,1,3,Winter,88.4,81.2
Bengaluru,2024-01-19,35.46,109.19,,51.14,,,1.29,8.92,41.65,,,,81.1,,2024,1,4,Winter,83.9,83.6
Bengaluru,2024-01-20,31.01,103.01,,52.41,,,1.34,7.92,47.07,,,,82.5,,2024,1,5,Winter,81.1,84.5
Bengaluru,2024-01-21,43.89,113.58,,47.34,,,1.49,6.83,43.5,,,,81.1,,2024,1,6,Winter,82.5,82.5
Bengaluru,2024-01-22,50.37,117.91,,46.21,,,1.01,5.62,44.3,,,,87.1,,2024,1,0,Winter,81.1,81.6
Bengaluru,2024-01-23,47.71,119.38,,47.44,,,0.77,7.51,42.96,,,,101.3,,2024,1,1,Winter,87.1,83.6
Bengaluru,2024-01-24,49.32,123.88,,47.17,,,1.11,9.21,47.88,,,,102.8,,2024,1,2,Winter,101.3,89.9
Bengaluru,2024-01-25,48.53,122.48,,51.05,,,1.13,9.18,52.37,,,,88.2,,2024,1,3,Winter,102.8,97.1
Bengaluru,2024-01-26,41.93,119.98,,48.14,,,1.19,9.04,51.98,,,,89.6,,2024,1,4,Winter,88.2,97.5
Bengaluru,2024-01-27,44.77,117.68,,49.15,,,1.25,10.18,49.25,,,,84.0,,2024,1,5,Winter,89.6,93.6
Bengaluru,2024-01-28,41.95,107.93,,49.23,,,1.47,8.26,46.34,,,,87.8,,2024,1,6,Winter,84.0,87.3
Bengaluru,2024-01-29,44.74,103.06,,45.46,,,1.31,6.11,43.73,,,,85.7,,2024,1,0,Winter,87.8,87.1
Bengaluru,2024-01-30,47.26,107.2,,45.25,,,1.47,7.44,42.79,,,,86.3,,2024,1,1,Winter,85.7,85.8
Bengaluru,2024-01-31,48.46,109.3,,49.07,,,1.21,8.5,42.98,,,,96.5,,2024,1,2,Winter,86.3,86.6
Bengaluru,2024-02-01,52.13,115.76,,45.21,,,0.72,6.66,44.13,,,,102.3,,2024,2,3,Winter,96.5,89.5
Bengaluru,2024-02-02,44.77,111.43,,45.26,,,1.75,5.54,42.81,,,,111.6,,2024,2,4,Winter,102.3,95.0
Bengaluru,2024-02-03,41.27,95.54,,40.21,,,1.42,5.41,41.24,,,,104.0,,2024,2,5,Winter,111.6,103.4
Bengaluru,2024-02-04,40.62,94.37,,32.33,,,1.39,5.67,46.04,,,,88.9,,2024,2,6,Winter,104.0,106.0
Bengaluru,2024-02-05,34.1,103.0,,35.84,,,0.5,5.0,50.16,,,,101.7,,2024,2,0,Winter,88.9,101.5
Bengaluru,2024-02-06,26.81,98.34,,42.96,,,0.59,4.94,47.03,,,,87.5,,2024,2,1,Winter,101.7,98.2
Bengaluru,2024-02-07,25.59,109.72,,34.72,,,1.52,5.43,41.27,,,,84.6,,2024,2,2,Winter,87.5,92.7
Bengaluru,2024-02-08,37.92,112.16,,33.85,,,2.33,6.42,43.01,,,,83.9,,2024,2,3,Winter,84.6,91.2
Bengaluru,2024-02-09,38.62,111.4,,34.87,,,1.11,6.88,38.52,,,,91.9,,2024,2,4,Winter,83.9,85.3
Bengaluru,2024-02-10,37.45,99.33,,28.65,,,1.22,6.36,41.22,,,,91.5,,2024,2,5,Winter,91.9,86.8
Bengaluru,2024-02-11,38.31,108.69,,26.28,,,0.25,6.39,38.22,,,,84.3,,2024,2,6,Winter,91.5,89.1
Bengaluru,2024-02-12,44.25,105.79,,30.58,,,0.55,5.4,37.74,,,,91.7,,2024,2,0,Winter,84.3,89.2
Bengaluru,2024-02-13,40.13,117.2,,27.29,,,2.0,4.97,38.47,,,,86.7,,2024,2,1,Winter,91.7,89.2
Bengaluru,2024-02-14,42.9,107.41,,28.22,,,3.64,4.48,39.53,,,,75.3,,2024,2,2,Winter,86.7,87.6
Bengaluru,2024-02-15,50.43,111.41,,29.09,,,3.37,4.28,40.24,,,,69.9,,2024,2,3,Winter,75.3,84.6
Bengaluru,2024-02-16,56.65,104.04,,37.95,,,2.13,5.73,44.78,,,,74.2,,2024,2,4,Winter,69.9,77.3
Bengaluru,2024-02-17,42.99,96.48,,38.6,,,1.71,5.27,46.86,,,,80.1,,2024,2,5,Winter,74.2,73.1
Bengaluru,2024-02-18,38.71,102.31,,38.28,,,1.92,3.49,45.81,,,,85.0,,2024,2,6,Winter,80.1,74.7
Bengaluru,2024-02-19,45.0,95.85,,39.67,,,2.08,3.18,51.33,,,,77.6,,2024,2,0,Winter,85.0,79.8
Bengaluru,2024-02-20,41.66,91.3,,39.82,,,2.2,3.34,51.4,,,,83.7,,2024,2,1,Winter,77.6,80.9
Bengaluru,2024-02-21,34.96,104.59,,42.88,,,2.24,4.8,49.44,,,,96.1,,2024,2,2,Winter,83.7,82.1
Bengaluru,2024-02-22,47.2,94.66,,45.38,,,1.95,5.1,42.56,,,,89.5,,2024,2,3,Winter,96.1,85.8
Bengaluru,2024-02-23,42.03,92.87,,39.02,,,1.58,5.03,43.3,,,,74.2,,2024,2,4,Winter,89.5,89.8
Bengaluru,2024-02-24,35.38,96.72,,34.91,,,1.7,5.91,44.18,,,,90.6,,2024,2,5,Winter,74.2,86.6
Bengaluru,2024-02-25,36.17,90.29,,38.36,,,1.51,6.08,47.26,,,,85.2,,2024,2,6,Winter,90.6,84.8
Bengaluru,2024-02-26,39.49,94.65,,35.06,,,2.45,6.04,47.47,,,,85.4,,2024,2,0,Winter,85.2,83.3
Bengaluru,2024-02-27,40.77,100.44,,39.09,,,1.95,6.4,47.22,,,,91.3,,2024,2,1,Winter,85.4,87.1
Bengaluru,2024-02-28,37.8,102.65,,31.04,,,2.27,6.54,48.4,,,,88.5,,2024,2,2,Winter,91.3,87.3
Bengaluru,2024-02-29,41.79,116.07,,38.91,,,2.14,6.26,50.34,,,,82.9,,2024,2,3,Winter,88.5,88.4
Bengaluru,2024-03-01,41.04,124.34,,38.31,,,1.21,6.02,48.93,,,,89.8,,2024,3,4,Summer,82.9,87.6
Bengaluru,2024-03-02,42.81,107.35,,31.88,,,1.64,4.53,45.42,,,,93.8,,2024,3,5,Summer,89.8,87.1
Bengaluru,2024-03-03,42.17,93.97,,27.1,,,1.16,4.07,45.96,,,,83.7,,2024,3,6,Summer,93.8,88.8
Bengaluru,2024-03-04,52.38,107.19,,30.19,,,1.76,4.36,45.47,,,,88.6,,2024,3,0,Summer,83.7,89.1
Bengaluru,2024-03-05,50.57,112.83,,31.76,,,1.35,4.37,48.31,,,,99.5,,2024,3,1,Summer,88.6,88.7
Bengaluru,2024-03-06,46.36,95.76,,30.59,,,2.0,4.91,43.39,,,,90.8,,2024,3,2,Summer,99.5,90.6
Bengaluru,2024-03-07,43.65,111.33,,30.27,,,1.93,4.52,43.11,,,,84.7,,2024,3,3,Summer,90.8,92.9
Bengaluru,2024-03-08,39.19,124.88,,31.15,,,1.57,4.76,45.5,,,,98.0,,2024,3,4,Summer,84.7,91.7
Bengaluru,2024-03-09,41.4,116.07,,32.15,,,1.01,4.73,42.4,,,,84.8,,2024,3,5,Summer,98.0,91.2
Bengaluru,2024-03-10,52.14,117.12,,28.38,,,0.79,4.56,48.33,,,,81.7,,2024,3,6,Summer,84.8,89.2
Bengaluru,2024-03-11,50.11,111.95,,31.08,,,0.23,4.68,46.89,,,,81.5,,2024,3,0,Summer,81.7,88.2
Bengaluru,2024-03-12,48.6,122.56,,26.17,,,0.34,4.42,45.47,,,,99.0,,2024,3,1,Summer,81.5,82.7
Bengaluru,2024-03-13,46.27,120.23,,25.86,,,0.94,4.75,43.26,,,,108.9,,2024,3,2,Summer,99.0,87.4
Bengaluru,2024-03-14,45.96,124.42,,26.77,,,1.01,5.05,44.16,,,,112.2,,2024,3,3,Summer,108.9,96.5
Bengaluru,2024-03-15,48.36,106.36,,31.6,,,0.8,4.13,44.76,,,,108.9,,2024,3,4,Summer,112.2,106.7
Bengaluru,2024-03-16,54.24,86.16,,28.87,,,0.91,3.27,45.18,,,,110.6,,2024,3,5,Summer,108.9,110.0
Bengaluru,2024-03-17,50.26,99.32,,29.92,,,0.42,3.54,45.47,,,,90.2,,2024,3,6,Summer,110.6,110.6
Bengaluru,2024-03-18,55.22,99.89,,33.03,,,0.79,3.83,46.72,,,,89.7,,2024,3,0,Summer,90.2,103.2
Bengaluru,2024-03-19,49.18,105.29,,29.55,,,1.41,3.66,49.45,,,,92.3,,2024,3,1,Summer,89.7,96.8
Bengaluru,2024-03-20,56.5,102.81,,33.12,,,0.93,4.24,55.35,,,,100.3,,2024,3,2,Summer,92.3,90.7
Bengaluru,2024-03-21,51.68,110.22,,30.96,,,0.07,4.93,48.62,,,,107.7,,2024,3,3,Summer,100.3,94.1
Bengaluru,2024-03-22,47.86,110.32,,27.11,,,0.93,5.88,47.26,,,,101.1,,2024,3,4,Summer,107.7,100.1
Bengaluru,2024-03-23,50.99,123.53,,29.74,,,0.62,6.52,42.79,,,,95.6,,2024,3,5,Summer,101.1,103.0
Bengaluru,2024-03-24,49.87,115.74,,28.58,,,1.26,6.26,37.28,,,,94.3,,2024,3,6,Summer,95.6,101.5
Bengaluru,2024-03-25,52.42,107.8,,26.99,,,0.73,6.34,39.52,,,,98.0,,2024,3,0,Summer,94.3,97.0
Bengaluru,2024-03-26,46.6,113.97,,26.54,,,0.83,6.58,44.56,,,,105.8,,2024,3,1,Summer,98.0,96.0
Bengaluru,2024-03-27,42.53,92.28,,28.67,,,1.17,6.08,44.53,,,,93.3,,2024,3,2,Summer,105.8,99.3
Bengaluru,2024-03-28,54.02,83.45,,31.02,,,1.04,5.44,44.17,,,,81.9,,2024,3,3,Summer,93.3,99.0
Bengaluru,2024-03-29,53.78,103.64,,31.87,,,0.7,5.36,47.02,,,,103.7,,2024,3,4,Summer,81.9,93.7
Bengaluru,2024-03-30,47.28,97.82,,28.9,,,0.0,4.87,47.14,,,,90.7,,2024,3,5,Summer,103.7,93.0
Bengaluru,2024-03-31,36.45,104.26,,25.62,,,0.95,4.62,40.54,,,,79.7,,2024,3,6,Summer,90.7,92.1
Bengaluru,2024-04-01,37.42,111.17,,20.12,,,1.33,5.23,35.56,,,,94.2,,2024,4,0,Summer,79.7,91.4
Bengaluru,2024-04-02,40.6,100.09,,24.64,,,1.38,6.29,40.26,,,,84.8,,2024,4,1,Summer,94.2,88.2
Bengaluru,2024-04-03,38.84,102.29,,23.07,,,1.9,3.89,46.47,,,,84.7,,2024,4,2,Summer,84.8,86.2
Bengaluru,2024-04-04,41.44,113.89,,14.95,,,1.1,4.77,52.04,,,,92.8,,2024,4,3,Summer,84.7,87.9
Bengaluru,2024-04-05,42.2,99.86,,12.33,,,1.36,4.53,58.2,,,,82.3,,2024,4,4,Summer,92.8,87.4
Bengaluru,2024-04-06,43.32,86.66,,16.39,,,1.39,4.16,60.05,,,,70.7,,2024,4,5,Summer,82.3,86.6
Bengaluru,2024-04-07,36.91,86.96,,24.87,,,2.2,3.6,66.74,,,,73.0,,2024,4,6,Summer,70.7,81.9
Bengaluru,2024-04-08,35.35,80.3,,23.95,,,1.87,2.88,70.13,,,,67.8,,2024,4,0,Summer,73.0,75.3
Bengaluru,2024-04-09,34.57,65.22,,24.62,,,1.71,3.96,63.88,,,,61.8,,2024,4,1,Summer,67.8,70.5
Bengaluru,2024-04-10,37.18,73.24,,24.88,,,2.05,4.61,64.23,,,,65.0,,2024,4,2,Summer,61.8,67.5
Bengaluru,2024-04-11,43.12,83.24,,27.89,,,1.03,5.4,67.55,,,,70.0,,2024,4,3,Summer,65.0,64.9
Bengaluru,2024-04-12,40.42,88.26,,25.12,,,0.89,5.56,69.56,,,,72.9,,2024,4,4,Summer,70.0,65.6
Bengaluru,2024-04-13,36.27,76.17,,24.43,,,1.17,5.48,57.97,,,,58.3,,2024,4,5,Summer,72.9,69.3
Bengaluru,2024-04-14,37.79,93.99,,20.28,,,1.31,6.73,55.46,,,,65.7,,2024,4,6,Summer,58.3,67.1
Bengaluru,2024-04-15,31.37,102.77,,18.94,,,1.74,5.49,46.13,,,,64.2,,2024,4,0,Summer,65.7,65.6
Bengaluru,2024-04-16,32.92,101.08,,21.68,,,2.67,5.13,48.23,,,,73.1,,2024,4,1,Summer,64.2,62.7
Bengaluru,2024-04-17,30.67,98.18,,23.83,,,1.58,6.29,49.5,,,,82.8,,2024,4,2,Summer,73.1,67.6
Bengaluru,2024-04-18,35.0,95.04,,25.02,,,2.15,5.18,56.44,,,,73.1,,2024,4,3,Summer,82.8,73.3
Bengaluru,2024-04-19,30.85,81.77,,26.18,,,1.73,4.02,58.3,,,,72.8,,2024,4,4,Summer,73.1,76.3
Bengaluru,2024-04-20,32.73,70.45,,26.06,,,1.42,3.74,56.89,,,,69.9,,2024,4,5,Summer,72.8,76.2
Bengaluru,2024-04-21,32.97,66.46,,23.42,,,0.77,4.13,52.51,,,,68.9,,2024,4,6,Summer,69.9,71.9
Bengaluru,2024-04-22,28.69,86.67,,26.84,,,1.55,3.37,52.79,,,,75.9,,2024,4,0,Summer,68.9,70.5
Bengaluru,2024-04-23,29.18,97.33,,26.58,,,0.98,3.28,46.48,,,,82.1,,2024,4,1,Summer,75.9,71.6
Bengaluru,2024-04-24,33.96,101.35,,24.92,,,0.82,2.9,55.26,,,,81.9,,2024,4,2,Summer,82.1,75.6
Bengaluru,2024-04-25,35.28,85.57,,25.14,,,1.44,3.3,59.11,,,,76.0,,2024,4,3,Summer,81.9,80.0
Bengaluru,2024-04-26,35.01,80.9,,20.25,,,1.49,3.19,59.39,,,,75.9,,2024,4,4,Summer,76.0,80.0
Bengaluru,2024-04-27,33.09,91.19,,20.69,,,0.65,4.42,37.08,,,,80.6,,2024,4,5,Summer,75.9,77.9
Bengaluru,2024-04-28,27.14,85.67,,19.92,,,1.03,6.04,42.74,,,,85.9,,2024,4,6,Summer,80.6,77.5
Bengaluru,2024-04-29,31.79,81.96,,23.99,,,1.27,4.74,39.51,,,,82.7,,2024,4,0,Summer,85.9,80.8
Bengaluru,2024-04-30,34.07,102.29,,19.09,,,1.64,4.36,46.71,,,,87.9,,2024,4,1,Summer,82.7,83.1
Bengaluru,2024-05-01,29.98,86.23,,24.09,,,1.9,4.57,42.42,,,,74.3,,2024,5,2,Summer,87.9,85.5
Bengaluru,2024-05-02,35.57,81.82,,30.0,,,2.44,4.26,34.9,,,,75.3,,2024,5,3,Summer,74.3,81.6
Bengaluru,2024-05-03,39.39,64.76,,27.55,,,1.53,4.26,36.73,,,,77.8,,2024,5,4,Summer,75.3,79.2
Bengaluru,2024-05-04,36.06,64.38,,26.07,,,0.58,4.39,39.78,,,,72.2,,2024,5,5,Summer,77.8,75.8
Bengaluru,2024-05-05,36.21,58.56,,23.68,,,0.0,4.39,30.69,,,,60.2,,2024,5,6,Summer,72.2,75.1
Bengaluru,2024-05-06,37.82,57.46,,21.4,,,0.15,4.23,31.07,,,,76.2,,2024,5,0,Summer,60.2,70.1
Bengaluru,2024-05-07,41.2,65.99,,25.4,,,0.0,4.05,28.33,,,,81.1,,2024,5,1,Summer,76.2,69.5
Bengaluru,2024-05-08,36.39,58.99,,24.0,,,0.75,4.28,31.93,,,,63.9,,2024,5,2,Summer,81.1,72.5
Bengaluru,2024-05-09,38.65,57.82,,23.77,,,0.48,4.86,31.02,,,,66.2,,2024,5,3,Summer,63.9,73.7
Bengaluru,2024-05-10,33.38,58.46,,25.41,,,1.34,5.87,34.56,,,,65.0,,2024,5,4,Summer,66.2,70.4
Bengaluru,2024-05-11,28.05,59.79,,24.32,,,1.45,5.58,35.48,,,,58.1,,2024,5,5,Summer,65.0,65.0
Bengaluru,2024-05-12,29.53,53.25,,22.89,,,1.69,5.89,34.5,,,,69.2,,2024,5,6,Summer,58.1,63.1
Bengaluru,2024-05-13,25.26,51.5,,27.73,,,1.42,5.61,30.2,,,,63.6,,2024,5,0,Summer,69.2,64.1
Bengaluru,2024-05-14,30.8,50.44,,26.24,,,1.66,5.25,27.71,,,,66.7,,2024,5,1,Summer,63.6,63.6
Bengaluru,2024-05-15,36.02,53.78,,25.08,,,0.96,5.11,28.78,,,,59.5,,2024,5,2,Summer,66.7,66.5
Bengaluru,2024-05-16,42.46,63.16,,27.2,,,0.23,5.25,31.06,,,,68.9,,2024,5,3,Summer,59.5,63.2
Bengaluru,2024-05-17,34.11,67.56,,32.06,,,1.84,5.66,33.58,,,,73.4,,2024,5,4,Summer,68.9,65.0
Bengaluru,2024-05-18,30.08,69.45,,30.36,,,2.76,5.43,31.21,,,,67.6,,2024,5,5,Summer,73.4,67.3
Bengaluru,2024-05-19,31.01,60.63,,28.18,,,3.14,4.35,31.99,,,,59.0,,2024,5,6,Summer,67.6,70.0
Bengaluru,2024-05-20,28.52,61.11,,28.61,,,1.99,4.84,29.96,,,,62.6,,2024,5,0,Summer,59.0,66.6
Bengaluru,2024-05-21,27.38,63.04,,27.47,,,2.52,5.05,26.99,,,,45.0,,2024,5,1,Summer,62.6,63.1
Bengaluru,2024-05-22,27.32,73.9,,31.48,,,2.01,5.89,23.01,,,,34.9,,2024,5,2,Summer,45.0,55.5
Bengaluru,2024-05-23,27.08,69.94,,32.28,,,2.02,5.99,23.95,,,,38.4,,2024,5,3,Summer,34.9,47.5
Bengaluru,2024-05-24,30.72,72.29,,30.53,,,2.37,5.17,29.78,,,,40.5,,2024,5,4,Summer,38.4,39.4
Bengaluru,2024-05-25,27.58,71.94,,27.14,,,2.44,5.71,28.95,,,,50.1,,2024,5,5,Summer,40.5,37.9
Bengaluru,2024-05-26,29.25,63.9,,23.23,,,2.76,5.66,32.72,,,,65.2,,2024,5,6,Summer,50.1,43.0
Bengaluru,2024-05-27,28.65,73.75,,21.41,,,0.87,4.97,32.03,,,,61.6,,2024,5,0,Summer,65.2,51.9
Bengaluru,2024-05-28,32.92,72.28,,19.49,,,0.79,4.8,26.3,,,,55.2,,2024,5,1,Summer,61.6,59.0
Bengaluru,2024-05-29,30.04,77.87,,21.72,,,0.0,5.19,34.35,,,,71.5,,2024,5,2,Summer,55.2,60.7
Bengaluru,2024-05-30,22.8,69.72,,23.92,,,0.0,5.43,33.64,,,,63.2,,2024,5,3,Summer,71.5,62.8
Bengaluru,2024-05-31,27.31,74.91,,22.18,,,0.0,5.75,31.03,,,,71.5,,2024,5,4,Summer,63.2,63.3
Bengaluru,2024-06-01,27.27,72.41,,17.98,,,0.74,5.16,27.54,,,,60.4,,2024,6,5,Monsoon,71.5,68.7
Bengaluru,2024-06-02,26.03,60.66,,21.38,,,1.14,6.02,29.51,,,,58.6,,2024,6,6,Monsoon,60.4,65.0
Bengaluru,2024-06-03,26.65,68.78,,21.07,,,0.51,5.62,26.79,,,,66.5,,2024,6,0,Monsoon,58.6,63.5
Bengaluru,2024-06-04,27.52,67.77,,19.32,,,0.58,4.29,24.3,,,,61.8,,2024,6,1,Monsoon,66.5,61.8
Bengaluru,2024-06-05,27.23,76.69,,19.49,,,0.72,4.52,24.07,,,,58.1,,2024,6,2,Monsoon,61.8,62.3
Bengaluru,2024-06-06,25.75,72.56,,19.77,,,1.09,5.08,17.82,,,,66.0,,2024,6,3,Monsoon,58.1,62.1
Bengaluru,2024-06-07,22.71,59.88,,17.37,,,1.07,5.43,14.05,,,,65.0,,2024,6,4,Monsoon,66.0,62.0
Bengaluru,2024-06-08,18.12,58.04,,17.91,,,1.82,5.79,11.99,,,,59.5,,2024,6,5,Monsoon,65.0,63.0
Bengaluru,2024-06-09,18.17,58.75,,18.22,,,1.42,5.26,11.45,,,,64.7,,2024,6,6,Monsoon,59.5,63.5
Bengaluru,2024-06-10,20.74,63.92,,17.92,,,0.94,4.87,16.46,,,,53.5,,2024,6,0,Monsoon,64.7,63.1
Bengaluru,2024-06-11,26.04,52.89,,18.88,,,1.3,6.0,19.14,,,,43.4,,2024,6,1,Monsoon,53.5,59.3
Bengaluru,2024-06-12,21.05,59.16,,21.93,,,0.84,5.49,12.41,,,,39.5,,2024,6,2,Monsoon,43.4,53.9
Bengaluru,2024-06-13,21.11,68.59,,22.27,,,0.84,5.62,14.07,,,,59.6,,2024,6,3,Monsoon,39.5,45.5
Bengaluru,2024-06-14,21.98,50.79,,19.84,,,0.78,4.98,18.82,,,,53.2,,2024,6,4,Monsoon,59.6,47.5
Bengaluru,2024-06-15,21.2,59.72,,17.68,,,0.65,6.1,19.76,,,,51.2,,2024,6,5,Monsoon,53.2,50.8
Bengaluru,2024-06-16,21.21,59.91,,18.5,,,0.39,5.21,28.12,,,,48.4,,2024,6,6,Monsoon,51.2,54.7
Bengaluru,2024-06-17,23.34,48.35,,18.16,,,0.89,5.17,17.41,,,,47.8,,2024,6,0,Monsoon,48.4,50.9
Bengaluru,2024-06-18,19.9,53.32,,16.46,,,0.92,4.69,15.8,,,,44.1,,2024,6,1,Monsoon,47.8,49.1
Bengaluru,2024-06-19,17.55,42.61,,19.39,,,0.98,4.11,20.56,,,,36.9,,2024,6,2,Monsoon,44.1,46.7
Bengaluru,2024-06-20,16.99,48.96,,21.5,,,1.02,3.81,15.67,,,,36.6,,2024,6,3,Monsoon,36.9,42.9
Bengaluru,2024-06-21,18.86,46.1,,19.76,,,1.15,3.47,21.45,,,,29.8,,2024,6,4,Monsoon,36.6,39.2
Bengaluru,2024-06-22,17.75,51.43,,21.39,,,1.09,3.04,22.09,,,,35.6,,2024,6,5,Monsoon,29.8,34.4
Bengaluru,2024-06-23,12.18,54.88,,23.05,,,0.71,3.76,19.95,,,,55.3,,2024,6,6,Monsoon,35.6,34.0
Bengaluru,2024-06-24,18.02,59.61,,22.37,,,0.83,3.9,20.59,,,,59.0,,2024,6,0,Monsoon,55.3,40.2
Bengaluru,2024-06-25,23.38,65.78,,18.44,,,1.28,4.53,23.24,,,,54.1,,2024,6,1,Monsoon,59.0,49.9
Bengaluru,2024-06-26,30.54,54.3,,16.54,,,2.13,4.95,20.29,,,,49.9,,2024,6,2,Monsoon,54.1,56.1
Bengaluru,2024-06-27,30.39,54.98,,16.78,,,1.94,5.43,24.37,,,,60.0,,2024,6,3,Monsoon,49.9,54.3
Bengaluru,2024-06-28,28.29,57.42,,18.02,,,1.73,5.69,23.71,,,,66.3,,2024,6,4,Monsoon,60.0,54.6
Bengaluru,2024-06-29,29.45,45.79,,17.89,,,1.42,4.99,23.94,,,,62.8,,2024,6,5,Monsoon,66.3,58.7
Bengaluru,2024-06-30,25.96,35.61,,15.88,,,0.24,5.51,26.62,,,,57.4,,2024,6,6,Monsoon,62.8,63.0
Bengaluru,2024-07-01,35.18,45.08,,12.28,,,2.71,5.55,28.52,,,,50.3,,2024,7,0,Monsoon,57.4,62.2
Bengaluru,2024-07-02,32.07,49.34,,12.94,,,1.26,5.86,23.63,,,,40.6,,2024,7,1,Monsoon,50.3,56.8
Bengaluru,2024-07-03,18.37,55.96,,18.15,,,0.0,5.44,26.29,,,,58.0,,2024,7,2,Monsoon,40.6,49.4
Bengaluru,2024-07-04,15.71,56.72,,19.97,,,0.34,6.15,20.7,,,,60.3,,2024,7,3,Monsoon,58.0,49.6
Bengaluru,2024-07-05,24.69,59.96,,18.57,,,1.85,6.28,18.97,,,,58.1,,2024,7,4,Monsoon,60.3,52.9
Bengaluru,2024-07-06,13.91,64.06,,17.82,,,2.07,5.44,19.92,,,,65.1,,2024,7,5,Monsoon,58.1,58.8
Bengaluru,2024-07-07,21.29,61.96,,19.8,,,1.72,5.35,19.98,,,,60.2,,2024,7,6,Monsoon,65.1,61.2
Bengaluru,2024-07-08,26.14,61.26,,18.86,,,3.26,6.28,18.53,,,,64.1,,2024,7,0,Monsoon,60.2,61.1
Bengaluru,2024-07-09,26.42,65.08,,19.53,,,3.52,6.46,19.93,,,,72.2,,2024,7,1,Monsoon,64.1,63.1
Bengaluru,2024-07-10,27.46,66.05,,20.38,,,3.28,5.88,19.08,,,,61.1,,2024,7,2,Monsoon,72.2,65.5
Bengaluru,2024-07-11,19.01,58.11,,18.06,,,3.24,5.46,19.59,,,,41.1,,2024,7,3,Monsoon,61.1,65.8
Bengaluru,2024-07-12,32.57,66.97,,19.75,,,1.88,6.32,27.19,,,,41.1,,2024,7,4,Monsoon,41.1,58.1
Bengaluru,2024-07-13,30.81,57.54,,19.25,,,1.94,5.92,27.53,,,,46.1,,2024,7,5,Monsoon,41.1,47.8
Bengaluru,2024-07-14,24.03,55.4,,20.85,,,3.29,5.09,29.47,,,,38.0,,2024,7,6,Monsoon,46.1,42.8
Bengaluru,2024-07-15,32.57,70.72,,21.09,,,4.4,5.37,26.33,,,,56.0,,2024,7,0,Monsoon,38.0,41.7
Bengaluru,2024-07-16,19.99,69.8,,21.84,,,5.15,5.5,22.6,,,,66.4,,2024,7,1,Monsoon,56.0,46.7
Bengaluru,2024-07-17,35.59,67.58,,21.61,,,3.32,5.27,28.26,,,,59.9,,2024,7,2,Monsoon,66.4,53.5
Bengaluru,2024-07-18,23.34,64.43,,16.15,,,1.94,4.81,28.55,,,,53.8,,2024,7,3,Monsoon,59.9,60.8
Bengaluru,2024-07-19,30.3,72.84,,19.32,,,2.42,4.74,21.52,,,,57.4,,2024,7,4,Monsoon,53.8,60.0
Bengaluru,2024-07-20,21.2,72.48,,25.14,,,0.02,4.95,20.23,,,,61.5,,2024,7,5,Monsoon,57.4,57.0
Bengaluru,2024-07-21,22.3,64.19,,23.31,,,0.0,4.14,22.77,,,,51.9,,2024,7,6,Monsoon,61.5,57.6
Bengaluru,2024-07-22,27.04,57.04,,26.34,,,0.71,4.0,24.02,,,,47.1,,2024,7,0,Monsoon,51.9,56.9
Bengaluru,2024-07-23,27.19,63.38,,26.37,,,1.23,4.77,23.22,,,,69.9,,2024,7,1,Monsoon,47.1,53.5
Bengaluru,2024-07-24,33.27,59.04,,24.32,,,1.61,4.65,19.05,,,,59.9,,2024,7,2,Monsoon,69.9,56.3
Bengaluru,2024-07-25,43.6,64.7,,16.73,,,3.37,5.42,19.27,,,,67.8,,2024,7,3,Monsoon,59.9,59.0
Bengaluru,2024-07-26,30.53,62.45,,21.42,,,0.87,5.11,20.42,,,,62.6,,2024,7,4,Monsoon,67.8,65.9
Bengaluru,2024-07-27,36.59,61.89,,19.29,,,1.61,5.48,18.2,,,,69.1,,2024,7,5,Monsoon,62.6,63.4
Bengaluru,2024-07-28,33.09,61.45,,19.34,,,1.3,4.58,19.29,,,,62.0,,2024,7,6,Monsoon,69.1,66.5
Bengaluru,2024-07-29,39.49,64.23,,21.57,,,3.13,4.71,21.98,,,,61.0,,2024,7,0,Monsoon,62.0,64.5
Bengaluru,2024-07-30,34.13,59.41,,22.18,,,2.4,4.78,26.11,,,,48.0,,2024,7,1,Monsoon,61.0,64.0
Bengaluru,2024-07-31,27.61,67.48,,22.11,,,2.85,4.81,25.68,,,,41.0,,2024,7,2,Monsoon,48.0,57.0
Bengaluru,2024-08-01,24.36,73.39,,20.24,,,2.06,4.55,22.51,,,,46.3,,2024,8,3,Monsoon,41.0,50.0
Bengaluru,2024-08-02,25.16,70.5,,21.35,,,2.03,4.05,20.11,,,,56.8,,2024,8,4,Monsoon,46.3,45.1
Bengaluru,2024-08-03,20.6,70.28,,22.17,,,1.53,3.63,17.32,,,,80.5,,2024,8,5,Monsoon,56.8,48.0
Bengaluru,2024-08-04,18.91,73.75,,18.75,,,0.74,3.35,14.75,,,,72.7,,2024,8,6,Monsoon,80.5,61.2
Bengaluru,2024-08-05,17.44,65.92,,21.0,,,4.22,4.28,16.88,,,,74.7,,2024,8,0,Monsoon,72.7,70.0
Bengaluru,2024-08-06,17.23,60.19,,21.17,,,1.89,3.82,19.8,,,,81.7,,2024,8,1,Monsoon,74.7,76.0
Bengaluru,2024-08-07,20.21,66.23,,20.3,,,4.17,3.45,20.27,,,,79.6,,2024,8,2,Monsoon,81.7,76.4
Bengaluru,2024-08-08,19.92,69.48,,18.54,,,1.82,3.46,19.41,,,,64.1,,2024,8,3,Monsoon,79.6,78.7
Bengaluru,2024-08-09,18.19,63.68,,18.57,,,2.88,3.15,21.66,,,,62.5,,2024,8,4,Monsoon,64.1,75.1
Bengaluru,2024-08-10,24.23,67.83,,19.71,,,3.3,3.51,21.48,,,,58.8,,2024,8,5,Monsoon,62.5,68.7
Bengaluru,2024-08-11,16.19,66.54,,17.37,,,3.52,3.29,19.27,,,,49.3,,2024,8,6,Monsoon,58.8,61.8
Bengaluru,2024-08-12,18.73,69.69,,16.4,,,0.09,4.26,23.69,,,,51.4,,2024,8,0,Monsoon,49.3,56.8
Bengaluru,2024-08-13,20.32,58.19,,17.5,,,1.35,4.43,20.06,,,,44.2,,2024,8,1,Monsoon,51.4,53.1
Bengaluru,2024-08-14,24.79,59.83,,20.8,,,1.34,4.2,21.04,,,,35.1,,2024,8,2,Monsoon,44.2,48.3
Bengaluru,2024-08-15,19.5,65.96,,18.57,,,6.79,3.48,16.32,,,,71.4,,2024,8,3,Monsoon,35.1,43.6
Bengaluru,2024-08-16,20.55,51.41,,18.57,,,6.75,4.02,18.82,,,,88.3,,2024,8,4,Monsoon,71.4,50.2
Bengaluru,2024-08-17,22.87,50.26,,16.18,,,2.3,3.47,20.23,,,,59.0,,2024,8,5,Monsoon,88.3,64.9
Bengaluru,2024-08-18,22.84,51.52,,16.73,,,1.83,4.29,20.17,,,,54.2,,2024,8,6,Monsoon,59.0,72.9
Bengaluru,2024-08-19,21.95,66.26,,15.49,,,4.24,4.92,17.98,,,,76.1,,2024,8,0,Monsoon,54.2,67.2
Bengaluru,2024-08-20,15.44,62.46,,15.05,,,1.61,4.94,18.76,,,,66.7,,2024,8,1,Monsoon,76.1,63.1
Bengaluru,2024-08-21,15.99,64.3,,16.29,,,9.17,4.28,17.04,,,,88.3,,2024,8,2,Monsoon,66.7,65.7
Bengaluru,2024-08-22,15.08,57.65,,18.86,,,8.4,4.48,16.2,,,,111.2,,2024,8,3,Monsoon,88.3,77.0
Bengaluru,2024-08-23,16.14,58.95,,20.55,,,8.14,4.62,17.77,,,,132.4,,2024,8,4,Monsoon,111.2,88.7
Bengaluru,2024-08-24,18.52,60.13,,21.66,,,4.64,4.14,14.22,,,,114.3,,2024,8,5,Monsoon,132.4,110.6
Bengaluru,2024-08-25,12.57,61.39,,20.28,,,2.8,4.63,14.29,,,,99.7,,2024,8,6,Monsoon,114.3,119.3
Bengaluru,2024-08-26,20.64,58.54,,20.42,,,4.2,4.7,14.68,,,,100.3,,2024,8,0,Monsoon,99.7,115.5
Bengaluru,2024-08-27,14.44,57.92,,20.93,,,7.43,4.81,18.47,,,,111.4,,2024,8,1,Monsoon,100.3,104.8
Bengaluru,2024-08-28,21.56,56.12,,22.05,,,9.2,5.49,18.29,,,,130.4,,2024,8,2,Monsoon,111.4,103.8
Bengaluru,2024-08-29,16.3,59.81,,19.47,,,4.65,4.77,16.8,,,,111.5,,2024,8,3,Monsoon,130.4,114.0
Bengaluru,2024-08-30,19.18,57.89,,21.32,,,2.65,4.57,17.49,,,,103.5,,2024,8,4,Monsoon,111.5,117.8
Bengaluru,2024-08-31,20.66,56.02,,17.77,,,3.65,4.3,15.97,,,,75.0,,2024,8,5,Monsoon,103.5,115.1
Bengaluru,2024-09-01,17.9,65.3,,22.84,,,3.58,3.97,14.64,,,,82.0,,2024,9,6,Monsoon,75.0,96.7
Bengaluru,2024-09-02,21.43,70.93,,19.68,,,2.94,4.61,18.95,,,,82.1,,2024,9,0,Monsoon,82.0,86.8
Bengaluru,2024-09-03,22.96,67.43,,23.29,,,1.7,4.69,17.76,,,,61.7,,2024,9,1,Monsoon,82.1,79.7
Bengaluru,2024-09-04,21.53,73.02,,24.27,,,2.49,4.52,17.19,,,,64.1,,2024,9,2,Monsoon,61.7,75.3
Bengaluru,2024-09-05,21.99,75.16,,20.93,,,0.68,4.27,18.1,,,,75.2,,2024,9,3,Monsoon,64.1,69.3
Bengaluru,2024-09-06,20.92,70.6,,24.31,,,0.98,4.99,20.83,,,,61.9,,2024,9,4,Monsoon,75.2,67.0
Bengaluru,2024-09-07,27.48,77.98,,25.02,,,0.68,3.86,21.83,,,,61.8,,2024,9,5,Monsoon,61.9,67.1
Bengaluru,2024-09-08,31.29,75.58,,22.69,,,0.16,4.11,20.69,,,,59.9,,2024,9,6,Monsoon,61.8,66.3
Bengaluru,2024-09-09,34.06,82.99,,20.23,,,0.49,3.5,17.55,,,,66.2,,2024,9,0,Monsoon,59.9,61.2
Bengaluru,2024-09-10,34.06,84.94,,22.34,,,0.0,3.9,18.98,,,,70.9,,2024,9,1,Monsoon,66.2,62.6
Bengaluru,2024-09-11,33.6,76.05,,22.26,,,0.0,3.57,17.36,,,,57.3,,2024,9,2,Monsoon,70.9,65.6
Bengaluru,2024-09-12,32.02,71.14,,21.98,,,0.0,3.59,22.2,,,,52.0,,2024,9,3,Monsoon,57.3,64.8
Bengaluru,2024-09-13,27.83,63.63,,25.22,,,0.0,4.12,21.06,,,,67.5,,2024,9,4,Monsoon,52.0,60.1
Bengaluru,2024-09-14,25.84,62.69,,22.29,,,0.42,3.38,21.34,,,,71.9,,2024,9,5,Monsoon,67.5,59.0
Bengaluru,2024-09-15,15.36,57.73,,21.2,,,0.7,3.78,20.51,,,,67.2,,2024,9,6,Monsoon,71.9,63.8
Bengaluru,2024-09-16,14.93,65.94,,23.49,,,2.59,4.03,24.36,,,,71.5,,2024,9,0,Monsoon,67.2,68.9
Bengaluru,2024-09-17,5.71,74.25,,25.81,,,3.48,5.27,26.9,,,,76.7,,2024,9,1,Monsoon,71.5,70.2
Bengaluru,2024-09-18,18.17,81.57,,26.0,,,2.59,4.42,25.88,,,,76.0,,2024,9,2,Monsoon,76.7,71.8
Bengaluru,2024-09-19,15.3,69.59,,23.94,,,3.8,4.96,26.41,,,,81.4,,2024,9,3,Monsoon,76.0,74.7
Bengaluru,2024-09-20,18.36,61.3,,23.26,,,2.62,4.83,24.8,,,,74.4,,2024,9,4,Monsoon,81.4,78.0
Bengaluru,2024-09-21,23.6,60.73,,18.83,,,2.31,4.5,25.79,,,,62.0,,2024,9,5,Monsoon,74.4,77.3
Bengaluru,2024-09-22,25.56,62.99,,20.37,,,1.45,4.94,22.38,,,,59.8,,2024,9,6,Monsoon,62.0,72.6
Bengaluru,2024-09-23,22.67,67.39,,20.35,,,1.46,5.03,22.55,,,,56.4,,2024,9,0,Monsoon,59.8,65.4
Bengaluru,2024-09-24,22.06,68.35,,22.42,,,3.19,4.99,19.94,,,,58.0,,2024,9,1,Monsoon,56.4,59.4
Bengaluru,2024-09-25,16.45,70.25,,20.77,,,2.34,4.83,21.11,,,,55.6,,2024,9,2,Monsoon,58.0,58.1
Bengaluru,2024-09-26,16.94,76.39,,22.88,,,1.9,4.6,24.95,,,,59.0,,2024,9,3,Monsoon,55.6,56.7
Bengaluru,2024-09-27,16.86,70.59,,22.35,,,0.64,4.44,21.2,,,,54.2,,2024,9,4,Monsoon,59.0,57.5
Bengaluru,2024-09-28,21.51,66.3,,22.09,,,2.21,5.05,20.06,,,,51.3,,2024,9,5,Monsoon,54.2,56.3
Bengaluru,2024-09-29,18.39,68.47,,21.93,,,1.24,4.69,18.22,,,,58.0,,2024,9,6,Monsoon,51.3,54.8
Bengaluru,2024-09-30,15.16,73.2,,21.77,,,0.15,4.7,19.33,,,,58.5,,2024,9,0,Monsoon,58.0,54.5
Bengaluru,2024-10-01,22.67,94.36,,25.45,,,0.33,4.48,22.57,,,,79.5,,2024,10,1,Post-Monsoon,58.5,56.0
Bengaluru,2024-10-02,29.23,99.72,,28.87,,,0.16,5.34,24.87,,,,91.5,,2024,10,2,Post-Monsoon,79.5,65.3
Bengaluru,2024-10-03,25.3,86.33,,27.63,,,0.39,4.93,25.27,,,,92.9,,2024,10,3,Post-Monsoon,91.5,76.5
Bengaluru,2024-10-04,34.99,78.13,,26.85,,,0.81,5.59,25.12,,,,87.6,,2024,10,4,Post-Monsoon,92.9,87.9
Bengaluru,2024-10-05,34.62,84.93,,26.67,,,0.54,5.4,22.36,,,,77.7,,2024,10,5,Post-Monsoon,87.6,90.7
Bengaluru,2024-10-06,32.63,73.8,,26.08,,,0.85,4.46,22.12,,,,59.6,,2024,10,6,Post-Monsoon,77.7,86.1
Bengaluru,2024-10-07,30.06,82.58,,26.55,,,0.94,4.37,23.74,,,,54.0,,2024,10,0,Post-Monsoon,59.6,75.0
Bengaluru,2024-10-08,35.4,76.1,,28.1,,,0.89,4.61,21.28,,,,57.5,,2024,10,1,Post-Monsoon,54.0,63.8
Bengaluru,2024-10-09,44.3,65.87,,33.15,,,0.99,4.66,19.52,,,,54.9,,2024,10,2,Post-Monsoon,57.5,57.0
Bengaluru,2024-10-10,39.32,62.61,,31.94,,,1.48,4.63,18.17,,,,57.4,,2024,10,3,Post-Monsoon,54.9,55.5
Bengaluru,2024-10-11,39.89,60.22,,33.26,,,0.77,4.61,21.98,,,,49.4,,2024,10,4,Post-Monsoon,57.4,56.6
Bengaluru,2024-10-12,32.65,75.04,,30.81,,,1.16,5.06,20.43,,,,63.0,,2024,10,5,Post-Monsoon,49.4,53.9
Bengaluru,2024-10-13,29.43,101.24,,28.4,,,1.33,5.4,21.9,,,,68.9,,2024,10,6,Post-Monsoon,63.0,56.6
Bengaluru,2024-10-14,31.44,73.72,,29.87,,,1.3,5.46,15.07,,,,57.7,,2024,10,0,Post-Monsoon,68.9,60.4
Bengaluru,2024-10-15,29.72,82.05,,30.98,,,1.4,5.26,15.63,,,,69.1,,2024,10,1,Post-Monsoon,57.7,63.2
Bengaluru,2024-10-16,34.79,88.38,,30.59,,,1.43,6.04,16.15,,,,75.2,,2024,10,2,Post-Monsoon,69.1,65.2
Bengaluru,2024-10-17,39.49,82.15,,33.34,,,0.77,5.89,19.75,,,,71.5,,2024,10,3,Post-Monsoon,75.2,67.4
Bengaluru,2024-10-18,41.46,94.52,,33.02,,,0.86,6.37,22.92,,,,83.4,,2024,10,4,Post-Monsoon,71.5,71.9
Bengaluru,2024-10-19,38.48,98.31,,30.07,,,0.62,5.59,23.32,,,,88.0,,2024,10,5,Post-Monsoon,83.4,76.7
Bengaluru,2024-10-20,43.01,100.91,,28.88,,,0.87,4.74,25.82,,,,95.2,,2024,10,6,Post-Monsoon,88.0,80.9
Bengaluru,2024-10-21,46.51,94.32,,28.55,,,0.96,4.53,25.06,,,,92.7,,2024,10,0,Post-Monsoon,95.2,88.8
Bengaluru,2024-10-22,42.65,90.88,,27.6,,,1.04,5.16,24.32,,,,82.4,,2024,10,1,Post-Monsoon,92.7,92.0
Bengaluru,2024-10-23,34.06,104.1,,30.14,,,1.26,4.4,26.66,,,,87.9,,2024,10,2,Post-Monsoon,82.4,90.1
Bengaluru,2024-10-24,43.3,100.99,,27.12,,,1.28,4.81,24.26,,,,93.7,,2024,10,3,Post-Monsoon,87.9,87.7
Bengaluru,2024-10-25,32.78,107.27,,26.43,,,1.21,4.46,25.36,,,,96.1,,2024,10,4,Post-Monsoon,93.7,88.0
Bengaluru,2024-10-26,29.57,92.82,,24.51,,,1.41,4.44,24.27,,,,98.0,,2024,10,5,Post-Monsoon,96.1,92.6
Bengaluru,2024-10-27,38.61,82.55,,25.5,,,1.63,5.52,19.28,,,,91.6,,2024,10,6,Post-Monsoon,98.0,95.9
Bengaluru,2024-10-28,38.17,93.52,,25.7,,,1.3,4.99,19.54,,,,95.1,,2024,10,0,Post-Monsoon,91.6,95.2
Bengaluru,2024-10-29,31.91,85.12,,23.35,,,1.55,5.49,20.34,,,,85.3,,2024,10,1,Post-Monsoon,95.1,94.9
Bengaluru,2024-10-30,36.11,102.14,,27.03,,,1.02,5.04,18.83,,,,88.6,,2024,10,2,Post-Monsoon,85.3,90.7
Bengaluru,2024-10-31,33.23,99.48,,27.14,,,0.79,4.58,24.74,,,,96.1,,2024,10,3,Post-Monsoon,88.6,89.7
Bengaluru,2024-11-01,45.71,99.74,,27.15,,,0.9,5.19,27.42,,,,93.2,,2024,11,4,Post-Monsoon,96.1,90.0
Bengaluru,2024-11-02,25.94,107.99,,28.42,,,0.93,5.04,28.11,,,,90.0,,2024,11,5,Post-Monsoon,93.2,92.6
Bengaluru,2024-11-03,33.47,84.72,,28.56,,,0.94,5.04,29.31,,,,76.6,,2024,11,6,Post-Monsoon,90.0,93.1
Bengaluru,2024-11-04,30.45,87.16,,30.61,,,1.06,4.14,27.63,,,,75.8,,2024,11,0,Post-Monsoon,76.6,86.6
Bengaluru,2024-11-05,26.35,78.04,,32.6,,,1.03,4.36,28.08,,,,77.5,,2024,11,1,Post-Monsoon,75.8,80.8
Bengaluru,2024-11-06,33.87,79.75,,34.19,,,1.1,4.9,28.99,,,,80.5,,2024,11,2,Post-Monsoon,77.5,76.6
Bengaluru,2024-11-07,38.03,92.03,,34.78,,,0.98,4.41,26.85,,,,89.2,,2024,11,3,Post-Monsoon,80.5,77.9
Bengaluru,2024-11-08,29.92,93.46,,33.93,,,1.04,5.02,23.14,,,,79.5,,2024,11,4,Post-Monsoon,89.2,82.4
Bengaluru,2024-11-09,25.77,82.84,,31.29,,,1.2,4.29,19.96,,,,88.3,,2024,11,5,Post-Monsoon,79.5,83.1
Bengaluru,2024-11-10,36.61,90.06,,28.4,,,0.99,4.46,25.96,,,,84.8,,2024,11,6,Post-Monsoon,88.3,85.7
Bengaluru,2024-11-11,35.68,76.27,,23.26,,,1.16,4.11,25.96,,,,77.0,,2024,11,0,Post-Monsoon,84.8,84.2
Bengaluru,2024-11-12,41.16,97.09,,28.65,,,0.92,3.92,35.93,,,,99.3,,2024,11,1,Post-Monsoon,77.0,83.4
Bengaluru,2024-11-13,42.05,80.38,,31.33,,,0.97,4.16,37.12,,,,91.2,,2024,11,2,Post-Monsoon,99.3,87.0
Bengaluru,2024-11-14,34.77,78.82,,32.37,,,1.05,4.58,38.04,,,,80.2,,2024,11,3,Post-Monsoon,91.2,89.2
Bengaluru,2024-11-15,37.84,47.8,,30.5,,,1.02,4.96,33.58,,,,62.5,,2024,11,4,Post-Monsoon,80.2,90.2
Bengaluru,2024-11-16,43.42,63.85,,31.37,,,1.0,4.01,30.51,,,,61.3,,2024,11,5,Post-Monsoon,62.5,78.0
Bengaluru,2024-11-17,37.78,65.48,,31.99,,,1.21,3.32,31.28,,,,60.0,,2024,11,6,Post-Monsoon,61.3,68.0
Bengaluru,2024-11-18,43.96,58.05,,29.76,,,1.33,3.76,30.7,,,,66.0,,2024,11,0,Post-Monsoon,60.0,61.3
Bengaluru,2024-11-19,39.42,72.28,,33.69,,,1.24,4.53,32.93,,,,70.2,,2024,11,1,Post-Monsoon,66.0,62.4
Bengaluru,2024-11-20,42.74,87.68,,34.92,,,1.27,4.55,30.56,,,,66.3,,2024,11,2,Post-Monsoon,70.2,65.4
Bengaluru,2024-11-21,40.46,86.0,,29.38,,,0.89,4.98,40.21,,,,82.8,,2024,11,3,Post-Monsoon,66.3,67.5
Bengaluru,2024-11-22,39.02,85.76,,30.28,,,0.99,4.64,36.15,,,,79.8,,2024,11,4,Post-Monsoon,82.8,73.1
Bengaluru,2024-11-23,39.49,70.21,,29.43,,,1.01,4.61,32.42,,,,82.2,,2024,11,5,Post-Monsoon,79.8,76.3
Bengaluru,2024-11-24,36.72,75.25,,31.76,,,1.04,4.49,30.42,,,,86.3,,2024,11,6,Post-Monsoon,82.2,81.6
Bengaluru,2024-11-25,36.62,91.29,,30.9,,,1.14,4.21,29.21,,,,89.6,,2024,11,0,Post-Monsoon,86.3,82.8
Bengaluru,2024-11-26,22.41,89.15,,29.52,,,1.07,3.94,27.46,,,,85.5,,2024,11,1,Post-Monsoon,89.6,86.1
Bengaluru,2024-11-27,20.97,90.82,,32.81,,,1.17,4.34,32.34,,,,93.9,,2024,11,2,Post-Monsoon,85.5,87.2
Bengaluru,2024-11-28,38.54,83.89,,30.17,,,1.23,4.81,34.36,,,,101.6,,2024,11,3,Post-Monsoon,93.9,89.7
Bengaluru,2024-11-29,39.34,88.48,,27.85,,,1.15,5.69,31.76,,,,90.1,,2024,11,4,Post-Monsoon,101.6,93.7
Bengaluru,2024-11-30,34.96,77.72,,26.56,,,1.01,4.64,37.38,,,,87.9,,2024,11,5,Post-Monsoon,90.1,95.2
Bengaluru,2024-12-01,44.91,89.17,,37.4,,,0.88,4.09,30.0,,,,81.1,,2024,12,6,Winter,87.9,93.2
Bengaluru,2024-12-02,44.31,86.31,,38.95,,,0.88,4.56,19.82,,,,71.8,,2024,12,0,Winter,81.1,86.4
Bengaluru,2024-12-03,42.21,86.04,,34.47,,,0.83,4.67,22.46,,,,65.5,,2024,12,1,Winter,71.8,80.3
Bengaluru,2024-12-04,38.79,77.47,,35.53,,,1.02,4.6,26.58,,,,66.6,,2024,12,2,Winter,65.5,72.8
Bengaluru,2024-12-05,36.91,85.26,,39.66,,,1.21,4.94,29.5,,,,78.0,,2024,12,3,Winter,66.6,67.9
Bengaluru,2024-12-06,42.1,92.65,,36.28,,,1.2,4.93,30.87,,,,84.2,,2024,12,4,Winter,78.0,70.0
Bengaluru,2024-12-07,50.75,78.3,,32.26,,,1.06,5.03,44.67,,,,85.1,,2024,12,5,Winter,84.2,76.3
Bengaluru,2024-12-08,48.26,76.16,,31.66,,,1.05,5.02,36.31,,,,77.8,,2024,12,6,Winter,85.1,82.4
Bengaluru,2024-12-09,57.81,92.34,,35.36,,,1.12,4.65,40.77,,,,92.3,,2024,12,0,Winter,77.8,82.4
Bengaluru,2024-12-10,59.82,103.16,,36.96,,,1.04,5.15,37.97,,,,103.2,,2024,12,1,Winter,92.3,85.1
Bengaluru,2024-12-11,52.02,92.13,,38.17,,,1.12,5.16,32.78,,,,108.8,,2024,12,2,Winter,103.2,91.1
Bengaluru,2024-12-12,42.13,101.69,,35.44,,,1.13,4.56,30.31,,,,93.0,,2024,12,3,Winter,108.8,101.4
Bengaluru,2024-12-13,33.0,97.92,,40.77,,,1.12,5.08,32.01,,,,90.8,,2024,12,4,Winter,93.0,101.7
Bengaluru,2024-12-14,27.42,81.76,,38.33,,,1.17,4.98,33.57,,,,88.8,,2024,12,5,Winter,90.8,97.6
Bengaluru,2024-12-15,31.71,71.57,,39.25,,,0.86,5.18,27.38,,,,73.5,,2024,12,6,Winter,88.8,90.9
Bengaluru,2024-12-16,38.62,72.06,,39.11,,,0.92,5.18,24.71,,,,64.9,,2024,12,0,Winter,73.5,84.4
Bengaluru,2024-12-17,34.86,81.73,,41.5,,,1.14,4.97,24.79,,,,80.6,,2024,12,1,Winter,64.9,75.7
Bengaluru,2024-12-18,35.43,69.0,,42.37,,,1.12,5.21,23.36,,,,72.9,,2024,12,2,Winter,80.6,73.0
Bengaluru,2024-12-19,36.7,74.35,,44.73,,,1.17,5.35,24.28,,,,67.8,,2024,12,3,Winter,72.9,72.8
Bengaluru,2024-12-20,33.11,77.29,,29.28,,,1.14,5.15,28.48,,,,66.4,,2024,12,4,Winter,67.8,73.8
Bengaluru,2024-12-21,39.73,62.35,,31.45,,,0.96,4.45,27.0,,,,73.9,,2024,12,5,Winter,66.4,69.0
Bengaluru,2024-12-22,44.19,70.01,,33.02,,,0.92,4.37,28.82,,,,59.7,,2024,12,6,Winter,73.9,69.3
Bengaluru,2024-12-23,49.99,74.33,,38.58,,,0.8,5.09,26.25,,,,59.0,,2024,12,0,Winter,59.7,66.7
Bengaluru,2024-12-24,37.21,72.04,,48.79,,,1.1,5.43,30.96,,,,55.4,,2024,12,1,Winter,59.0,64.2
Bengaluru,2024-12-25,38.75,83.37,,47.25,,,0.94,5.21,45.13,,,,62.1,,2024,12,2,Winter,55.4,58.0
Bengaluru,2024-12-26,40.13,86.98,,43.48,,,1.13,5.32,38.92,,,,59.3,,2024,12,3,Winter,62.1,58.8
Bengaluru,2024-12-27,42.16,84.75,,47.82,,,1.12,5.79,29.67,,,,56.3,,2024,12,4,Winter,59.3,58.9
Bengaluru,2024-12-28,43.33,87.09,,42.21,,,1.02,5.33,28.52,,,,46.1,,2024,12,5,Winter,56.3,59.2
Bengaluru,2024-12-29,36.4,80.99,,45.01,,,1.03,4.89,28.9,,,,67.2,,2024,12,6,Winter,46.1,53.9
Bengaluru,2024-12-30,49.54,84.08,,41.07,,,1.02,4.82,26.97,,,,75.0,,2024,12,0,Winter,67.2,56.5
Bengaluru,2024-12-31,52.28,91.22,,45.59,,,1.06,5.73,32.65,,,,75.0,,2024,12,1,Winter,75.0,62.7
Bengaluru,2025-01-01,55.42,102.3,,47.97,,,0.91,6.28,31.06,,,,81.5,,2025,1,2,Winter,75.0,72.4
Bengaluru,2025-01-02,58.94,99.97,,48.75,,,0.93,7.4,41.19,,,,61.6,,2025,1,3,Winter,81.5,77.2
Bengaluru,2025-01-03,49.54,94.25,,43.82,,,1.13,7.61,43.98,,,,75.7,,2025,1,4,Winter,61.6,72.7
Bengaluru,2025-01-04,43.27,85.57,,43.55,,,0.63,6.57,46.92,,,,87.4,,2025,1,5,Winter,75.7,72.9
Bengaluru,2025-01-05,49.83,89.7,,44.15,,,0.6,7.92,49.41,,,,86.9,,2025,1,6,Winter,87.4,74.9
Bengaluru,2025-01-06,52.68,95.23,,48.01,,,0.34,7.84,53.67,,,,78.9,,2025,1,0,Winter,86.9,83.3
Bengaluru,2025-01-07,55.97,96.9,,50.11,,,0.8,8.7,52.56,,,,85.6,,2025,1,1,Winter,78.9,84.4
Bengaluru,2025-01-08,44.25,99.44,,43.7,,,0.58,8.29,44.87,,,,100.0,,2025,1,2,Winter,85.6,83.8
Bengaluru,2025-01-09,49.71,100.23,,43.94,,,0.99,7.6,41.97,,,,104.0,,2025,1,3,Winter,100.0,88.1
Bengaluru,2025-01-10,47.65,97.86,,43.55,,,1.19,6.8,40.65,,,,101.4,,2025,1,4,Winter,104.0,96.5
Bengaluru,2025-01-11,51.23,91.39,,41.58,,,1.03,7.15,42.67,,,,98.2,,2025,1,5,Winter,101.4,101.8
Bengaluru,2025-01-12,52.99,87.97,,37.55,,,0.75,6.6,44.39,,,,81.4,,2025,1,6,Winter,98.2,101.2
Bengaluru,2025-01-13,60.75,101.82,,39.36,,,0.4,7.63,54.82,,,,80.8,,2025,1,0,Winter,81.4,93.7
Bengaluru,2025-01-14,55.39,88.91,,42.15,,,0.72,6.3,48.98,,,,73.1,,2025,1,1,Winter,80.8,86.8
Bengaluru,2025-01-15,49.01,94.99,,37.96,,,1.12,5.8,58.13,,,,81.9,,2025,1,2,Winter,73.1,78.4
Bengaluru,2025-01-16,44.38,94.82,,39.7,,,1.45,5.88,54.26,,,,90.5,,2025,1,3,Winter,81.9,78.6
Bengaluru,2025-01-17,43.93,106.48,,40.15,,,2.08,5.3,43.34,,,,86.7,,2025,1,4,Winter,90.5,81.8
Bengaluru,2025-01-18,40.99,119.43,,45.95,,,1.64,7.22,52.49,,,,98.0,,2025,1,5,Winter,86.7,86.4
Bengaluru,2025-01-19,45.89,111.66,,43.42,,,1.4,6.7,50.96,,,,101.9,,2025,1,6,Winter,98.0,91.7
Bengaluru,2025-01-20,46.11,118.7,,33.07,,,1.57,7.33,53.43,,,,103.4,,2025,1,0,Winter,101.9,95.5
Bengaluru,2025-01-21,47.26,119.64,,41.47,,,1.54,6.92,57.22,,,,88.1,,2025,1,1,Winter,103.4,101.1
Bengaluru,2025-01-22,44.21,123.58,,45.57,,,1.29,7.49,49.15,,,,92.6,,2025,1,2,Winter,88.1,97.8
Bengaluru,2025-01-23,51.71,111.59,,44.88,,,1.54,6.57,45.31,,,,95.0,,2025,1,3,Winter,92.6,94.7
Bengaluru,2025-01-24,42.89,96.95,,44.11,,,2.12,5.39,36.55,,,,85.5,,2025,1,4,Winter,95.0,91.9
Bengaluru,2025-01-25,43.05,93.26,,38.65,,,1.45,4.8,36.91,,,,100.5,,2025,1,5,Winter,85.5,91.0
Bengaluru,2025-01-26,43.41,101.62,,40.56,,,0.44,6.51,37.08,,,,107.3,,2025,1,6,Winter,100.5,93.6
Bengaluru,2025-01-27,42.21,113.93,,46.31,,,0.56,6.22,35.51,,,,100.4,,2025,1,0,Winter,107.3,97.8
Bengaluru,2025-01-28,38.62,112.67,,40.08,,,1.0,7.11,31.83,,,,113.2,,2025,1,1,Winter,100.4,102.7
Bengaluru,2025-01-29,43.69,114.07,,38.39,,,1.45,7.71,35.86,,,,125.0,,2025,1,2,Winter,113.2,107.0
Bengaluru,2025-01-30,45.0,117.71,,40.86,,,0.83,8.07,40.42,,,,111.5,,2025,1,3,Winter,125.0,112.8
Bengaluru,2025-01-31,42.08,124.26,,40.75,,,0.86,6.69,36.5,,,,123.1,,2025,1,4,Winter,111.5,116.6
Bengaluru,2025-02-01,38.78,118.72,,43.93,,,1.43,5.86,34.54,,,,136.2,,2025,2,5,Winter,123.1,119.9
Bengaluru,2025-02-02,43.98,108.23,,38.19,,,1.24,5.6,42.79,,,,110.9,,2025,2,6,Winter,136.2,123.6
Bengaluru,2025-02-03,45.02,105.94,,37.95,,,1.3,5.6,45.92,,,,109.5,,2025,2,0,Winter,110.9,123.4
Bengaluru,2025-02-04,46.98,75.69,,39.32,,,1.84,4.49,49.88,,,,86.5,,2025,2,1,Winter,109.5,118.8
Bengaluru,2025-02-05,45.19,79.25,,43.64,,,2.87,5.02,49.07,,,,82.4,,2025,2,2,Winter,86.5,102.3
Bengaluru,2025-02-06,45.51,95.07,,35.55,,,2.4,5.36,49.54,,,,82.1,,2025,2,3,Winter,82.4,92.8
Bengaluru,2025-02-07,40.74,97.63,,32.69,,,2.6,4.14,49.38,,,,88.2,,2025,2,4,Winter,82.1,83.7
Bengaluru,2025-02-08,46.9,90.02,,28.47,,,1.99,4.51,43.51,,,,84.7,,2025,2,5,Winter,88.2,84.2
Bengaluru,2025-02-09,42.3,73.91,,29.35,,,1.97,3.99,40.29,,,,86.3,,2025,2,6,Winter,84.7,85.0
Bengaluru,2025-02-10,50.54,90.28,,26.94,,,2.86,5.71,41.58,,,,94.9,,2025,2,0,Winter,86.3,86.4
Bengaluru,2025-02-11,46.2,76.65,,28.28,,,1.48,6.98,42.35,,,,84.9,,2025,2,1,Winter,94.9,88.6
Bengaluru,2025-02-12,43.55,81.36,,32.2,,,0.63,6.17,43.54,,,,88.8,,2025,2,2,Winter,84.9,88.7
Bengaluru,2025-02-13,48.05,80.92,,29.89,,,1.98,5.84,45.69,,,,88.1,,2025,2,3,Winter,88.8,89.5
Bengaluru,2025-02-14,51.06,92.37,,33.43,,,1.52,6.31,40.52,,,,91.9,,2025,2,4,Winter,88.1,87.3
Bengaluru,2025-02-15,53.32,82.28,,37.21,,,1.51,7.17,37.83,,,,88.1,,2025,2,5,Winter,91.9,89.6
Bengaluru,2025-02-16,46.74,80.5,,38.25,,,0.59,5.39,38.75,,,,81.7,,2025,2,6,Winter,88.1,89.3
Bengaluru,2025-02-17,47.76,105.97,,38.8,,,0.33,5.97,42.97,,,,82.9,,2025,2,0,Winter,81.7,87.2
Bengaluru,2025-02-18,47.19,103.61,,42.56,,,0.0,4.98,42.58,,,,90.8,,2025,2,1,Winter,82.9,84.2
Bengaluru,2025-02-19,47.19,114.86,,42.83,,,0.0,4.87,42.25,,,,104.1,,2025,2,2,Winter,90.8,85.1
Bengaluru,2025-02-20,44.74,110.69,,42.94,,,0.97,4.47,48.01,,,,100.9,,2025,2,3,Winter,104.1,92.6
Bengaluru,2025-02-21,39.83,107.08,,33.3,,,1.49,5.18,51.88,,,,97.5,,2025,2,4,Winter,100.9,98.6
Bengaluru,2025-02-22,42.29,94.29,,32.81,,,1.38,4.15,46.85,,,,94.9,,2025,2,5,Winter,97.5,100.8
Bengaluru,2025-02-23,39.25,94.98,,32.57,,,1.47,4.33,44.68,,,,97.2,,2025,2,6,Winter,94.9,97.8
Bengaluru,2025-02-24,40.8,94.17,,34.06,,,1.3,4.34,50.85,,,,84.9,,2025,2,0,Winter,97.2,96.5
Bengaluru,2025-02-25,41.1,93.28,,34.79,,,1.6,4.62,42.93,,,,92.8,,2025,2,1,Winter,84.9,92.3
Bengaluru,2025-02-26,45.39,84.54,,27.84,,,1.46,4.34,51.46,,,,90.5,,2025,2,2,Winter,92.8,91.6
Bengaluru,2025-02-27,37.2,84.14,,31.46,,,0.68,5.04,48.35,,,,78.8,,2025,2,3,Winter,90.5,89.4
Bengaluru,2025-02-28,35.05,92.93,,36.84,,,1.38,5.91,45.17,,,,86.5,,2025,2,4,Winter,78.8,87.4
Bengaluru,2025-03-01,38.8,95.47,,32.0,,,1.31,5.22,53.43,,,,88.7,,2025,3,5,Summer,86.5,85.3
Bengaluru,2025-03-02,36.3,88.38,,29.17,,,1.07,6.09,53.16,,,,82.0,,2025,3,6,Summer,88.7,84.7
Bengaluru,2025-03-03,40.6,101.42,,27.95,,,1.76,5.41,54.58,,,,92.0,,2025,3,0,Summer,82.0,85.7
Bengaluru,2025-03-04,46.22,106.89,,33.89,,,1.78,5.31,46.53,,,,87.1,,2025,3,1,Summer,92.0,87.6
Bengaluru,2025-03-05,39.21,117.82,,25.88,,,0.39,5.02,43.58,,,,90.8,,2025,3,2,Summer,87.1,87.1
Bengaluru,2025-03-06,48.52,116.98,,25.14,,,0.67,5.56,44.87,,,,86.9,,2025,3,3,Summer,90.8,90.0
Bengaluru,2025-03-07,41.83,105.36,,26.94,,,1.46,5.42,46.98,,,,68.4,,2025,3,4,Summer,86.9,88.3
Bengaluru,2025-03-08,42.96,89.21,,24.65,,,1.06,4.75,40.56,,,,74.8,,2025,3,5,Summer,68.4,82.0
Bengaluru,2025-03-09,34.71,95.08,,31.47,,,0.96,4.06,32.16,,,,76.7,,2025,3,6,Summer,74.8,76.7
Bengaluru,2025-03-10,41.62,105.13,,31.14,,,2.03,4.85,43.61,,,,79.7,,2025,3,0,Summer,76.7,73.3
Bengaluru,2025-03-11,34.87,101.46,,28.26,,,1.27,5.14,44.48,,,,91.0,,2025,3,1,Summer,79.7,77.1
Bengaluru,2025-03-12,37.73,94.18,,31.9,,,1.11,4.19,45.15,,,,88.7,,2025,3,2,Summer,91.0,82.5
Bengaluru,2025-03-13,41.1,103.55,,31.12,,,0.97,4.31,43.5,,,,96.8,,2025,3,3,Summer,88.7,86.5
Bengaluru,2025-03-14,38.85,111.78,,30.76,,,1.29,4.31,41.99,,,,103.4,,2025,3,4,Summer,96.8,92.2
Bengaluru,2025-03-15,40.75,101.11,,31.01,,,1.67,4.7,45.94,,,,102.4,,2025,3,5,Summer,103.4,96.3
Bengaluru,2025-03-16,34.8,121.76,,26.16,,,1.63,5.15,40.62,,,,104.3,,2025,3,6,Summer,102.4,100.9
Bengaluru,2025-03-17,37.8,127.78,,25.63,,,0.55,4.99,49.19,,,,100.0,,2025,3,0,Summer,104.3,103.4
Bengaluru,2025-03-18,41.93,118.94,,26.89,,,1.43,5.41,49.3,,,,108.1,,2025,3,1,Summer,100.0,102.2
Bengaluru,2025-03-19,44.63,123.33,,26.76,,,1.78,5.81,52.43,,,,104.0,,2025,3,2,Summer,108.1,104.1
Bengaluru,2025-03-20,43.71,119.14,,24.31,,,1.56,6.33,51.53,,,,100.6,,2025,3,3,Summer,104.0,104.0
Bengaluru,2025-03-21,36.9,108.77,,26.85,,,1.49,6.21,51.17,,,,96.8,,2025,3,4,Summer,100.6,104.2
Bengaluru,2025-03-22,41.0,117.99,,28.93,,,1.46,6.06,42.81,,,,92.2,,2025,3,5,Summer,96.8,100.5
Bengaluru,2025-03-23,43.45,110.45,,29.59,,,1.61,6.39,47.55,,,,95.9,,2025,3,6,Summer,92.2,96.6
Bengaluru,2025-03-24,39.52,108.07,,27.62,,,1.77,6.69,49.22,,,,106.3,,2025,3,0,Summer,95.9,95.0
Bengaluru,2025-03-25,30.46,112.38,,25.03,,,1.44,6.11,50.83,,,,106.1,,2025,3,1,Summer,106.3,98.1
Bengaluru,2025-03-26,42.62,104.4,,28.59,,,0.7,5.82,46.06,,,,100.0,,2025,3,2,Summer,106.1,102.7
Bengaluru,2025-03-27,49.27,108.86,,26.04,,,1.66,5.48,46.75,,,,96.6,,2025,3,3,Summer,100.0,104.1
Bengaluru,2025-03-28,50.27,114.48,,26.22,,,1.36,5.58,49.43,,,,100.5,,2025,3,4,Summer,96.6,100.9
Bengaluru,2025-03-29,49.62,101.39,,24.55,,,1.23,5.72,48.27,,,,94.4,,2025,3,5,Summer,100.5,99.0
Bengaluru,2025-03-30,51.43,94.26,,25.25,,,1.64,5.73,44.53,,,,106.2,,2025,3,6,Summer,94.4,97.2
Bengaluru,2025-03-31,50.72,88.62,,27.85,,,1.65,5.31,45.19,,,,96.2,,2025,3,0,Summer,106.2,100.4
Bengaluru,2025-04-01,41.75,99.31,,22.77,,,1.7,4.26,56.65,,,,90.7,,2025,4,1,Summer,96.2,98.9
Bengaluru,2025-04-02,42.68,107.14,,25.11,,,1.11,4.32,45.3,,,,90.9,,2025,4,2,Summer,90.7,97.7
Bengaluru,2025-04-03,45.28,88.81,,26.31,,,1.24,3.77,52.3,,,,81.2,,2025,4,3,Summer,90.9,92.6
Bengaluru,2025-04-04,42.75,84.46,,27.09,,,1.3,4.51,61.05,,,,84.4,,2025,4,4,Summer,81.2,87.6
Bengaluru,2025-04-05,36.49,82.64,,24.73,,,2.34,4.7,59.33,,,,64.1,,2025,4,5,Summer,84.4,85.5
Bengaluru,2025-04-06,33.05,61.79,,22.47,,,1.59,2.91,48.88,,,,63.8,,2025,4,6,Summer,64.1,76.6
Bengaluru,2025-04-07,34.09,74.54,,22.29,,,1.72,2.44,60.62,,,,68.4,,2025,4,0,Summer,63.8,70.8
Bengaluru,2025-04-08,32.98,64.39,,19.86,,,2.04,3.85,60.06,,,,70.6,,2025,4,1,Summer,68.4,65.4
Bengaluru,2025-04-09,37.0,78.4,,19.0,,,1.44,4.5,58.49,,,,73.2,,2025,4,2,Summer,70.6,67.6
Bengaluru,2025-04-10,43.68,68.16,,21.71,,,1.72,6.14,61.5,,,,74.9,,2025,4,3,Summer,73.2,70.7
Bengaluru,2025-04-11,46.43,63.87,,18.12,,,0.68,5.83,65.41,,,,82.5,,2025,4,4,Summer,74.9,72.9
Bengaluru,2025-04-12,39.96,66.22,,18.91,,,0.93,5.53,63.09,,,,72.1,,2025,4,5,Summer,82.5,76.9
Bengaluru,2025-04-13,41.52,76.46,,17.89,,,0.46,6.53,58.37,,,,78.5,,2025,4,6,Summer,72.1,76.5
Bengaluru,2025-04-14,36.57,84.15,,21.16,,,0.74,5.29,56.54,,,,73.0,,2025,4,0,Summer,78.5,77.7
Bengaluru,2025-04-15,46.0,77.72,,24.61,,,0.49,4.91,56.63,,,,77.0,,2025,4,1,Summer,73.0,74.5
Bengaluru,2025-04-16,46.36,98.32,,32.41,,,0.51,5.27,58.41,,,,79.4,,2025,4,2,Summer,77.0,76.2
Bengaluru,2025-04-17,46.61,81.24,,35.82,,,0.09,6.06,53.84,,,,83.4,,2025,4,3,Summer,79.4,76.5
Bengaluru,2025-04-18,47.83,70.4,,33.3,,,0.49,3.97,59.85,,,,74.4,,2025,4,4,Summer,83.4,80.0
Bengaluru,2025-04-19,36.38,75.98,,27.26,,,0.38,4.86,52.91,,,,55.8,,2025,4,5,Summer,74.4,79.1
Bengaluru,2025-04-20,35.95,76.33,,21.65,,,1.11,5.03,51.15,,,,63.1,,2025,4,6,Summer,55.8,71.2
Bengaluru,2025-04-21,37.12,67.93,,27.94,,,1.47,4.68,56.41,,,,61.2,,2025,4,0,Summer,63.1,64.4
Bengaluru,2025-04-22,39.27,77.93,,22.08,,,1.17,4.57,53.76,,,,54.3,,2025,4,1,Summer,61.2,60.0
Bengaluru,2025-04-23,42.84,98.88,,25.13,,,1.08,5.99,51.17,,,,62.0,,2025,4,2,Summer,54.3,59.5
Bengaluru,2025-04-24,43.15,97.84,,24.09,,,1.34,6.94,48.49,,,,67.0,,2025,4,3,Summer,62.0,59.2
Bengaluru,2025-04-25,43.5,105.85,,25.22,,,2.03,8.11,53.06,,,,71.6,,2025,4,4,Summer,67.0,61.1
Bengaluru,2025-04-26,34.39,93.34,,25.89,,,1.93,8.66,58.07,,,,74.6,,2025,4,5,Summer,71.6,66.8
Bengaluru,2025-04-27,36.56,98.1,,18.5,,,2.09,6.94,56.92,,,,70.5,,2025,4,6,Summer,74.6,71.0
Bengaluru,2025-04-28,26.2,91.02,,19.8,,,1.89,5.53,58.86,,,,80.4,,2025,4,0,Summer,70.5,72.2
Bengaluru,2025-04-29,19.77,76.31,,19.97,,,1.9,5.97,59.96,,,,72.7,,2025,4,1,Summer,80.4,75.2
Bengaluru,2025-04-30,24.09,72.99,,23.16,,,2.06,4.87,59.37,,,,69.5,,2025,4,2,Summer,72.7,74.5
Bengaluru,2025-05-01,24.79,62.97,,22.0,,,0.0,4.77,50.33,,,,71.8,,2025,5,3,Summer,69.5,74.2
Bengaluru,2025-05-02,30.6,61.19,,22.98,,,0.65,4.6,51.33,,,,72.8,,2025,5,4,Summer,71.8,71.3
Bengaluru,2025-05-03,33.21,58.21,,24.69,,,0.7,3.83,47.2,,,,70.6,,2025,5,5,Summer,72.8,71.4
Bengaluru,2025-05-04,35.55,60.62,,23.44,,,0.15,4.35,38.85,,,,64.7,,2025,5,6,Summer,70.6,71.7
Bengaluru,2025-05-05,35.87,52.34,,24.94,,,0.56,4.95,47.18,,,,54.9,,2025,5,0,Summer,64.7,69.4
Bengaluru,2025-05-06,33.74,54.84,,24.58,,,0.0,4.82,41.02,,,,52.4,,2025,5,1,Summer,54.9,63.4
Bengaluru,2025-05-07,39.3,70.77,,27.89,,,0.0,4.53,38.55,,,,71.2,,2025,5,2,Summer,52.4,57.3
Bengaluru,2025-05-08,36.83,61.68,,25.44,,,1.09,5.05,36.79,,,,70.4,,2025,5,3,Summer,71.2,59.5
Bengaluru,2025-05-09,26.01,63.66,,27.25,,,0.55,4.66,29.04,,,,77.9,,2025,5,4,Summer,70.4,64.6
Bengaluru,2025-05-10,24.81,63.86,,27.11,,,0.71,5.35,28.26,,,,71.1,,2025,5,5,Summer,77.9,73.1
Bengaluru,2025-05-11,32.78,61.73,,23.11,,,0.0,4.38,33.31,,,,62.3,,2025,5,6,Summer,71.1,73.1
Bengaluru,2025-05-12,30.65,59.17,,23.8,,,0.3,4.49,39.52,,,,71.0,,2025,5,0,Summer,62.3,70.4
Bengaluru,2025-05-13,24.9,63.26,,22.09,,,0.97,4.56,37.36,,,,67.2,,2025,5,1,Summer,71.0,68.1
Bengaluru,2025-05-14,31.13,65.74,,21.3,,,0.0,4.43,33.42,,,,79.7,,2025,5,2,Summer,67.2,66.8
Bengaluru,2025-05-15,28.78,59.15,,23.21,,,0.36,4.59,39.83,,,,73.5,,2025,5,3,Summer,79.7,72.6
Bengaluru,2025-05-16,28.39,59.1,,22.39,,,0.51,5.15,31.31,,,,65.0,,2025,5,4,Summer,73.5,73.5
Bengaluru,2025-05-17,22.79,71.6,,20.02,,,1.03,4.89,30.72,,,,62.5,,2025,5,5,Summer,65.0,72.7
Bengaluru,2025-05-18,27.7,76.1,,22.81,,,0.29,5.48,32.75,,,,66.1,,2025,5,6,Summer,62.5,67.0
Bengaluru,2025-05-19,31.54,80.04,,22.84,,,1.15,5.13,26.76,,,,66.6,,2025,5,0,Summer,66.1,64.5
Bengaluru,2025-05-20,31.92,69.95,,26.06,,,1.16,4.6,31.08,,,,76.0,,2025,5,1,Summer,66.6,65.0
Bengaluru,2025-05-21,32.7,73.62,,27.26,,,0.38,4.81,27.04,,,,72.9,,2025,5,2,Summer,76.0,69.6
Bengaluru,2025-05-22,30.89,75.91,,28.15,,,0.0,4.8,32.12,,,,62.9,,2025,5,3,Summer,72.9,71.8
Bengaluru,2025-05-23,28.77,66.94,,26.51,,,0.52,5.42,31.64,,,,49.7,,2025,5,4,Summer,62.9,70.6
Bengaluru,2025-05-24,32.16,60.37,,25.41,,,1.51,4.97,31.46,,,,51.1,,2025,5,5,Summer,49.7,61.8
Bengaluru,2025-05-25,34.07,72.0,,26.62,,,1.47,4.81,29.89,,,,49.0,,2025,5,6,Summer,51.1,54.6
Bengaluru,2025-05-26,31.73,65.54,,27.5,,,2.58,4.39,34.93,,,,53.1,,2025,5,0,Summer,49.0,49.9
Bengaluru,2025-05-27,32.63,62.52,,27.12,,,1.62,5.11,29.15,,,,60.0,,2025,5,1,Summer,53.1,51.0
Bengaluru,2025-05-28,34.63,57.46,,24.35,,,0.98,4.68,30.19,,,,54.7,,2025,5,2,Summer,60.0,54.0
Bengaluru,2025-05-29,31.67,56.17,,23.82,,,0.9,4.88,36.73,,,,57.1,,2025,5,3,Summer,54.7,55.9
Bengaluru,2025-05-30,25.64,62.39,,25.57,,,0.0,4.73,36.43,,,,56.6,,2025,5,4,Summer,57.1,57.2
Bengaluru,2025-05-31,22.81,53.71,,24.28,,,0.14,4.58,34.87,,,,44.5,,2025,5,5,Summer,56.6,56.1
Bengaluru,2025-06-01,20.8,56.58,,21.25,,,0.32,3.66,26.47,,,,49.2,,2025,6,6,Monsoon,44.5,52.7
Bengaluru,2025-06-02,22.09,45.85,,21.99,,,1.28,3.55,24.92,,,,36.1,,2025,6,0,Monsoon,49.2,50.1
Bengaluru,2025-06-03,19.11,51.85,,20.22,,,1.92,4.11,21.82,,,,40.8,,2025,6,1,Monsoon,36.1,43.3
Bengaluru,2025-06-04,23.85,55.25,,16.67,,,1.24,4.84,26.57,,,,37.8,,2025,6,2,Monsoon,40.8,42.0
Bengaluru,2025-06-05,30.99,65.2,,15.96,,,1.55,5.02,27.66,,,,49.7,,2025,6,3,Monsoon,37.8,38.2
Bengaluru,2025-06-06,31.14,61.38,,16.34,,,1.8,4.91,27.02,,,,54.2,,2025,6,4,Monsoon,49.7,42.7
Bengaluru,2025-06-07,29.43,44.86,,17.39,,,2.25,5.04,19.89,,,,62.7,,2025,6,5,Monsoon,54.2,47.2
Bengaluru,2025-06-08,26.44,50.53,,20.76,,,2.04,5.33,20.95,,,,51.9,,2025,6,6,Monsoon,62.7,55.5
Bengaluru,2025-06-09,24.84,48.02,,20.09,,,1.94,3.88,21.1,,,,45.7,,2025,6,0,Monsoon,51.9,56.3
Bengaluru,2025-06-10,24.45,41.75,,23.55,,,1.66,4.32,18.48,,,,42.7,,2025,6,1,Monsoon,45.7,53.4
Bengaluru,2025-06-11,27.24,53.63,,23.68,,,1.38,5.01,15.23,,,,43.3,,2025,6,2,Monsoon,42.7,46.8
Bengaluru,2025-06-12,24.82,61.44,,22.69,,,1.83,6.11,16.3,,,,33.7,,2025,6,3,Monsoon,43.3,43.9
Bengaluru,2025-06-13,27.48,68.52,,18.75,,,1.79,6.77,18.98,,,,57.8,,2025,6,4,Monsoon,33.7,39.9
Bengaluru,2025-06-14,28.48,66.97,,19.27,,,1.42,6.49,19.4,,,,51.6,,2025,6,5,Monsoon,57.8,45.0
Bengaluru,2025-06-15,24.76,59.37,,17.43,,,1.21,6.02,21.46,,,,39.3,,2025,6,6,Monsoon,51.6,47.7
Bengaluru,2025-06-16,23.53,59.24,,17.41,,,0.6,5.67,22.97,,,,50.1,,2025,6,0,Monsoon,39.3,49.6
Bengaluru,2025-06-17,24.31,65.02,,18.4,,,0.9,5.84,25.01,,,,40.9,,2025,6,1,Monsoon,50.1,47.0
Bengaluru,2025-06-18,21.2,72.32,,13.81,,,1.5,5.57,23.82,,,,47.3,,2025,6,2,Monsoon,40.9,43.4
Bengaluru,2025-06-19,21.85,64.53,,15.73,,,1.87,5.06,27.93,,,,50.5,,2025,6,3,Monsoon,47.3,46.1
Bengaluru,2025-06-20,18.31,58.36,,16.55,,,1.26,5.46,23.55,,,,55.4,,2025,6,4,Monsoon,50.5,46.2
Bengaluru,2025-06-21,21.47,52.13,,14.29,,,1.55,7.29,21.69,,,,59.0,,2025,6,5,Monsoon,55.4,51.1
Bengaluru,2025-06-22,20.74,57.71,,15.76,,,1.37,6.51,16.69,,,,71.7,,2025,6,6,Monsoon,59.0,55.0
Bengaluru,2025-06-23,18.75,48.52,,16.51,,,1.32,5.5,20.93,,,,68.4,,2025,6,0,Monsoon,71.7,62.0
Bengaluru,2025-06-24,22.05,49.36,,17.52,,,0.61,5.69,23.31,,,,47.2,,2025,6,1,Monsoon,68.4,66.4
Bengaluru,2025-06-25,27.39,49.27,,17.71,,,0.59,5.08,30.32,,,,53.6,,2025,6,2,Monsoon,47.2,62.4
Bengaluru,2025-06-26,21.49,61.55,,20.55,,,0.96,4.99,27.53,,,,70.1,,2025,6,3,Monsoon,53.6,56.4
Bengaluru,2025-06-27,19.62,60.75,,19.21,,,1.95,4.22,21.97,,,,65.7,,2025,6,4,Monsoon,70.1,56.9
Bengaluru,2025-06-28,15.32,55.12,,19.47,,,1.91,3.94,20.66,,,,68.5,,2025,6,5,Monsoon,65.7,63.1
Bengaluru,2025-06-29,20.63,50.25,,18.96,,,1.9,4.39,20.71,,,,60.7,,2025,6,6,Monsoon,68.5,68.1
Bengaluru,2025-06-30,20.5,53.21,,21.57,,,1.97,5.11,23.66,,,,54.4,,2025,6,0,Monsoon,60.7,65.0
Bengaluru,2025-07-01,24.24,51.5,,24.02,,,2.15,3.54,27.32,,,,40.2,,2025,7,1,Monsoon,54.4,61.2
Bengaluru,2025-07-02,27.28,52.68,,21.65,,,2.62,4.55,19.01,,,,35.3,,2025,7,2,Monsoon,40.2,51.8
Bengaluru,2025-07-03,33.51,59.84,,25.23,,,2.26,5.61,28.89,,,,42.9,,2025,7,3,Monsoon,35.3,43.3
Bengaluru,2025-07-04,23.21,58.37,,17.89,,,4.42,6.25,23.46,,,,55.8,,2025,7,4,Monsoon,42.9,39.5
Bengaluru,2025-07-05,23.67,53.72,,13.77,,,3.38,5.55,21.39,,,,59.6,,2025,7,5,Monsoon,55.8,44.7
Bengaluru,2025-07-06,33.84,54.41,,15.74,,,3.78,5.6,19.29,,,,63.7,,2025,7,6,Monsoon,59.6,52.7
Bengaluru,2025-07-07,34.61,52.04,,20.21,,,2.55,6.15,21.29,,,,64.1,,2025,7,0,Monsoon,63.7,59.7
Bengaluru,2025-07-08,27.01,59.6,,20.47,,,3.2,4.93,18.23,,,,69.0,,2025,7,1,Monsoon,64.1,62.5
Bengaluru,2025-07-09,21.15,60.89,,23.55,,,1.73,5.21,16.53,,,,58.5,,2025,7,2,Monsoon,69.0,65.6
Bengaluru,2025-07-10,25.22,64.66,,20.2,,,2.45,4.49,18.24,,,,75.7,,2025,7,3,Monsoon,58.5,63.9
Bengaluru,2025-07-11,25.22,75.34,,17.24,,,1.19,3.79,23.96,,,,86.6,,2025,7,4,Monsoon,75.7,67.8
Bengaluru,2025-07-12,18.48,67.58,,14.77,,,2.56,3.08,23.78,,,,76.4,,2025,7,5,Monsoon,86.6,73.6
Bengaluru,2025-07-13,9.51,74.41,,14.76,,,0.78,3.88,22.27,,,,74.9,,2025,7,6,Monsoon,76.4,79.5
Bengaluru,2025-07-14,17.16,72.29,,17.72,,,1.73,3.64,22.96,,,,72.8,,2025,7,0,Monsoon,74.9,79.3
Bengaluru,2025-07-15,20.25,62.85,,15.27,,,3.11,2.9,25.81,,,,73.1,,2025,7,1,Monsoon,72.8,74.7
Bengaluru,2025-07-16,23.99,51.84,,14.38,,,3.17,3.71,24.13,,,,69.6,,2025,7,2,Monsoon,73.1,73.6
Bengaluru,2025-07-17,24.24,57.43,,14.74,,,2.51,4.68,19.3,,,,56.3,,2025,7,3,Monsoon,69.6,71.8
Bengaluru,2025-07-18,21.73,66.01,,16.41,,,1.07,4.67,23.29,,,,52.3,,2025,7,4,Monsoon,56.3,66.3
Bengaluru,2025-07-19,21.26,72.48,,18.27,,,0.0,3.75,22.38,,,,47.8,,2025,7,5,Monsoon,52.3,59.4
Bengaluru,2025-07-20,26.49,68.56,,18.66,,,3.05,3.65,31.57,,,,51.1,,2025,7,6,Monsoon,47.8,52.1
Bengaluru,2025-07-21,28.39,68.17,,18.43,,,1.63,3.65,24.8,,,,58.5,,2025,7,0,Monsoon,51.1,50.4
Bengaluru,2025-07-22,23.16,52.79,,19.99,,,3.7,4.09,25.48,,,,49.9,,2025,7,1,Monsoon,58.5,52.5
Bengaluru,2025-07-23,7.1,53.3,,18.42,,,3.37,4.9,28.48,,,,43.6,,2025,7,2,Monsoon,49.9,53.2
Bengaluru,2025-07-24,20.32,61.77,,14.04,,,3.29,5.64,27.93,,,,42.9,,2025,7,3,Monsoon,43.6,50.6
Bengaluru,2025-07-25,31.21,56.5,,18.06,,,1.92,5.85,32.94,,,,47.9,,2025,7,4,Monsoon,42.9,45.5
Bengaluru,2025-07-26,33.0,49.3,,23.23,,,3.41,4.73,25.51,,,,48.4,,2025,7,5,Monsoon,47.9,44.8
Bengaluru,2025-07-27,35.16,59.07,,18.41,,,4.41,5.26,20.88,,,,73.6,,2025,7,6,Monsoon,48.4,46.4
Bengaluru,2025-07-28,20.63,57.91,,20.06,,,4.17,4.69,22.48,,,,72.7,,2025,7,0,Monsoon,73.6,56.6
Bengaluru,2025-07-29,28.13,59.41,,20.53,,,4.67,5.41,25.36,,,,68.0,,2025,7,1,Monsoon,72.7,64.9
Bengaluru,2025-07-30,30.73,56.7,,17.19,,,2.9,5.21,27.25,,,,68.2,,2025,7,2,Monsoon,68.0,71.4
Bengaluru,2025-07-31,14.44,55.23,,14.58,,,3.43,4.87,25.0,,,,60.9,,2025,7,3,Monsoon,68.2,69.6
Bengaluru,2025-08-01,21.56,46.83,,18.41,,,3.54,4.48,20.99,,,,74.4,,2025,8,4,Monsoon,60.9,65.7
Bengaluru,2025-08-02,16.73,50.61,,19.2,,,1.49,3.63,18.83,,,,55.8,,2025,8,5,Monsoon,74.4,67.8
Bengaluru,2025-08-03,15.05,51.35,,19.91,,,4.9,3.64,15.36,,,,58.7,,2025,8,6,Monsoon,55.8,63.7
Bengaluru,2025-08-04,24.15,52.12,,17.76,,,7.22,3.15,15.18,,,,85.2,,2025,8,0,Monsoon,58.7,62.9
Bengaluru,2025-08-05,22.77,60.54,,18.19,,,6.51,4.65,18.47,,,,104.4,,2025,8,1,Monsoon,85.2,66.6
Bengaluru,2025-08-06,22.3,58.43,,19.3,,,4.37,4.8,18.43,,,,104.0,,2025,8,2,Monsoon,104.4,82.8
Bengaluru,2025-08-07,29.37,63.9,,22.49,,,5.99,4.4,21.25,,,,98.4,,2025,8,3,Monsoon,104.0,97.9
Bengaluru,2025-08-08,25.02,71.64,,19.98,,,9.01,3.82,22.74,,,,127.3,,2025,8,4,Monsoon,98.4,102.3
Bengaluru,2025-08-09,23.12,64.6,,19.83,,,7.79,4.62,25.58,,,,125.3,,2025,8,5,Monsoon,127.3,109.9
Bengaluru,2025-08-10,21.98,60.33,,17.52,,,7.43,4.37,23.44,,,,146.0,,2025,8,6,Monsoon,125.3,117.0
Bengaluru,2025-08-11,23.54,66.53,,18.43,,,12.0,5.14,22.55,,,,166.1,,2025,8,0,Monsoon,146.0,132.9
Bengaluru,2025-08-12,21.02,66.45,,19.66,,,10.38,5.21,20.7,,,,169.3,,2025,8,1,Monsoon,166.1,145.8
Bengaluru,2025-08-13,22.69,73.85,,21.36,,,10.68,5.18,18.58,,,,174.4,,2025,8,2,Monsoon,169.3,160.5
Bengaluru,2025-08-14,19.77,69.27,,20.14,,,7.31,5.46,16.16,,,,172.8,,2025,8,3,Monsoon,174.4,169.9
Bengaluru,2025-08-15,18.9,67.62,,20.76,,,9.17,4.6,18.07,,,,182.2,,2025,8,4,Monsoon,172.8,172.2
Bengaluru,2025-08-16,16.93,64.53,,19.94,,,3.89,4.54,17.56,,,,125.9,,2025,8,5,Monsoon,182.2,176.5
Bengaluru,2025-08-17,19.28,51.97,,16.35,,,2.61,4.75,14.56,,,,104.5,,2025,8,6,Monsoon,125.9,160.3
Bengaluru,2025-08-18,21.31,59.78,,17.3,,,1.76,5.83,19.72,,,,83.7,,2025,8,0,Monsoon,104.5,137.5
Bengaluru,2025-08-19,15.7,63.01,,18.69,,,0.45,4.88,18.78,,,,75.7,,2025,8,1,Monsoon,83.7,104.7
Bengaluru,2025-08-20,9.2,67.81,,18.29,,,4.02,4.14,18.18,,,,84.1,,2025,8,2,Monsoon,75.7,88.0
Bengaluru,2025-08-21,15.14,65.93,,18.58,,,3.13,4.46,15.77,,,,79.1,,2025,8,3,Monsoon,84.1,81.2
Bengaluru,2025-08-22,16.97,64.88,,20.77,,,3.56,4.41,14.82,,,,76.5,,2025,8,4,Monsoon,79.1,79.6
Bengaluru,2025-08-23,19.27,66.56,,18.95,,,5.56,4.1,15.79,,,,78.7,,2025,8,5,Monsoon,76.5,79.9
Bengaluru,2025-08-24,24.12,55.32,,19.97,,,9.46,3.53,12.06,,,,124.5,,2025,8,6,Monsoon,78.7,78.1
Bengaluru,2025-08-25,23.02,56.08,,20.22,,,5.5,4.13,11.89,,,,119.5,,2025,8,0,Monsoon,124.5,93.3
Bengaluru,2025-08-26,16.62,55.55,,24.99,,,7.79,3.82,12.33,,,,131.9,,2025,8,1,Monsoon,119.5,107.6
Bengaluru,2025-08-27,20.72,63.32,,22.86,,,5.16,4.92,14.61,,,,118.2,,2025,8,2,Monsoon,131.9,125.3
Bengaluru,2025-08-28,17.18,61.67,,22.06,,,10.63,4.56,13.49,,,,156.9,,2025,8,3,Monsoon,118.2,123.2
Bengaluru,2025-08-29,21.79,61.88,,19.88,,,7.17,4.18,10.46,,,,137.7,,2025,8,4,Monsoon,156.9,135.7
Bengaluru,2025-08-30,16.0,66.72,,20.3,,,7.43,4.5,12.75,,,,147.8,,2025,8,5,Monsoon,137.7,137.6
Bengaluru,2025-08-31,15.29,63.99,,20.79,,,13.54,3.77,13.9,,,,187.3,,2025,8,6,Monsoon,147.8,147.5
Bengaluru,2025-09-01,24.0,69.92,,22.33,,,7.99,4.23,15.3,,,,174.1,,2025,9,0,Monsoon,187.3,157.6
Bengaluru,2025-09-02,26.24,75.18,,22.97,,,6.82,3.83,20.7,,,,160.7,,2025,9,1,Monsoon,174.1,169.7
Bengaluru,2025-09-03,25.12,77.79,,31.44,,,3.8,4.26,19.65,,,,129.4,,2025,9,2,Monsoon,160.7,174.0
Bengaluru,2025-09-04,18.31,75.45,,30.03,,,4.34,5.2,22.24,,,,91.6,,2025,9,3,Monsoon,129.4,154.7
Bengaluru,2025-09-05,24.55,76.4,,28.83,,,2.7,4.3,19.34,,,,66.4,,2025,9,4,Monsoon,91.6,127.3
Bengaluru,2025-09-06,24.0,68.15,,32.73,,,3.55,4.3,15.95,,,,61.1,,2025,9,5,Monsoon,66.4,95.8
Bengaluru,2025-09-07,24.07,62.28,,28.35,,,2.66,4.28,21.46,,,,62.1,,2025,9,6,Monsoon,61.1,73.0
Bengaluru,2025-09-08,26.43,67.08,,28.55,,,2.04,4.46,21.84,,,,70.7,,2025,9,0,Monsoon,62.1,63.2
Bengaluru,2025-09-09,30.69,66.59,,29.03,,,1.98,4.53,20.65,,,,64.9,,2025,9,1,Monsoon,70.7,64.6
Bengaluru,2025-09-10,34.38,67.81,,27.91,,,1.61,3.99,20.39,,,,56.7,,2025,9,2,Monsoon,64.9,65.9
Bengaluru,2025-09-11,31.19,66.2,,27.05,,,0.76,4.37,19.87,,,,58.5,,2025,9,3,Monsoon,56.7,64.1
Bengaluru,2025-09-12,34.04,68.32,,24.81,,,2.73,4.75,22.5,,,,64.1,,2025,9,4,Monsoon,58.5,60.1
Bengaluru,2025-09-13,33.25,73.23,,26.6,,,3.36,4.93,19.1,,,,52.8,,2025,9,5,Monsoon,64.1,59.8
Bengaluru,2025-09-14,30.33,70.09,,24.09,,,0.99,5.17,18.13,,,,53.0,,2025,9,6,Monsoon,52.8,58.4
Bengaluru,2025-09-15,21.56,76.56,,21.3,,,2.12,4.81,20.75,,,,50.5,,2025,9,0,Monsoon,53.0,56.6
Bengaluru,2025-09-16,25.66,75.2,,27.87,,,1.86,5.03,19.08,,,,51.4,,2025,9,1,Monsoon,50.5,52.1
Bengaluru,2025-09-17,21.95,79.31,,26.89,,,3.27,5.25,14.6,,,,69.6,,2025,9,2,Monsoon,51.4,51.7
Bengaluru,2025-09-18,23.26,77.66,,24.33,,,3.21,4.78,22.38,,,,77.8,,2025,9,3,Monsoon,69.6,57.2
Bengaluru,2025-09-19,29.22,73.7,,23.18,,,2.24,4.47,17.44,,,,67.4,,2025,9,4,Monsoon,77.8,66.3
Bengaluru,2025-09-20,24.69,69.27,,23.4,,,2.01,4.65,16.94,,,,49.7,,2025,9,5,Monsoon,67.4,71.6
Bengaluru,2025-09-21,21.67,62.71,,24.3,,,2.77,5.03,19.63,,,,51.3,,2025,9,6,Monsoon,49.7,64.9
Bengaluru,2025-09-22,20.64,61.41,,21.1,,,2.25,5.45,17.47,,,,46.3,,2025,9,0,Monsoon,51.3,56.1
Bengaluru,2025-09-23,18.51,64.22,,24.87,,,0.0,5.1,18.44,,,,49.6,,2025,9,1,Monsoon,46.3,49.1
Bengaluru,2025-09-24,19.84,62.95,,25.39,,,0.6,5.07,20.43,,,,49.0,,2025,9,2,Monsoon,49.6,49.1
Bengaluru,2025-09-25,19.6,71.39,,26.5,,,2.17,5.39,21.98,,,,62.5,,2025,9,3,Monsoon,49.0,48.3
Bengaluru,2025-09-26,14.83,71.45,,25.54,,,2.91,6.0,20.39,,,,66.2,,2025,9,4,Monsoon,62.5,53.7
Bengaluru,2025-09-27,18.41,70.71,,22.32,,,2.24,5.65,20.8,,,,59.4,,2025,9,5,Monsoon,66.2,59.3
Bengaluru,2025-09-28,17.55,73.55,,20.15,,,1.98,4.8,18.7,,,,55.0,,2025,9,6,Monsoon,59.4,62.7
Bengaluru,2025-09-29,20.61,64.97,,19.54,,,2.34,5.79,17.99,,,,59.8,,2025,9,0,Monsoon,55.0,60.2
Bengaluru,2025-09-30,24.55,70.92,,21.14,,,0.21,5.94,16.83,,,,62.7,,2025,9,1,Monsoon,59.8,58.1
Bengaluru,2025-10-01,30.7,67.33,,25.24,,,0.47,5.36,22.05,,,,69.1,,2025,10,2,Post-Monsoon,62.7,59.2
Bengaluru,2025-10-02,27.98,63.43,,26.31,,,0.55,5.26,25.49,,,,67.1,,2025,10,3,Post-Monsoon,69.1,63.9
Bengaluru,2025-10-03,33.32,58.65,,30.75,,,0.96,3.92,27.45,,,,57.9,,2025,10,4,Post-Monsoon,67.1,66.3
Bengaluru,2025-10-04,40.12,65.97,,30.15,,,1.75,4.34,29.1,,,,64.4,,2025,10,5,Post-Monsoon,57.9,64.7
Bengaluru,2025-10-05,33.49,72.94,,27.68,,,1.54,4.84,23.82,,,,65.6,,2025,10,6,Post-Monsoon,64.4,63.1
Bengaluru,2025-10-06,30.54,80.04,,26.84,,,1.58,4.95,23.83,,,,65.0,,2025,10,0,Post-Monsoon,65.6,62.6
Bengaluru,2025-10-07,33.95,90.5,,25.71,,,1.74,5.12,25.44,,,,72.1,,2025,10,1,Post-Monsoon,65.0,65.0
Bengaluru,2025-10-08,38.38,94.68,,29.38,,,1.17,4.19,27.6,,,,65.3,,2025,10,2,Post-Monsoon,72.1,67.5
Bengaluru,2025-10-09,40.05,88.77,,27.62,,,1.21,4.67,31.85,,,,66.1,,2025,10,3,Post-Monsoon,65.3,67.5
Bengaluru,2025-10-10,46.39,92.48,,27.27,,,1.32,5.19,29.27,,,,75.1,,2025,10,4,Post-Monsoon,66.1,67.8
Bengaluru,2025-10-11,39.16,79.78,,29.53,,,1.21,4.91,27.55,,,,75.9,,2025,10,5,Post-Monsoon,75.1,68.8
Bengaluru,2025-10-12,30.25,94.17,,29.5,,,1.26,4.74,26.31,,,,85.6,,2025,10,6,Post-Monsoon,75.9,72.4
Bengaluru,2025-10-13,35.46,99.91,,33.25,,,1.18,5.27,22.7,,,,100.7,,2025,10,0,Post-Monsoon,85.6,78.9
Bengaluru,2025-10-14,34.92,90.87,,28.39,,,1.21,5.37,19.34,,,,96.7,,2025,10,1,Post-Monsoon,100.7,87.4
Bengaluru,2025-10-15,33.25,118.92,,27.99,,,0.98,5.08,24.33,,,,97.9,,2025,10,2,Post-Monsoon,96.7,94.3
Bengaluru,2025-10-16,31.02,115.88,,25.81,,,1.46,5.37,25.75,,,,105.5,,2025,10,3,Post-Monsoon,97.9,98.4
Bengaluru,2025-10-17,37.63,124.66,,30.52,,,1.57,5.48,22.94,,,,114.4,,2025,10,4,Post-Monsoon,105.5,100.0
Bengaluru,2025-10-18,31.4,105.61,,22.56,,,1.24,5.39,25.57,,,,109.8,,2025,10,5,Post-Monsoon,114.4,105.9
Bengaluru,2025-10-19,38.12,85.55,,27.13,,,1.35,6.11,26.45,,,,98.0,,2025,10,6,Post-Monsoon,109.8,109.9
Bengaluru,2025-10-20,35.2,94.78,,24.95,,,0.86,5.57,23.86,,,,98.1,,2025,10,0,Post-Monsoon,98.0,107.4
Bengaluru,2025-10-21,38.51,93.15,,27.51,,,0.87,4.54,22.24,,,,87.1,,2025,10,1,Post-Monsoon,98.1,102.0
Bengaluru,2025-10-22,41.14,82.33,,27.33,,,0.9,3.79,20.14,,,,82.5,,2025,10,2,Post-Monsoon,87.1,94.4
Bengaluru,2025-10-23,35.0,85.64,,28.3,,,1.11,5.01,16.84,,,,70.2,,2025,10,3,Post-Monsoon,82.5,89.2
Bengaluru,2025-10-24,36.1,76.7,,22.26,,,1.29,5.66,20.76,,,,64.9,,2025,10,4,Post-Monsoon,70.2,80.0
Bengaluru,2025-10-25,37.66,70.82,,24.96,,,1.57,4.9,17.26,,,,74.3,,2025,10,5,Post-Monsoon,64.9,72.6
Bengaluru,2025-10-26,36.7,69.31,,26.63,,,1.72,5.16,19.83,,,,62.4,,2025,10,6,Post-Monsoon,74.3,69.8
Bengaluru,2025-10-27,37.21,95.54,,31.38,,,1.71,5.56,23.16,,,,81.1,,2025,10,0,Post-Monsoon,62.4,67.2
Bengaluru,2025-10-28,34.95,78.57,,31.44,,,1.26,5.03,21.68,,,,96.8,,2025,10,1,Post-Monsoon,81.1,72.6
Bengaluru,2025-10-29,36.48,85.96,,28.43,,,1.03,4.21,26.27,,,,91.7,,2025,10,2,Post-Monsoon,96.8,80.1
Bengaluru,2025-10-30,39.81,94.79,,27.96,,,0.92,5.16,29.17,,,,92.7,,2025,10,3,Post-Monsoon,91.7,89.9
Bengaluru,2025-10-31,29.9,84.6,,24.83,,,0.99,5.67,21.71,,,,89.1,,2025,10,4,Post-Monsoon,92.7,93.7
Bengaluru,2025-11-01,29.44,67.78,,29.65,,,0.97,5.26,22.37,,,,65.7,,2025,11,5,Post-Monsoon,89.1,91.2
Bengaluru,2025-11-02,24.76,84.07,,27.83,,,0.75,4.95,19.48,,,,74.6,,2025,11,6,Post-Monsoon,65.7,82.5
Bengaluru,2025-11-03,32.47,101.65,,31.67,,,0.93,4.78,22.06,,,,97.8,,2025,11,0,Post-Monsoon,74.6,76.5
Bengaluru,2025-11-04,41.9,97.5,,31.53,,,1.06,5.38,30.5,,,,76.2,,2025,11,1,Post-Monsoon,97.8,79.4
Bengaluru,2025-11-05,44.09,88.07,,35.02,,,1.08,5.81,35.91,,,,91.7,,2025,11,2,Post-Monsoon,76.2,82.9
Bengaluru,2025-11-06,43.3,111.31,,33.18,,,1.19,5.34,32.6,,,,95.8,,2025,11,3,Post-Monsoon,91.7,88.6
Bengaluru,2025-11-07,50.43,102.31,,28.17,,,1.08,5.29,34.86,,,,99.9,,2025,11,4,Post-Monsoon,95.8,87.9
Bengaluru,2025-11-08,54.27,102.8,,30.46,,,1.15,4.68,39.46,,,,91.4,,2025,11,5,Post-Monsoon,99.9,95.8
Bengaluru,2025-11-09,58.65,88.8,,27.5,,,1.19,4.69,38.64,,,,82.3,,2025,11,6,Post-Monsoon,91.4,95.7
Bengaluru,2025-11-10,54.83,80.74,,24.95,,,1.07,4.31,37.54,,,,91.5,,2025,11,0,Post-Monsoon,82.3,91.2
Bengaluru,2025-11-11,41.43,85.71,,24.01,,,1.01,4.73,31.14,,,,92.2,,2025,11,1,Post-Monsoon,91.5,88.4
Bengaluru,2025-11-12,37.79,82.36,,21.0,,,1.14,5.13,30.8,,,,72.7,,2025,11,2,Post-Monsoon,92.2,88.7
Bengaluru,2025-11-13,45.7,76.75,,23.1,,,1.05,5.98,33.24,,,,75.8,,2025,11,3,Post-Monsoon,72.7,85.5
Bengaluru,2025-11-14,46.16,82.42,,26.37,,,1.06,5.66,37.6,,,,64.6,,2025,11,4,Post-Monsoon,75.8,80.2
Bengaluru,2025-11-15,48.92,89.04,,28.4,,,1.04,5.68,27.39,,,,70.3,,2025,11,5,Post-Monsoon,64.6,71.0
Bengaluru,2025-11-16,39.21,78.06,,25.26,,,0.96,5.01,18.92,,,,75.9,,2025,11,6,Post-Monsoon,70.3,70.2
Bengaluru,2025-11-17,52.41,86.46,,26.44,,,0.96,4.89,23.16,,,,76.7,,2025,11,0,Post-Monsoon,75.9,70.2
Bengaluru,2025-11-18,43.47,102.51,,24.27,,,1.0,5.14,32.46,,,,85.6,,2025,11,1,Post-Monsoon,76.7,74.3
Bengaluru,2025-11-19,40.42,93.96,,26.36,,,0.95,4.51,25.19,,,,77.8,,2025,11,2,Post-Monsoon,85.6,79.4
Bengaluru,2025-11-20,41.03,93.79,,23.08,,,1.07,4.53,26.33,,,,75.4,,2025,11,3,Post-Monsoon,77.8,80.0
Bengaluru,2025-11-21,38.53,85.41,,24.03,,,1.35,4.68,24.97,,,,73.4,,2025,11,4,Post-Monsoon,75.4,79.6
Bengaluru,2025-11-22,37.83,76.14,,27.79,,,1.17,3.56,28.88,,,,69.1,,2025,11,5,Post-Monsoon,73.4,75.5
Bengaluru,2025-11-23,32.98,81.2,,29.8,,,1.02,3.93,30.12,,,,67.5,,2025,11,6,Post-Monsoon,69.1,72.6
Bengaluru,2025-11-24,39.92,97.13,,23.88,,,0.85,4.26,38.93,,,,71.7,,2025,11,0,Post-Monsoon,67.5,70.0
Bengaluru,2025-11-25,44.43,92.55,,24.17,,,1.12,4.03,39.29,,,,91.9,,2025,11,1,Post-Monsoon,71.7,69.4
Bengaluru,2025-11-26,43.42,92.75,,25.59,,,1.0,4.16,36.38,,,,82.2,,2025,11,2,Post-Monsoon,91.9,77.0
Bengaluru,2025-11-27,44.97,91.72,,27.79,,,1.03,5.07,36.92,,,,98.8,,2025,11,3,Post-Monsoon,82.2,81.9
Bengaluru,2025-11-28,50.92,100.72,,27.85,,,0.91,5.05,36.34,,,,97.7,,2025,11,4,Post-Monsoon,98.8,91.0
Bengaluru,2025-11-29,46.31,102.95,,24.98,,,1.05,5.5,33.06,,,,94.5,,2025,11,5,Post-Monsoon,97.7,92.9
Bengaluru,2025-11-30,45.93,109.25,,26.12,,,1.04,5.16,37.62,,,,93.1,,2025,11,6,Post-Monsoon,94.5,97.0
Bengaluru,2025-12-01,46.84,114.47,,31.33,,,0.96,5.68,33.67,,,,108.9,,2025,12,0,Winter,93.1,95.1
Bengaluru,2025-12-02,42.98,105.1,,35.17,,,0.96,5.21,32.55,,,,103.6,,2025,12,1,Winter,108.9,98.8
Bengaluru,2025-12-03,53.94,112.4,,33.12,,,1.08,5.32,38.16,,,,108.4,,2025,12,2,Winter,103.6,101.9
Bengaluru,2025-12-04,54.25,110.22,,38.03,,,1.1,5.0,41.54,,,,103.0,,2025,12,3,Winter,108.4,107.0
Bengaluru,2025-12-05,53.34,101.62,,29.03,,,1.13,5.15,34.84,,,,89.2,,2025,12,4,Winter,103.0,105.0
Bengaluru,2025-12-06,44.43,101.43,,39.57,,,0.94,5.61,35.84,,,,84.7,,2025,12,5,Winter,89.2,100.2
Bengaluru,2025-12-07,40.69,91.62,,41.25,,,0.95,5.75,32.27,,,,87.5,,2025,12,6,Winter,84.7,92.3
Bengaluru,2025-12-08,47.54,100.74,,35.33,,,0.89,5.64,30.89,,,,87.0,,2025,12,0,Winter,87.5,87.1
Bengaluru,2025-12-09,47.77,91.05,,30.65,,,0.94,4.77,28.28,,,,79.6,,2025,12,1,Winter,87.0,86.4
Bengaluru,2025-12-10,57.34,84.28,,39.45,,,0.79,5.6,28.95,,,,78.9,,2025,12,2,Winter,79.6,84.7
Bengaluru,2025-12-11,34.42,75.25,,42.56,,,0.99,6.3,30.43,,,,74.3,,2025,12,3,Winter,78.9,81.8
Bengaluru,2025-12-12,51.14,97.79,,39.02,,,0.8,5.23,35.9,,,,79.4,,2025,12,4,Winter,74.3,77.6
Bengaluru,2025-12-13,50.32,78.75,,34.94,,,0.89,5.03,30.87,,,,69.5,,2025,12,5,Winter,79.4,77.5
Bengaluru,2025-12-14,43.12,90.08,,36.37,,,0.84,5.24,16.05,,,,70.0,,2025,12,6,Winter,69.5,74.4
Bengaluru,2025-12-15,39.26,93.2,,50.79,,,1.21,5.56,23.15,,,,70.5,,2025,12,0,Winter,70.0,73.0
Bengaluru,2025-12-16,45.1,106.55,,54.23,,,1.19,5.29,18.74,,,,87.2,,2025,12,1,Winter,70.5,70.0
Bengaluru,2025-12-17,57.19,101.46,,46.28,,,1.2,5.47,22.7,,,,90.3,,2025,12,2,Winter,87.2,75.9
Bengaluru,2025-12-18,53.17,105.72,,46.84,,,1.05,5.07,23.75,,,,98.1,,2025,12,3,Winter,90.3,82.7
Bengaluru,2025-12-19,52.77,95.52,,45.27,,,1.16,5.07,27.09,,,,90.7,,2025,12,4,Winter,98.1,91.9
Bengaluru,2025-12-20,51.71,101.83,,39.75,,,1.09,5.19,28.88,,,,85.9,,2025,12,5,Winter,90.7,93.1
Bengaluru,2025-12-21,50.18,104.28,,34.67,,,0.93,4.61,22.82,,,,93.8,,2025,12,6,Winter,85.9,91.6
Bengaluru,2025-12-22,40.13,97.32,,38.81,,,0.94,5.05,25.84,,,,92.2,,2025,12,0,Winter,93.8,90.1
Bengaluru,2025-12-23,41.73,93.48,,48.1,,,1.25,5.48,24.7,,,,88.3,,2025,12,1,Winter,92.2,90.6
Bengaluru,2025-12-24,35.15,86.25,,52.78,,,1.4,5.26,20.58,,,,75.6,,2025,12,2,Winter,88.3,91.4
Bengaluru,2025-12-25,37.69,87.45,,51.82,,,1.24,5.48,22.93,,,,74.3,,2025,12,3,Winter,75.6,85.4
Bengaluru,2025-12-26,35.39,81.72,,51.63,,,1.36,4.76,23.5,,,,67.8,,2025,12,4,Winter,74.3,79.4
Bengaluru,2025-12-27,43.91,94.2,,50.77,,,1.35,5.03,16.86,,,,70.4,,2025,12,5,Winter,67.8,72.6
Bengaluru,2025-12-28,38.09,100.25,,44.09,,,1.28,5.33,16.4,,,,73.6,,2025,12,6,Winter,70.4,70.8
Bengaluru,2025-12-29,50.85,90.92,,42.92,,,1.18,5.06,20.6,,,,70.7,,2025,12,0,Winter,73.6,70.6
Bengaluru,2025-12-30,43.63,93.25,,38.21,,,1.05,4.87,23.18,,,,83.5,,2025,12,1,Winter,70.7,71.6
Bengaluru,2025-12-31,55.92,86.77,,47.36,,,1.18,4.68,21.96,,,,76.7,,2025,12,2,Winter,83.5,75.9
Delhi,2020-01-01,372.14,483.87,109.53,64.18,135.0,56.85,3.15,18.49,39.58,8.5,60.79,1.38,492.0,Severe,2020,1,2,Winter,417.0,459.3333333333333
Delhi,2020-01-02,327.04,439.31,120.76,64.8,143.71,58.26,3.32,19.95,36.5,9.36,73.11,2.65,485.0,Severe,2020,1,3,Winter,492.0,471.6666666666667
Delhi,2020-01-03,228.9,337.04,111.09,55.65,131.13,53.02,2.8,14.93,27.82,6.96,66.8,2.8,426.0,Severe,2020,1,4,Winter,485.0,464.6666666666667
Delhi,2020-01-04,220.6,327.22,86.58,57.67,110.2,53.46,2.2,12.85,29.94,6.81,48.18,5.45,366.0,Very Poor,2020,1,5,Winter,426.0,467.6666666666667
Delhi,2020-01-05,170.21,257.94,29.99,48.25,54.3,47.94,1.23,9.59,30.21,3.7,28.9,4.8,354.0,Very Poor,2020,1,6,Winter,366.0,425.6666666666667
Delhi,2020-01-06,159.64,247.47,35.49,51.19,60.14,47.01,1.27,11.34,21.99,3.52,31.1,1.13,335.0,Very Poor,2020,1,0,Winter,354.0,382.0
Delhi,2020-01-07,120.31,176.22,24.08,44.9,46.56,43.53,1.18,12.74,22.82,3.64,24.51,0.3,285.0,Poor,2020,1,1,Winter,335.0,351.6666666666667
Delhi,2020-01-08,117.98,145.85,26.65,38.64,45.09,44.73,1.13,8.67,17.63,3.49,22.67,0.19,281.0,Poor,2020,1,2,Winter,285.0,324.6666666666667
Delhi,2020-01-09,89.26,132.06,14.71,32.3,31.03,36.87,0.89,7.28,22.0,2.43,15.34,0.04,231.0,Poor,2020,1,3,Winter,281.0,300.3333333333333
Delhi,2020-01-10,130.82,203.54,27.73,45.12,50.71,37.73,1.3,9.44,27.25,3.8,24.75,0.33,255.0,Poor,2020,1,4,Winter,231.0,265.6666666666667
Delhi,2020-01-11,151.1,245.62,43.83,53.28,69.66,40.97,1.54,11.65,30.98,4.33,28.3,0.86,309.0,Very Poor,2020,1,5,Winter,255.0,255.66666666666666
Delhi,2020-01-12,207.23,325.36,90.44,59.91,113.97,48.65,2.26,12.35,32.47,5.53,39.19,1.56,352.0,Very Poor,2020,1,6,Winter,309.0,265.0
Delhi,2020-01-13,218.98,329.77,61.38,55.04,84.22,53.64,2.11,11.59,27.98,5.74,34.26,1.58,381.0,Very Poor,2020,1,0,Winter,352.0,305.3333333333333
Delhi,2020-01-14,115.62,163.67,21.19,38.08,40.99,46.34,1.16,9.24,21.62,3.31,23.78,0.31,314.0,Very Poor,2020,1,1,Winter,381.0,347.3333333333333
Delhi,2020-01-15,111.57,179.08,29.61,47.45,54.26,41.76,1.17,10.68,26.19,3.72,30.02,0.34,241.0,Poor,2020,1,2,Winter,314.0,349.0
Delhi,2020-01-16,139.06,197.9,28.99,44.21,51.19,43.54,1.11,10.44,18.63,4.05,30.42,0.26,286.0,Poor,2020,1,3,Winter,241.0,312.0
Delhi,2020-01-17,107.65,152.98,31.58,36.19,49.2,40.15,1.14,9.69,18.97,3.71,24.4,0.3,287.0,Poor,2020,1,4,Winter,286.0,280.3333333333333
Delhi,2020-01-18,125.3,198.24,39.64,43.78,60.8,39.56,1.32,9.65,19.93,4.79,29.24,0.34,262.0,Poor,2020,1,5,Winter,287.0,271.3333333333333
Delhi,2020-01-19,125.04,187.93,18.6,34.18,36.38,38.38,0.96,8.69,25.86,2.95,13.77,0.09,290.0,Poor,2020,1,6,Winter,262.0,278.3333333333333
Delhi,2020-01-20,142.18,225.67,30.68,38.21,49.07,39.27,1.39,9.65,24.64,3.9,19.39,0.22,282.0,Poor,2020,1,0,Winter,290.0,279.6666666666667
Delhi,2020-01-21,222.81,348.45,63.49,48.18,83.32,48.02,1.93,12.24,27.6,6.32,39.27,0.85,359.0,Very Poor,2020,1,1,Winter,282.0,278.0
Delhi,2020-01-22,198.88,296.98,66.0,44.3,82.89,45.17,1.9,10.95,24.63,7.0,36.98,0.79,378.0,Very Poor,2020,1,2,Winter,359.0,310.3333333333333
Delhi,2020-01-23,74.45,137.61,15.4,35.26,33.47,36.32,0.79,8.71,27.73,2.52,14.04,0.07,273.0,Poor,2020,1,3,Winter,378.0,339.6666666666667
Delhi,2020-01-24,79.83,151.81,23.68,44.0,45.88,34.23,0.99,10.73,30.53,2.66,15.38,0.06,155.0,Moderate,2020,1,4,Winter,273.0,336.6666666666667
Delhi,2020-01-25,136.72,240.57,58.83,56.31,84.2,41.37,1.48,12.36,26.8,4.62,26.36,0.37,251.0,Poor,2020,1,5,Winter,155.0,268.6666666666667
Delhi,2020-01-26,201.2,309.09,74.63,50.94,95.06,48.8,2.09,12.81,32.7,5.87,33.9,0.83,349.0,Very Poor,2020,1,6,Winter,251.0,226.33333333333334
Delhi,2020-01-27,209.97,330.91,89.41,67.09,116.25,53.66,2.19,14.72,26.6,5.97,36.87,1.36,365.0,Very Poor,2020,1,0,Winter,349.0,251.66666666666666
Delhi,2020-01-28,104.45,149.12,17.85,42.01,37.97,42.76,1.26,11.12,23.29,3.2,18.44,0.09,302.0,Very Poor,2020,1,1,Winter,365.0,321.6666666666667
Delhi,2020-01-29,77.95,134.17,30.9,42.24,48.65,38.01,1.24,9.85,23.96,3.1,20.67,0.19,218.0,Poor,2020,1,2,Winter,302.0,338.6666666666667
Delhi,2020-01-30,91.56,168.43,30.79,45.04,50.9,36.77,1.08,10.06,24.23,3.49,19.83,0.14,195.0,Moderate,2020,1,3,Winter,218.0,295.0
Delhi,2020-01-31,92.04,170.33,31.8,47.35,53.46,34.03,1.1,9.9,24.36,3.55,22.19,0.33,203.0,Poor,2020,1,4,Winter,195.0,238.33333333333334
Delhi,2020-02-01,112.13,201.19,49.25,44.25,67.5,35.95,1.26,10.02,29.22,4.51,26.67,0.56,244.0,Poor,2020,2,5,Winter,203.0,205.33333333333334
Delhi,2020-02-02,120.86,200.9,33.12,45.28,54.17,36.46,1.2,10.32,29.69,3.94,18.46,0.44,254.0,Poor,2020,2,6,Winter,244.0,214.0
Delhi,2020-02-03,138.5,243.43,50.47,53.71,73.96,37.5,1.51,11.4,33.94,4.43,27.09,0.51,297.0,Poor,2020,2,0,Winter,254.0,233.66666666666666
Delhi,2020-02-04,188.42,340.56,92.85,64.8,115.76,43.09,2.21,15.26,41.0,6.43,47.2,1.45,336.0,Very Poor,2020,2,1,Winter,297.0,265.0
Delhi,2020-02-05,150.08,255.41,41.58,53.35,67.5,40.07,1.3,13.31,32.03,4.6,27.58,0.4,344.0,Very Poor,2020,2,2,Winter,336.0,295.6666666666667
Delhi,2020-02-06,118.57,205.43,33.37,51.82,60.54,36.16,1.18,12.08,33.75,3.98,22.63,0.82,277.0,Poor,2020,2,3,Winter,344.0,325.6666666666667
Delhi,2020-02-07,150.15,253.82,64.24,58.46,88.53,38.38,1.51,14.21,34.75,5.78,31.93,0.44,307.0,Very Poor,2020,2,4,Winter,277.0,319.0
Delhi,2020-02-08,149.67,238.17,30.62,47.55,54.41,40.72,1.16,14.39,35.72,4.36,18.69,1.12,315.0,Very Poor,2020,2,5,Winter,307.0,309.3333333333333
Delhi,2020-02-09,151.43,247.62,35.28,50.75,60.36,40.04,1.29,14.64,36.29,4.35,17.47,0.46,310.0,Very Poor,2020,2,6,Winter,315.0,299.6666666666667
Delhi,2020-02-10,174.4,292.44,56.93,56.48,82.69,39.99,1.61,14.83,31.92,5.16,26.69,1.72,328.0,Very Poor,2020,2,0,Winter,310.0,310.6666666666667
Delhi,2020-02-11,176.57,306.12,83.94,60.12,107.57,39.73,1.89,14.37,37.22,6.65,40.82,4.01,347.0,Very Poor,2020,2,1,Winter,328.0,317.6666666666667
Delhi,2020-02-12,172.12,295.05,38.78,55.96,64.65,40.92,1.29,16.24,37.86,4.71,24.48,1.32,343.0,Very Poor,2020,2,2,Winter,347.0,328.3333333333333
Delhi,2020-02-13,95.72,179.78,15.54,41.59,37.63,36.91,0.95,16.49,36.8,3.09,16.55,0.5,279.0,Poor,2020,2,3,Winter,343.0,339.3333333333333
Delhi,2020-02-14,73.84,172.28,12.35,34.6,30.48,34.06,0.82,13.53,43.62,2.43,12.11,0.06,186.0,Moderate,2020,2,4,Winter,279.0,323.0
Delhi,2020-02-15,83.07,174.78,18.16,44.57,41.54,32.48,0.91,17.59,42.21,2.93,17.62,0.39,174.0,Moderate,2020,2,5,Winter,186.0,269.3333333333333
Delhi,2020-02-16,132.63,237.81,42.02,57.15,70.95,38.77,1.38,19.61,40.01,3.77,23.71,0.82,254.0,Poor,2020,2,6,Winter,174.0,213.0
Delhi,2020-02-17,158.69,282.84,61.48,61.17,88.49,42.77,1.61,18.85,38.6,5.83,30.58,1.2,323.0,Very Poor,2020,2,0,Winter,254.0,204.66666666666666
Delhi,2020-02-18,125.53,238.91,39.22,59.91,67.21,37.01,1.39,23.01,42.7,4.14,21.19,1.46,292.0,Poor,2020,2,1,Winter,323.0,250.33333333333334
Delhi,2020-02-19,138.46,286.39,87.96,59.9,111.77,44.11,2.0,20.13,44.29,6.39,37.24,2.16,300.0,Poor,2020,2,2,Winter,292.0,289.6666666666667
Delhi,2020-02-20,98.84,223.69,10.13,44.05,32.65,39.61,0.99,14.91,55.32,2.88,11.89,0.43,253.0,Poor,2020,2,3,Winter,300.0,305.0
Delhi,2020-02-21,53.11,85.49,8.84,33.27,26.24,35.81,0.83,10.45,39.58,2.03,20.21,0.32,170.0,Moderate,2020,2,4,Winter,253.0,281.6666666666667
Delhi,2020-02-22,63.62,123.44,29.86,41.23,50.12,33.46,1.2,13.38,32.03,2.8,23.92,1.42,104.0,Moderate,2020,2,5,Winter,170.0,241.0
Delhi,2020-02-23,105.71,182.2,41.97,42.24,61.5,38.33,1.26,14.3,35.15,3.51,27.78,1.56,221.0,Poor,2020,2,6,Winter,104.0,175.66666666666666
Delhi,2020-02-24,70.59,145.05,29.23,44.2,51.6,33.19,1.02,15.94,33.36,2.29,20.9,0.16,169.0,Moderate,2020,2,0,Winter,221.0,165.0
Delhi,2020-02-25,127.75,224.02,27.87,46.76,52.38,39.61,1.22,18.24,35.32,3.12,18.7,0.59,244.0,Poor,2020,2,1,Winter,169.0,164.66666666666666
Delhi,2020-02-26,141.81,258.62,56.86,50.67,78.58,42.7,1.54,17.61,38.64,4.71,31.45,1.53,303.0,Very Poor,2020,2,2,Winter,244.0,211.33333333333334
Delhi,2020-02-27,107.28,203.77,22.85,46.15,46.13,43.64,1.23,14.7,36.36,3.8,22.27,1.24,270.0,Poor,2020,2,3,Winter,303.0,238.66666666666666
Delhi,2020-02-28,83.48,161.36,8.21,33.92,26.32,41.44,0.97,11.55,41.53,2.67,11.61,1.11,214.0,Poor,2020,2,4,Winter,270.0,272.3333333333333
Delhi,2020-02-29,60.01,115.82,9.66,33.98,27.57,34.88,0.83,12.05,37.35,2.42,15.56,2.68,144.0,Moderate,2020,2,5,Winter,214.0,262.3333333333333
Delhi,2020-03-01,42.83,91.88,20.57,40.73,41.36,31.4,0.97,12.19,39.84,2.18,22.27,7.59,105.0,Moderate,2020,3,6,Summer,144.0,209.33333333333334
Delhi,2020-03-02,99.34,203.51,64.58,50.23,85.92,39.78,1.58,15.81,36.64,4.58,37.92,4.39,192.0,Moderate,2020,3,0,Summer,105.0,154.33333333333334
Delhi,2020-03-03,86.26,188.73,50.52,46.6,71.98,37.02,1.22,15.48,32.39,3.98,39.09,1.51,226.0,Poor,2020,3,1,Summer,192.0,147.0
Delhi,2020-03-04,82.9,193.79,40.18,45.62,60.78,37.32,1.1,16.22,41.77,3.57,28.32,0.66,200.0,Moderate,2020,3,2,Summer,226.0,174.33333333333334
Delhi,2020-03-05,31.43,67.5,11.78,32.97,28.54,32.27,0.81,11.32,36.98,1.81,16.39,0.27,112.0,Moderate,2020,3,3,Summer,200.0,206.0
Delhi,2020-03-06,21.32,38.5,12.55,33.71,29.75,29.56,0.87,10.42,33.52,1.47,14.94,0.6,82.0,Satisfactory,2020,3,4,Summer,112.0,179.33333333333334
Delhi,2020-03-07,40.96,85.45,17.41,35.53,34.85,29.01,0.82,11.84,35.47,1.95,21.14,0.37,77.0,Satisfactory,2020,3,5,Summer,82.0,131.33333333333334
Delhi,2020-03-08,72.1,140.22,45.65,37.14,61.74,31.51,1.11,12.61,34.59,3.51,35.85,0.63,156.0,Moderate,2020,3,6,Summer,77.0,90.33333333333333
Delhi,2020-03-09,58.04,133.75,18.86,32.29,34.79,29.29,0.75,13.33,34.54,1.91,17.48,0.33,138.0,Moderate,2020,3,0,Summer,156.0,105.0
Delhi,2020-03-10,84.35,160.91,14.46,30.22,29.74,30.99,0.84,17.21,47.66,2.35,15.58,0.42,186.0,Moderate,2020,3,1,Summer,138.0,123.66666666666667
Delhi,2020-03-11,55.19,112.57,10.1,29.76,24.99,32.88,0.76,13.82,42.36,1.96,12.04,0.36,128.0,Moderate,2020,3,2,Summer,186.0,160.0
Delhi,2020-03-12,56.92,155.18,21.91,36.74,39.57,35.31,0.94,13.68,34.27,2.25,19.69,0.7,125.0,Moderate,2020,3,3,Summer,128.0,150.66666666666666
Delhi,2020-03-13,68.72,209.02,29.31,40.53,49.0,31.36,0.87,15.42,37.42,2.63,24.39,3.61,170.0,Moderate,2020,3,4,Summer,125.0,146.33333333333334
Delhi,2020-03-14,39.41,85.26,14.67,34.59,32.7,34.29,0.76,11.59,29.17,1.99,17.98,0.47,131.0,Moderate,2020,3,5,Summer,170.0,141.0
Delhi,2020-03-15,60.99,124.24,26.33,41.09,46.69,31.09,0.9,13.92,37.25,2.43,23.4,1.37,124.0,Moderate,2020,3,6,Summer,131.0,142.0
Delhi,2020-03-16,61.61,144.37,21.37,41.52,44.12,31.07,0.89,14.8,38.38,2.29,20.26,1.28,148.0,Moderate,2020,3,0,Summer,124.0,141.66666666666666
Delhi,2020-03-17,69.7,160.15,26.05,43.5,48.87,32.31,1.0,15.06,40.59,2.65,20.92,2.99,164.0,Moderate,2020,3,1,Summer,148.0,134.33333333333334
Delhi,2020-03-18,68.93,162.56,29.29,45.86,53.31,32.99,1.07,14.93,41.73,3.05,28.9,2.21,162.0,Moderate,2020,3,2,Summer,164.0,145.33333333333334
Delhi,2020-03-19,90.62,195.15,37.81,45.67,59.24,36.15,1.14,17.66,43.16,3.37,33.51,1.49,191.0,Moderate,2020,3,3,Summer,162.0,158.0
Delhi,2020-03-20,90.31,200.79,30.21,51.26,55.88,34.3,1.24,19.71,48.23,3.76,36.83,0.43,209.0,Poor,2020,3,4,Summer,191.0,172.33333333333334
Delhi,2020-03-21,82.39,184.81,31.58,46.04,54.04,36.61,1.18,18.55,43.19,3.35,33.82,0.68,205.0,Poor,2020,3,5,Summer,209.0,187.33333333333334
Delhi,2020-03-22,78.61,134.46,14.49,29.85,30.31,32.61,0.92,16.63,47.67,2.86,21.43,0.5,198.0,Moderate,2020,3,6,Summer,205.0,201.66666666666666
Delhi,2020-03-23,54.26,100.55,11.75,25.96,25.31,30.31,0.78,15.17,46.48,1.96,16.08,0.74,127.0,Moderate,2020,3,0,Summer,198.0,204.0
Delhi,2020-03-24,55.85,103.62,12.3,27.07,26.48,31.91,0.81,15.81,38.23,2.53,16.24,0.64,124.0,Moderate,2020,3,1,Summer,127.0,176.66666666666666
Delhi,2020-03-25,37.87,68.03,13.09,21.11,22.57,34.43,0.68,11.49,32.11,1.67,13.62,0.71,92.0,Satisfactory,2020,3,2,Summer,124.0,149.66666666666666
Delhi,2020-03-26,45.69,75.81,9.02,16.58,17.41,33.68,0.58,12.82,30.59,1.38,8.88,0.7,93.0,Satisfactory,2020,3,3,Summer,92.0,114.33333333333333
Delhi,2020-03-27,26.89,45.48,8.34,15.32,15.89,27.4,0.53,11.04,27.38,1.11,9.17,2.33,76.0,Satisfactory,2020,3,4,Summer,93.0,103.0
Delhi,2020-03-28,21.23,34.15,9.87,17.52,18.34,25.22,0.54,10.28,25.06,1.07,9.76,0.71,51.0,Satisfactory,2020,3,5,Summer,76.0,87.0
Delhi,2020-03-29,27.59,55.75,8.74,16.6,16.42,23.98,0.52,10.39,35.75,0.97,8.31,1.31,64.0,Satisfactory,2020,3,6,Summer,51.0,73.33333333333333
Delhi,2020-03-30,35.08,64.66,8.29,17.52,16.62,23.21,0.58,12.47,40.26,1.08,9.0,1.32,74.0,Satisfactory,2020,3,0,Summer,64.0,63.666666666666664
Delhi,2020-03-31,35.31,67.01,9.36,18.03,18.01,26.5,0.56,12.33,40.96,1.06,8.98,1.45,81.0,Satisfactory,2020,3,1,Summer,74.0,63.0
Delhi,2020-04-01,32.88,65.84,10.4,19.17,19.26,26.73,0.62,13.0,35.06,1.12,9.17,3.01,80.0,Satisfactory,2020,4,2,Summer,81.0,73.0
Delhi,2020-04-02,28.51,61.06,9.91,17.18,17.72,22.22,0.6,10.84,39.47,0.91,7.85,0.97,78.0,Satisfactory,2020,4,3,Summer,80.0,78.33333333333333
Delhi,2020-04-03,31.36,62.69,9.29,20.07,19.33,21.54,0.61,11.99,46.82,1.13,8.6,0.77,84.0,Satisfactory,2020,4,4,Summer,78.0,79.66666666666667
Delhi,2020-04-04,40.79,77.64,10.07,22.38,21.19,23.06,0.68,12.59,41.26,1.3,9.64,0.89,90.0,Satisfactory,2020,4,5,Summer,84.0,80.66666666666667
Delhi,2020-04-05,51.79,96.88,10.99,24.42,22.78,25.14,0.81,16.03,44.55,1.74,12.38,0.26,103.0,Moderate,2020,4,6,Summer,90.0,84.0
Delhi,2020-04-06,59.91,114.88,11.05,24.37,22.68,26.41,0.81,15.59,44.16,2.04,12.8,0.24,134.0,Moderate,2020,4,0,Summer,103.0,92.33333333333333
Delhi,2020-04-07,33.12,94.02,8.5,19.27,17.38,25.53,0.6,13.46,42.65,1.01,9.13,0.13,100.0,Satisfactory,2020,4,1,Summer,134.0,109.0
Delhi,2020-04-08,29.7,79.04,8.38,18.56,16.51,23.41,0.56,12.85,45.8,0.99,8.24,0.05,91.0,Satisfactory,2020,4,2,Summer,100.0,112.33333333333333
Delhi,2020-04-09,36.13,76.32,8.49,21.37,18.16,23.84,0.66,14.2,48.34,1.11,7.52,0.07,89.0,Satisfactory,2020,4,3,Summer,91.0,108.33333333333333
Delhi,2020-04-10,57.67,112.93,9.8,27.12,23.3,27.71,0.81,16.32,40.36,1.79,11.45,0.14,111.0,Moderate,2020,4,4,Summer,89.0,93.33333333333333
Delhi,2020-04-11,53.03,118.1,9.54,23.64,21.9,28.33,0.83,18.38,49.51,1.88,11.18,0.04,126.0,Moderate,2020,4,5,Summer,111.0,97.0
Delhi,2020-04-12,38.57,92.7,5.48,17.59,14.66,26.99,0.67,15.7,50.15,1.19,6.87,0.0,102.0,Moderate,2020,4,6,Summer,126.0,108.66666666666667
Delhi,2020-04-13,60.6,136.77,7.16,23.4,19.83,27.95,0.83,19.86,41.07,1.78,9.62,0.0,119.0,Moderate,2020,4,0,Summer,102.0,113.0
Delhi,2020-04-14,58.22,144.7,8.83,25.71,22.96,28.76,0.93,17.38,40.74,2.04,13.12,0.01,134.0,Moderate,2020,4,1,Summer,119.0,115.66666666666667
Delhi,2020-04-15,58.31,190.98,10.37,24.55,24.05,28.36,0.93,14.89,38.22,2.36,11.89,0.02,152.0,Moderate,2020,4,2,Summer,134.0,118.33333333333333
Delhi,2020-04-16,69.8,191.17,11.86,25.01,25.66,30.36,0.94,19.42,41.87,2.4,13.75,0.01,172.0,Moderate,2020,4,3,Summer,152.0,135.0
Delhi,2020-04-17,26.93,89.58,8.12,15.83,16.95,26.06,0.64,14.08,53.53,1.07,7.79,0.0,123.0,Moderate,2020,4,4,Summer,172.0,152.66666666666666
Delhi,2020-04-18,29.09,102.53,8.45,15.45,17.02,27.18,0.68,12.63,49.14,1.19,7.55,0.0,102.0,Moderate,2020,4,5,Summer,123.0,149.0
Delhi,2020-04-19,35.49,73.86,10.13,19.72,20.82,29.94,0.71,13.17,40.53,1.29,9.46,0.0,95.0,Satisfactory,2020,4,6,Summer,102.0,132.33333333333334
Delhi,2020-04-20,52.86,113.25,12.38,24.56,25.55,31.57,1.02,15.06,32.67,2.37,15.52,0.0,115.0,Moderate,2020,4,0,Summer,95.0,106.66666666666667
Delhi,2020-04-21,37.17,87.27,8.89,19.64,19.57,29.75,0.82,15.36,48.56,1.48,8.92,0.0,102.0,Moderate,2020,4,1,Summer,115.0,104.0
Delhi,2020-04-22,58.25,130.99,10.78,24.79,24.17,29.39,0.86,17.34,46.94,2.03,13.9,0.01,122.0,Moderate,2020,4,2,Summer,102.0,104.0
Delhi,2020-04-23,54.71,127.82,9.42,24.83,22.92,30.02,0.91,17.39,43.99,2.8,17.19,0.01,129.0,Moderate,2020,4,3,Summer,122.0,113.0
Delhi,2020-04-24,65.91,138.46,11.0,25.62,24.87,32.62,0.99,18.62,47.98,2.57,13.43,0.06,143.0,Moderate,2020,4,4,Summer,129.0,117.66666666666667
Delhi,2020-04-25,33.09,85.83,9.6,18.68,19.91,28.65,0.75,12.76,54.53,1.13,8.55,0.0,121.0,Moderate,2020,4,5,Summer,143.0,131.33333333333334
Delhi,2020-04-26,40.24,117.1,8.42,17.45,17.77,31.61,0.77,16.21,47.16,1.68,8.42,0.0,119.0,Moderate,2020,4,6,Summer,121.0,131.0
Delhi,2020-04-27,27.18,53.02,8.28,14.8,16.38,29.94,0.76,15.59,53.43,1.24,6.39,0.0,98.0,Satisfactory,2020,4,0,Summer,119.0,127.66666666666667
Delhi,2020-04-28,41.75,80.36,10.32,17.35,20.03,28.6,0.86,17.6,58.96,1.7,8.3,0.0,105.0,Moderate,2020,4,1,Summer,98.0,112.66666666666667
Delhi,2020-04-29,55.18,114.91,12.66,20.11,22.66,28.86,0.91,19.08,58.57,2.03,13.02,0.01,123.0,Moderate,2020,4,2,Summer,105.0,107.33333333333333
Delhi,2020-04-30,49.96,115.63,12.73,17.61,20.45,32.99,0.84,17.42,59.55,1.68,9.27,0.0,128.0,Moderate,2020,4,3,Summer,123.0,108.66666666666667
Delhi,2020-05-01,61.04,143.11,11.8,18.46,20.45,36.43,0.89,17.52,56.81,1.96,11.92,0.0,140.0,Moderate,2020,5,4,Summer,128.0,118.66666666666667
Delhi,2020-05-02,34.67,107.36,12.81,14.36,19.49,33.93,0.76,13.0,60.45,1.19,6.42,0.01,127.0,Moderate,2020,5,5,Summer,140.0,130.33333333333334
Delhi,2020-05-03,32.56,83.02,12.72,15.14,21.57,32.48,0.68,11.94,49.04,1.31,7.51,0.02,110.0,Moderate,2020,5,6,Summer,127.0,131.66666666666666
Delhi,2020-05-04,26.63,60.59,12.86,16.95,20.79,31.35,0.72,11.92,50.56,1.14,9.98,0.0,92.0,Satisfactory,2020,5,0,Summer,110.0,125.66666666666667
Delhi,2020-05-05,56.24,115.91,13.93,21.36,24.06,30.86,0.87,16.4,52.12,2.0,14.92,0.03,117.0,Moderate,2020,5,1,Summer,92.0,109.66666666666667
Delhi,2020-05-06,58.44,169.61,13.75,21.88,25.58,29.53,0.89,15.78,53.95,2.04,13.31,0.06,139.0,Moderate,2020,5,2,Summer,117.0,106.33333333333333
Delhi,2020-05-07,36.02,88.35,10.31,17.97,18.92,25.51,0.73,13.6,73.11,1.46,10.18,0.04,140.0,Moderate,2020,5,3,Summer,139.0,116.0
Delhi,2020-05-08,51.09,120.82,10.02,21.66,20.69,27.98,0.83,13.82,74.28,1.69,13.41,0.1,138.0,Moderate,2020,5,4,Summer,140.0,132.0
Delhi,2020-05-09,54.18,126.9,9.47,17.65,19.17,30.14,0.85,13.33,76.32,1.61,11.66,1.08,142.0,Moderate,2020,5,5,Summer,138.0,139.0
Delhi,2020-05-10,44.3,110.39,5.21,16.46,14.47,28.71,0.74,12.02,63.71,1.3,9.23,0.15,127.0,Moderate,2020,5,6,Summer,142.0,140.0
Delhi,2020-05-11,43.26,93.49,4.8,19.53,15.6,28.13,0.76,12.66,64.6,1.55,10.63,0.27,113.0,Moderate,2020,5,0,Summer,127.0,135.66666666666666
Delhi,2020-05-12,43.19,94.4,4.42,18.49,14.62,29.43,0.75,13.84,64.1,1.5,12.68,0.27,122.0,Moderate,2020,5,1,Summer,113.0,127.33333333333333
Delhi,2020-05-13,68.8,159.2,5.09,21.34,16.74,32.29,0.9,15.41,52.2,1.81,14.78,0.39,132.0,Moderate,2020,5,2,Summer,122.0,120.66666666666667
Delhi,2020-05-14,56.17,126.53,9.04,25.12,21.86,30.82,0.89,12.92,50.22,1.69,14.93,0.22,154.0,Moderate,2020,5,3,Summer,132.0,122.33333333333333
Delhi,2020-05-15,47.44,101.93,6.76,23.45,18.9,27.39,0.84,13.71,53.08,1.41,12.6,0.22,125.0,Moderate,2020,5,4,Summer,154.0,136.0
Delhi,2020-05-16,81.87,151.8,6.11,26.17,19.89,27.62,0.99,16.19,63.12,1.61,11.64,0.15,175.0,Moderate,2020,5,5,Summer,125.0,137.0
Delhi,2020-05-17,98.63,187.24,9.24,31.96,26.01,28.76,1.06,20.19,59.79,2.07,15.58,2.12,202.0,Poor,2020,5,6,Summer,175.0,151.33333333333334
Delhi,2020-05-18,101.02,192.68,11.31,34.76,29.28,28.97,1.12,22.11,53.55,2.42,17.66,2.77,222.0,Poor,2020,5,0,Summer,202.0,167.33333333333334
Delhi,2020-05-19,106.63,208.65,16.68,42.67,38.49,30.58,1.31,20.41,57.05,2.75,23.02,1.74,238.0,Poor,2020,5,1,Summer,222.0,199.66666666666666
Delhi,2020-05-20,67.8,155.41,8.79,32.8,25.93,28.73,1.03,18.96,62.34,1.92,15.99,0.16,196.0,Moderate,2020,5,2,Summer,238.0,220.66666666666666
Delhi,2020-05-21,55.92,163.77,9.67,31.36,25.81,25.55,1.09,18.99,62.56,1.72,15.2,2.43,149.0,Moderate,2020,5,3,Summer,196.0,218.66666666666666
Delhi,2020-05-22,94.37,213.47,17.16,45.36,40.17,28.56,1.31,26.05,55.45,2.96,26.42,11.36,199.0,Moderate,2020,5,4,Summer,149.0,194.33333333333334
Delhi,2020-05-23,74.92,209.49,16.74,42.43,37.85,28.82,1.16,17.05,41.87,2.77,28.72,0.39,202.0,Poor,2020,5,5,Summer,199.0,181.33333333333334
Delhi,2020-05-24,55.37,179.3,8.13,27.35,21.76,26.54,0.87,17.11,53.31,1.76,15.43,0.07,174.0,Moderate,2020,5,6,Summer,202.0,183.33333333333334
Delhi,2020-05-25,61.46,162.41,9.3,30.92,25.0,27.22,0.94,21.3,54.74,1.88,13.82,0.11,157.0,Moderate,2020,5,0,Summer,174.0,191.66666666666666
Delhi,2020-05-26,55.38,190.11,19.09,37.79,37.41,27.06,1.1,16.82,38.73,2.51,24.05,0.27,153.0,Moderate,2020,5,1,Summer,157.0,177.66666666666666
Delhi,2020-05-27,43.22,161.76,7.58,26.95,21.37,25.79,0.83,14.49,66.77,1.7,16.71,0.05,156.0,Moderate,2020,5,2,Summer,153.0,161.33333333333334
Delhi,2020-05-28,39.07,229.55,4.89,17.1,13.26,29.02,0.8,11.68,55.92,1.11,7.56,0.01,174.0,Moderate,2020,5,3,Summer,156.0,155.33333333333334
Delhi,2020-05-29,24.62,66.66,5.14,19.02,14.69,32.19,0.77,9.95,47.48,1.1,10.48,0.03,129.0,Moderate,2020,5,4,Summer,174.0,161.0
Delhi,2020-05-30,23.09,53.19,5.04,18.51,14.11,36.19,0.84,9.95,50.29,0.95,7.61,0.01,84.0,Satisfactory,2020,5,5,Summer,129.0,153.0
Delhi,2020-05-31,21.51,40.43,5.02,17.05,13.15,34.91,0.84,9.06,42.29,1.05,9.05,0.26,80.0,Satisfactory,2020,5,6,Summer,84.0,129.0
Delhi,2020-06-01,41.05,80.47,5.87,22.99,17.6,35.0,0.96,14.02,50.57,1.94,16.96,0.38,100.0,Satisfactory,2020,6,0,Monsoon,80.0,97.66666666666667
Delhi,2020-06-02,45.9,98.32,7.25,24.78,19.94,35.78,0.92,12.71,50.06,1.75,21.26,0.68,123.0,Moderate,2020,6,1,Monsoon,100.0,88.0
Delhi,2020-06-03,50.62,114.01,7.07,28.02,21.64,36.05,0.9,15.91,52.16,1.93,20.14,0.85,123.0,Moderate,2020,6,2,Monsoon,123.0,101.0
Delhi,2020-06-04,68.24,143.79,11.87,34.11,29.57,38.85,1.09,17.97,39.14,2.79,29.63,2.28,144.0,Moderate,2020,6,3,Monsoon,123.0,115.33333333333333
Delhi,2020-06-05,42.43,87.05,7.6,25.87,20.45,35.51,0.87,12.46,44.83,2.0,18.02,2.01,126.0,Moderate,2020,6,4,Monsoon,144.0,130.0
Delhi,2020-06-06,35.14,80.49,5.85,21.25,16.37,31.81,0.82,10.69,51.46,1.6,11.45,0.38,102.0,Moderate,2020,6,5,Monsoon,126.0,131.0
Delhi,2020-06-07,39.99,91.17,6.5,22.65,17.92,30.79,0.86,11.89,45.4,1.82,17.23,0.8,104.0,Moderate,2020,6,6,Monsoon,102.0,124.0
Delhi,2020-06-08,46.9,103.27,7.94,25.81,21.44,31.81,0.94,15.78,51.77,1.99,20.22,0.47,112.0,Moderate,2020,6,0,Monsoon,104.0,110.66666666666667
Delhi,2020-06-09,64.77,148.67,11.04,32.01,28.36,33.83,1.01,15.06,49.14,2.23,27.6,1.0,138.0,Moderate,2020,6,1,Monsoon,112.0,106.0
Delhi,2020-06-10,58.9,156.29,16.38,34.31,35.09,33.27,1.03,14.12,40.8,2.17,24.61,1.52,154.0,Moderate,2020,6,2,Monsoon,138.0,118.0
Delhi,2020-06-11,54.69,134.36,12.37,30.94,30.0,36.54,0.91,12.74,40.63,1.84,22.43,0.97,142.0,Moderate,2020,6,3,Monsoon,154.0,134.66666666666666
Delhi,2020-06-12,64.0,152.7,12.41,30.05,29.74,38.64,1.06,12.9,43.37,2.16,19.86,0.67,152.0,Moderate,2020,6,4,Monsoon,142.0,144.66666666666666
Delhi,2020-06-13,52.36,129.33,8.9,25.46,22.93,36.62,0.95,10.59,34.95,2.09,17.4,0.53,132.0,Moderate,2020,6,5,Monsoon,152.0,149.33333333333334
Delhi,2020-06-14,71.08,150.28,8.19,26.01,22.01,40.0,1.04,13.57,38.86,2.42,23.32,1.71,147.0,Moderate,2020,6,6,Monsoon,132.0,142.0
Delhi,2020-06-15,48.69,120.23,7.8,25.95,21.79,35.38,0.88,12.57,48.39,1.9,16.58,0.73,130.0,Moderate,2020,6,0,Monsoon,147.0,143.66666666666666
Delhi,2020-06-16,39.87,107.99,7.35,24.58,19.98,32.62,0.88,12.08,51.4,1.99,19.29,0.51,126.0,Moderate,2020,6,1,Monsoon,130.0,136.33333333333334
Delhi,2020-06-17,34.35,92.58,5.47,16.94,14.73,29.4,0.78,10.84,48.72,1.55,14.6,0.19,110.0,Moderate,2020,6,2,Monsoon,126.0,134.33333333333334
Delhi,2020-06-18,36.84,100.62,6.02,18.32,15.69,28.68,0.82,12.19,47.98,1.5,12.01,0.22,107.0,Moderate,2020,6,3,Monsoon,110.0,122.0
Delhi,2020-06-19,57.6,205.56,6.58,17.78,15.57,27.96,0.86,11.98,40.95,1.69,14.04,0.27,132.0,Moderate,2020,6,4,Monsoon,107.0,114.33333333333333
Delhi,2020-06-20,35.96,108.73,6.53,20.37,17.92,26.38,0.8,10.98,36.24,1.42,14.47,0.2,158.0,Moderate,2020,6,5,Monsoon,132.0,116.33333333333333
Delhi,2020-06-21,39.7,95.63,7.21,23.7,19.89,28.84,0.85,11.71,33.92,1.51,17.57,0.63,105.0,Moderate,2020,6,6,Monsoon,158.0,132.33333333333334
Delhi,2020-06-22,39.47,77.48,5.67,20.61,17.46,34.32,0.91,11.08,42.76,1.54,18.47,0.37,104.0,Moderate,2020,6,0,Monsoon,105.0,131.66666666666666
Delhi,2020-06-23,29.02,64.12,6.22,16.39,15.33,33.32,0.88,11.09,28.64,1.25,12.99,0.33,85.0,Satisfactory,2020,6,1,Monsoon,104.0,122.33333333333333
Delhi,2020-06-24,30.91,62.61,6.63,16.84,15.72,31.45,0.89,11.02,24.77,1.28,12.13,0.27,71.0,Satisfactory,2020,6,2,Monsoon,85.0,98.0
Delhi,2020-06-25,38.37,77.76,9.33,21.41,21.17,30.48,1.02,11.28,25.92,1.59,19.18,0.49,86.0,Satisfactory,2020,6,3,Monsoon,71.0,86.66666666666667
Delhi,2020-06-26,50.01,112.08,9.67,22.06,21.75,32.64,1.01,11.66,24.82,2.07,23.31,0.7,104.0,Moderate,2020,6,4,Monsoon,86.0,80.66666666666667
Delhi,2020-06-27,39.8,155.94,10.88,21.46,22.47,31.43,0.87,10.38,18.88,1.69,19.99,0.43,112.0,Moderate,2020,6,5,Monsoon,104.0,87.0
Delhi,2020-06-28,59.52,308.65,12.67,21.6,23.86,29.27,0.94,10.7,18.05,1.71,25.13,1.74,196.0,Moderate,2020,6,6,Monsoon,112.0,100.66666666666667
Delhi,2020-06-29,44.86,184.12,10.5,21.57,21.94,27.97,0.88,11.58,26.61,2.13,23.8,1.13,233.0,Poor,2020,6,0,Monsoon,196.0,137.33333333333334
Delhi,2020-06-30,39.8,91.98,5.99,17.96,15.44,28.48,0.84,10.51,37.29,1.57,16.37,0.49,114.0,Moderate,2020,6,1,Monsoon,233.0,180.33333333333334
Delhi,2020-07-01,54.01,128.66,6.33,21.05,16.81,29.06,0.97,11.15,29.73,2.03,23.57,0.65,101.0,Moderate,2020,7,2,Monsoon,114.0,181.0
Delhi,2020-07-02,47.84,132.56,,28.16,,,0.78,12.57,30.73,,,,101.0,,2020,7,3,Monsoon,101.0,149.3
Delhi,2020-07-03,46.79,131.93,,26.64,,,1.4,12.9,32.85,,,,104.6,,2020,7,4,Monsoon,101.0,105.3
Delhi,2020-07-04,47.95,120.53,,31.17,,,1.67,11.32,35.65,,,,101.2,,2020,7,5,Monsoon,104.6,102.2
Delhi,2020-07-05,43.34,114.01,,36.94,,,1.27,9.49,34.72,,,,101.6,,2020,7,6,Monsoon,101.2,102.3
Delhi,2020-07-06,43.12,94.15,,34.56,,,1.05,10.36,39.05,,,,102.2,,2020,7,0,Monsoon,101.6,102.5
Delhi,2020-07-07,43.88,115.82,,25.94,,,1.29,10.45,38.51,,,,97.1,,2020,7,1,Monsoon,102.2,101.7
Delhi,2020-07-08,55.38,161.8,,30.88,,,0.69,12.8,37.05,,,,112.8,,2020,7,2,Monsoon,97.1,100.3
Delhi,2020-07-09,51.11,145.32,,21.99,,,0.94,13.22,43.34,,,,113.7,,2020,7,3,Monsoon,112.8,104.0
Delhi,2020-07-10,45.37,90.63,,25.26,,,0.84,14.25,49.07,,,,98.8,,2020,7,4,Monsoon,113.7,107.9
Delhi,2020-07-11,45.1,77.53,,28.75,,,1.05,10.35,47.34,,,,98.1,,2020,7,5,Monsoon,98.8,108.4
Delhi,2020-07-12,39.47,99.61,,32.12,,,0.82,11.37,36.78,,,,97.5,,2020,7,6,Monsoon,98.1,103.5
Delhi,2020-07-13,41.16,103.35,,36.09,,,0.6,11.66,32.46,,,,86.7,,2020,7,0,Monsoon,97.5,98.1
Delhi,2020-07-14,54.15,131.68,,36.36,,,0.7,11.65,39.04,,,,95.5,,2020,7,1,Monsoon,86.7,94.1
Delhi,2020-07-15,54.11,128.58,,43.57,,,1.11,13.0,38.01,,,,112.0,,2020,7,2,Monsoon,95.5,93.2
Delhi,2020-07-16,49.93,135.78,,47.02,,,1.14,11.25,40.44,,,,120.3,,2020,7,3,Monsoon,112.0,98.1
Delhi,2020-07-17,46.56,180.14,,37.52,,,1.39,13.79,46.45,,,,124.3,,2020,7,4,Monsoon,120.3,109.3
Delhi,2020-07-18,41.12,193.04,,28.03,,,1.13,10.6,44.02,,,,156.8,,2020,7,5,Monsoon,124.3,118.9
Delhi,2020-07-19,40.78,159.25,,30.64,,,1.18,11.57,41.33,,,,135.8,,2020,7,6,Monsoon,156.8,133.8
Delhi,2020-07-20,38.44,182.02,,32.81,,,1.39,11.38,37.84,,,,145.2,,2020,7,0,Monsoon,135.8,139.0
Delhi,2020-07-21,41.85,159.44,,33.88,,,0.95,11.46,39.55,,,,133.9,,2020,7,1,Monsoon,145.2,145.9
Delhi,2020-07-22,44.19,181.21,,33.04,,,0.96,10.07,37.59,,,,150.3,,2020,7,2,Monsoon,133.9,138.3
Delhi,2020-07-23,44.25,202.11,,38.29,,,1.16,10.65,37.65,,,,163.2,,2020,7,3,Monsoon,150.3,143.1
Delhi,2020-07-24,43.29,196.75,,42.78,,,1.33,12.43,41.67,,,,173.2,,2020,7,4,Monsoon,163.2,149.1
Delhi,2020-07-25,37.73,208.03,,46.22,,,1.12,11.73,42.19,,,,183.2,,2020,7,5,Monsoon,173.2,162.2
Delhi,2020-07-26,38.5,156.11,,42.45,,,1.24,12.42,41.74,,,,164.0,,2020,7,6,Monsoon,183.2,173.2
Delhi,2020-07-27,45.89,152.78,,37.87,,,0.77,12.14,40.98,,,,158.9,,2020,7,0,Monsoon,164.0,173.4
Delhi,2020-07-28,47.63,179.83,,35.71,,,1.05,12.94,48.14,,,,161.2,,2020,7,1,Monsoon,158.9,168.7
Delhi,2020-07-29,42.3,183.9,,42.84,,,1.25,12.28,49.42,,,,171.1,,2020,7,2,Monsoon,161.2,161.4
Delhi,2020-07-30,44.3,155.5,,39.67,,,1.39,12.99,47.54,,,,155.6,,2020,7,3,Monsoon,171.1,163.7
Delhi,2020-07-31,47.61,168.33,,39.45,,,1.23,11.55,48.18,,,,142.9,,2020,7,4,Monsoon,155.6,162.6
Delhi,2020-08-01,37.33,179.33,,38.51,,,0.96,12.06,48.07,,,,152.5,,2020,8,5,Monsoon,142.9,156.5
Delhi,2020-08-02,32.49,185.0,,36.91,,,0.89,11.07,35.96,,,,162.8,,2020,8,6,Monsoon,152.5,150.3
Delhi,2020-08-03,37.23,163.85,,40.01,,,0.84,9.45,34.36,,,,154.5,,2020,8,0,Monsoon,162.8,152.7
Delhi,2020-08-04,39.62,161.13,,37.46,,,1.18,9.06,47.59,,,,151.8,,2020,8,1,Monsoon,154.5,156.6
Delhi,2020-08-05,38.18,177.83,,32.71,,,1.01,9.53,40.57,,,,152.9,,2020,8,2,Monsoon,151.8,156.4
Delhi,2020-08-06,36.86,162.84,,33.76,,,0.96,9.45,40.06,,,,156.8,,2020,8,3,Monsoon,152.9,153.1
Delhi,2020-08-07,38.59,167.45,,36.02,,,1.21,10.97,35.85,,,,150.6,,2020,8,4,Monsoon,156.8,153.8
Delhi,2020-08-08,45.42,147.56,,26.93,,,1.14,10.61,25.38,,,,154.1,,2020,8,5,Monsoon,150.6,153.4
Delhi,2020-08-09,40.9,144.98,,28.3,,,0.9,8.95,25.93,,,,153.4,,2020,8,6,Monsoon,154.1,153.9
Delhi,2020-08-10,41.22,132.04,,28.2,,,1.18,11.47,36.75,,,,143.5,,2020,8,0,Monsoon,153.4,152.7
Delhi,2020-08-11,43.01,111.37,,30.06,,,0.83,10.63,43.22,,,,120.6,,2020,8,1,Monsoon,143.5,150.3
Delhi,2020-08-12,47.46,135.0,,33.53,,,0.8,11.79,50.93,,,,121.3,,2020,8,2,Monsoon,120.6,139.2
Delhi,2020-08-13,47.11,123.3,,31.6,,,0.91,12.37,44.35,,,,105.7,,2020,8,3,Monsoon,121.3,128.5
Delhi,2020-08-14,41.2,148.31,,31.25,,,1.19,11.67,38.62,,,,111.0,,2020,8,4,Monsoon,105.7,115.9
Delhi,2020-08-15,37.95,168.26,,37.34,,,1.23,12.32,36.09,,,,142.7,,2020,8,5,Monsoon,111.0,112.7
Delhi,2020-08-16,39.6,167.71,,35.41,,,1.4,11.41,39.35,,,,157.6,,2020,8,6,Monsoon,142.7,119.8
Delhi,2020-08-17,41.83,141.05,,33.8,,,1.17,11.63,35.44,,,,155.0,,2020,8,0,Monsoon,157.6,137.1
Delhi,2020-08-18,40.39,141.15,,35.23,,,1.35,10.86,32.85,,,,145.9,,2020,8,1,Monsoon,155.0,151.8
Delhi,2020-08-19,42.31,137.81,,31.68,,,1.36,12.28,33.1,,,,142.8,,2020,8,2,Monsoon,145.9,152.8
Delhi,2020-08-20,44.03,113.97,,30.62,,,1.29,13.56,33.75,,,,119.8,,2020,8,3,Monsoon,142.8,147.9
Delhi,2020-08-21,41.93,113.25,,29.95,,,1.38,10.6,40.89,,,,102.5,,2020,8,4,Monsoon,119.8,136.2
Delhi,2020-08-22,41.7,100.94,,30.16,,,1.16,10.18,48.87,,,,94.3,,2020,8,5,Monsoon,102.5,121.7
Delhi,2020-08-23,38.14,95.4,,33.97,,,0.96,8.2,51.63,,,,92.9,,2020,8,6,Monsoon,94.3,105.5
Delhi,2020-08-24,40.66,146.71,,35.2,,,0.94,8.47,43.3,,,,118.6,,2020,8,0,Monsoon,92.9,96.6
Delhi,2020-08-25,43.68,162.26,,38.71,,,0.82,9.04,42.62,,,,122.6,,2020,8,1,Monsoon,118.6,101.9
Delhi,2020-08-26,44.16,172.5,,37.12,,,0.87,10.15,45.92,,,,130.3,,2020,8,2,Monsoon,122.6,111.4
Delhi,2020-08-27,35.92,167.47,,39.33,,,0.82,11.26,39.59,,,,142.4,,2020,8,3,Monsoon,130.3,123.8
Delhi,2020-08-28,39.03,153.66,,43.11,,,1.18,10.15,40.58,,,,126.1,,2020,8,4,Monsoon,142.4,131.8
Delhi,2020-08-29,38.68,160.1,,38.43,,,1.07,8.41,36.15,,,,137.2,,2020,8,5,Monsoon,126.1,132.9
Delhi,2020-08-30,41.9,128.66,,34.43,,,0.89,10.21,32.29,,,,119.2,,2020,8,6,Monsoon,137.2,135.2
Delhi,2020-08-31,43.68,136.12,,32.88,,,1.18,10.72,31.43,,,,104.9,,2020,8,0,Monsoon,119.2,127.5
Delhi,2020-09-01,50.35,134.33,,31.74,,,1.2,12.36,23.18,,,,106.1,,2020,9,1,Monsoon,104.9,120.5
Delhi,2020-09-02,65.28,144.12,,35.79,,,1.12,14.09,35.25,,,,121.3,,2020,9,2,Monsoon,106.1,110.1
Delhi,2020-09-03,64.87,136.19,,36.68,,,1.06,12.97,31.69,,,,115.5,,2020,9,3,Monsoon,121.3,110.8
Delhi,2020-09-04,59.93,121.22,,34.92,,,1.07,12.78,41.66,,,,109.2,,2020,9,4,Monsoon,115.5,114.3
Delhi,2020-09-05,64.37,137.4,,36.24,,,1.04,12.7,48.27,,,,124.8,,2020,9,5,Monsoon,109.2,115.3
Delhi,2020-09-06,67.26,133.75,,37.27,,,0.92,14.17,43.84,,,,123.1,,2020,9,6,Monsoon,124.8,116.5
Delhi,2020-09-07,68.2,148.99,,36.25,,,0.96,11.84,38.73,,,,115.6,,2020,9,0,Monsoon,123.1,119.0
Delhi,2020-09-08,56.51,149.59,,41.08,,,0.98,12.31,47.59,,,,110.9,,2020,9,1,Monsoon,115.6,121.2
Delhi,2020-09-09,59.06,144.65,,41.48,,,0.89,11.95,47.31,,,,131.8,,2020,9,2,Monsoon,110.9,116.5
Delhi,2020-09-10,62.66,133.6,,35.15,,,1.06,10.18,40.77,,,,124.6,,2020,9,3,Monsoon,131.8,119.4
Delhi,2020-09-11,67.61,108.96,,40.83,,,0.9,10.85,40.62,,,,109.5,,2020,9,4,Monsoon,124.6,122.4
Delhi,2020-09-12,64.28,104.38,,31.73,,,0.75,10.97,41.9,,,,94.8,,2020,9,5,Monsoon,109.5,122.0
Delhi,2020-09-13,56.83,114.52,,31.69,,,0.87,11.65,34.83,,,,97.6,,2020,9,6,Monsoon,94.8,109.6
Delhi,2020-09-14,37.37,125.94,,32.38,,,0.93,10.88,45.0,,,,100.1,,2020,9,0,Monsoon,97.6,100.6
Delhi,2020-09-15,38.29,132.06,,29.26,,,1.08,10.79,45.17,,,,92.6,,2020,9,1,Monsoon,100.1,97.5
Delhi,2020-09-16,34.03,136.0,,34.82,,,1.09,9.51,52.63,,,,119.6,,2020,9,2,Monsoon,92.6,96.7
Delhi,2020-09-17,43.38,144.0,,28.09,,,0.98,13.42,44.35,,,,121.6,,2020,9,3,Monsoon,119.6,104.1
Delhi,2020-09-18,56.16,176.06,,31.51,,,0.98,14.56,38.37,,,,148.1,,2020,9,4,Monsoon,121.6,111.2
Delhi,2020-09-19,50.79,182.47,,36.76,,,1.14,14.44,52.2,,,,153.2,,2020,9,5,Monsoon,148.1,129.8
Delhi,2020-09-20,46.23,132.96,,43.44,,,1.18,13.02,43.94,,,,152.1,,2020,9,6,Monsoon,153.2,140.9
Delhi,2020-09-21,45.44,115.21,,40.34,,,1.17,12.35,43.82,,,,137.7,,2020,9,0,Monsoon,152.1,151.1
Delhi,2020-09-22,47.25,111.98,,37.03,,,1.12,15.2,32.54,,,,118.8,,2020,9,1,Monsoon,137.7,147.7
Delhi,2020-09-23,50.64,149.52,,40.44,,,1.33,13.26,36.53,,,,135.1,,2020,9,2,Monsoon,118.8,136.2
Delhi,2020-09-24,45.71,106.92,,34.25,,,1.43,9.04,40.54,,,,112.1,,2020,9,3,Monsoon,135.1,130.5
Delhi,2020-09-25,51.66,120.09,,37.23,,,1.23,11.98,36.81,,,,117.1,,2020,9,4,Monsoon,112.1,122.0
Delhi,2020-09-26,55.96,123.44,,43.51,,,1.01,11.42,40.66,,,,109.3,,2020,9,5,Monsoon,117.1,121.5
Delhi,2020-09-27,57.02,110.87,,38.7,,,0.92,14.03,36.11,,,,114.9,,2020,9,6,Monsoon,109.3,112.9
Delhi,2020-09-28,50.45,108.72,,39.97,,,1.07,14.88,34.7,,,,112.8,,2020,9,0,Monsoon,114.9,113.8
Delhi,2020-09-29,49.51,108.7,,42.96,,,1.06,13.53,39.01,,,,98.3,,2020,9,1,Monsoon,112.8,112.3
Delhi,2020-09-30,57.05,127.1,,33.88,,,0.94,13.71,47.28,,,,93.2,,2020,9,2,Monsoon,98.3,108.7
Delhi,2020-10-01,80.24,186.81,,43.13,,,0.9,16.47,65.22,,,,127.3,,2020,10,3,Post-Monsoon,93.2,101.4
Delhi,2020-10-02,124.99,238.19,,48.76,,,1.04,14.17,76.4,,,,173.2,,2020,10,4,Post-Monsoon,127.3,106.3
Delhi,2020-10-03,115.9,173.41,,49.62,,,1.13,14.19,73.62,,,,180.5,,2020,10,5,Post-Monsoon,173.2,131.2
Delhi,2020-10-04,137.83,211.34,,41.14,,,1.62,14.09,70.59,,,,193.9,,2020,10,6,Post-Monsoon,180.5,160.4
Delhi,2020-10-05,145.13,242.88,,33.98,,,1.59,14.71,77.47,,,,204.2,,2020,10,0,Post-Monsoon,193.9,182.6
Delhi,2020-10-06,115.18,263.74,,38.31,,,1.44,13.17,76.14,,,,227.5,,2020,10,1,Post-Monsoon,204.2,192.9
Delhi,2020-10-07,132.54,282.25,,48.39,,,1.59,14.79,52.04,,,,239.0,,2020,10,2,Post-Monsoon,227.5,208.5
Delhi,2020-10-08,117.4,307.3,,51.41,,,1.33,15.71,63.33,,,,259.1,,2020,10,3,Post-Monsoon,239.0,223.6
Delhi,2020-10-09,135.26,275.13,,49.81,,,1.29,16.69,66.11,,,,237.2,,2020,10,4,Post-Monsoon,259.1,241.9
Delhi,2020-10-10,124.86,310.59,,54.01,,,1.67,16.73,44.44,,,,247.6,,2020,10,5,Post-Monsoon,237.2,245.1
Delhi,2020-10-11,119.6,310.62,,59.22,,,1.75,14.7,45.53,,,,270.1,,2020,10,6,Post-Monsoon,247.6,248.0
Delhi,2020-10-12,109.2,294.2,,56.5,,,1.59,17.69,50.79,,,,272.0,,2020,10,0,Post-Monsoon,270.1,251.6
Delhi,2020-10-13,129.73,308.3,,58.72,,,1.52,16.7,54.74,,,,276.2,,2020,10,1,Post-Monsoon,272.0,263.2
Delhi,2020-10-14,131.1,296.19,,50.33,,,1.56,18.22,64.97,,,,272.3,,2020,10,2,Post-Monsoon,276.2,272.8
Delhi,2020-10-15,104.47,279.05,,52.37,,,1.21,19.35,64.08,,,,268.0,,2020,10,3,Post-Monsoon,272.3,273.5
Delhi,2020-10-16,105.79,278.54,,51.27,,,1.26,17.16,57.6,,,,266.5,,2020,10,4,Post-Monsoon,268.0,272.2
Delhi,2020-10-17,101.43,246.6,,62.52,,,1.01,18.62,51.25,,,,250.6,,2020,10,5,Post-Monsoon,266.5,268.9
Delhi,2020-10-18,116.9,211.44,,66.36,,,1.24,19.3,63.77,,,,230.1,,2020,10,6,Post-Monsoon,250.6,261.7
Delhi,2020-10-19,133.06,270.95,,70.2,,,1.45,16.9,57.76,,,,239.6,,2020,10,0,Post-Monsoon,230.1,249.1
Delhi,2020-10-20,144.05,237.52,,65.73,,,1.42,17.54,61.54,,,,236.7,,2020,10,1,Post-Monsoon,239.6,240.1
Delhi,2020-10-21,142.42,255.21,,71.39,,,1.5,18.38,54.01,,,,239.2,,2020,10,2,Post-Monsoon,236.7,235.5
Delhi,2020-10-22,147.6,292.69,,67.47,,,1.23,14.35,62.41,,,,244.4,,2020,10,3,Post-Monsoon,239.2,238.5
Delhi,2020-10-23,152.81,288.37,,63.7,,,1.2,15.17,61.97,,,,245.7,,2020,10,4,Post-Monsoon,244.4,240.1
Delhi,2020-10-24,138.27,267.2,,59.25,,,1.26,17.25,68.12,,,,255.9,,2020,10,5,Post-Monsoon,245.7,243.1
Delhi,2020-10-25,150.03,274.48,,59.5,,,1.33,18.49,71.81,,,,257.3,,2020,10,6,Post-Monsoon,255.9,248.7
Delhi,2020-10-26,140.62,295.7,,59.99,,,1.33,17.84,69.51,,,,268.8,,2020,10,0,Post-Monsoon,257.3,253.0
Delhi,2020-10-27,156.09,296.19,,63.2,,,1.38,20.16,57.95,,,,278.3,,2020,10,1,Post-Monsoon,268.8,260.7
Delhi,2020-10-28,141.62,270.92,,51.66,,,1.17,20.28,53.31,,,,269.2,,2020,10,2,Post-Monsoon,278.3,268.1
Delhi,2020-10-29,153.85,255.44,,53.61,,,1.21,17.47,58.27,,,,249.8,,2020,10,3,Post-Monsoon,269.2,272.1
Delhi,2020-10-30,145.1,225.44,,62.09,,,1.46,18.4,69.53,,,,230.4,,2020,10,4,Post-Monsoon,249.8,265.8
Delhi,2020-10-31,133.49,187.77,,77.36,,,1.62,17.21,55.28,,,,226.3,,2020,10,5,Post-Monsoon,230.4,249.8
Delhi,2020-11-01,217.03,238.63,,67.04,,,1.3,17.28,54.58,,,,272.6,,2020,11,6,Post-Monsoon,226.3,235.5
Delhi,2020-11-02,223.42,274.74,,72.44,,,1.24,19.1,56.79,,,,317.1,,2020,11,0,Post-Monsoon,272.6,243.1
Delhi,2020-11-03,190.13,304.65,,85.2,,,1.38,21.1,59.16,,,,304.3,,2020,11,1,Post-Monsoon,317.1,272.0
Delhi,2020-11-04,185.41,324.46,,78.95,,,1.43,20.77,48.83,,,,299.1,,2020,11,2,Post-Monsoon,304.3,298.0
Delhi,2020-11-05,253.34,342.4,,74.56,,,1.56,21.61,67.3,,,,331.4,,2020,11,3,Post-Monsoon,299.1,306.8
Delhi,2020-11-06,268.25,326.94,,77.16,,,1.66,21.37,60.32,,,,354.7,,2020,11,4,Post-Monsoon,331.4,311.6
Delhi,2020-11-07,259.21,351.43,,72.7,,,1.68,20.68,58.95,,,,366.7,,2020,11,5,Post-Monsoon,354.7,328.4
Delhi,2020-11-08,245.72,434.42,,72.67,,,1.77,20.82,55.17,,,,386.8,,2020,11,6,Post-Monsoon,366.7,350.9
Delhi,2020-11-09,234.71,445.42,,70.45,,,1.86,18.83,47.61,,,,396.7,,2020,11,0,Post-Monsoon,386.8,369.4
Delhi,2020-11-10,201.53,408.02,,61.83,,,1.6,23.74,51.63,,,,394.1,,2020,11,1,Post-Monsoon,396.7,383.4
Delhi,2020-11-11,244.25,421.65,,63.52,,,1.84,24.52,55.86,,,,390.2,,2020,11,2,Post-Monsoon,394.1,392.5
Delhi,2020-11-12,233.39,373.42,,74.79,,,1.71,24.96,55.67,,,,373.0,,2020,11,3,Post-Monsoon,390.2,393.6
Delhi,2020-11-13,234.15,373.65,,80.22,,,1.63,21.87,66.69,,,,360.6,,2020,11,4,Post-Monsoon,373.0,385.7
Delhi,2020-11-14,192.51,345.68,,73.36,,,1.82,23.09,71.48,,,,347.4,,2020,11,5,Post-Monsoon,360.6,374.6
Delhi,2020-11-15,229.12,320.92,,69.76,,,1.75,19.71,70.89,,,,347.0,,2020,11,6,Post-Monsoon,347.4,360.3
Delhi,2020-11-16,270.11,300.44,,74.02,,,1.81,17.63,72.61,,,,368.5,,2020,11,0,Post-Monsoon,347.0,351.6
Delhi,2020-11-17,274.84,293.01,,62.63,,,2.11,19.25,59.82,,,,395.8,,2020,11,1,Post-Monsoon,368.5,354.3
Delhi,2020-11-18,263.29,276.0,,58.71,,,1.96,19.41,48.97,,,,381.9,,2020,11,2,Post-Monsoon,395.8,370.4
Delhi,2020-11-19,230.12,314.52,,63.52,,,1.97,18.66,60.76,,,,370.4,,2020,11,3,Post-Monsoon,381.9,382.1
Delhi,2020-11-20,229.47,363.36,,60.41,,,1.9,18.63,50.19,,,,356.5,,2020,11,4,Post-Monsoon,370.4,382.7
Delhi,2020-11-21,166.06,416.71,,56.51,,,1.85,21.04,56.1,,,,360.0,,2020,11,5,Post-Monsoon,356.5,369.6
Delhi,2020-11-22,190.65,410.48,,64.45,,,1.75,21.27,51.57,,,,351.0,,2020,11,6,Post-Monsoon,360.0,362.3
Delhi,2020-11-23,222.39,430.74,,77.88,,,1.67,21.2,40.53,,,,374.0,,2020,11,0,Post-Monsoon,351.0,355.9
Delhi,2020-11-24,176.16,397.78,,74.56,,,1.75,20.53,48.05,,,,348.3,,2020,11,1,Post-Monsoon,374.0,361.7
Delhi,2020-11-25,198.31,315.12,,78.66,,,1.45,19.31,45.31,,,,323.4,,2020,11,2,Post-Monsoon,348.3,357.8
Delhi,2020-11-26,246.61,340.04,,78.79,,,1.58,21.36,56.09,,,,347.5,,2020,11,3,Post-Monsoon,323.4,348.6
Delhi,2020-11-27,206.6,397.62,,67.32,,,1.44,22.26,61.87,,,,366.5,,2020,11,4,Post-Monsoon,347.5,339.7
Delhi,2020-11-28,204.87,368.67,,71.13,,,1.83,20.25,60.71,,,,350.1,,2020,11,5,Post-Monsoon,366.5,345.8
Delhi,2020-11-29,194.31,327.93,,65.5,,,1.72,18.91,53.14,,,,344.9,,2020,11,6,Post-Monsoon,350.1,354.7
Delhi,2020-11-30,179.99,346.75,,71.86,,,1.76,20.2,53.21,,,,335.4,,2020,11,0,Post-Monsoon,344.9,353.8
Delhi,2020-12-01,194.47,343.56,,61.84,,,0.95,18.67,46.95,,,,325.2,,2020,12,1,Winter,335.4,343.4
Delhi,2020-12-02,205.48,393.34,,60.9,,,1.83,19.37,55.59,,,,341.3,,2020,12,2,Winter,325.2,335.1
Delhi,2020-12-03,188.85,336.61,,64.9,,,1.16,18.05,44.61,,,,327.3,,2020,12,3,Winter,341.3,334.0
Delhi,2020-12-04,221.82,333.16,,69.03,,,0.42,17.78,50.43,,,,320.7,,2020,12,4,Winter,327.3,331.2
Delhi,2020-12-05,211.57,322.65,,71.46,,,1.49,15.8,42.69,,,,315.3,,2020,12,5,Winter,320.7,329.8
Delhi,2020-12-06,141.27,377.7,,71.19,,,0.72,14.91,39.89,,,,330.9,,2020,12,6,Winter,315.3,321.1
Delhi,2020-12-07,131.73,366.66,,79.53,,,1.46,14.32,56.87,,,,335.6,,2020,12,0,Winter,330.9,322.3
Delhi,2020-12-08,160.65,375.97,,73.14,,,1.48,17.26,40.97,,,,333.6,,2020,12,1,Winter,335.6,327.2
Delhi,2020-12-09,160.44,361.98,,69.76,,,2.55,19.04,45.01,,,,330.4,,2020,12,2,Winter,333.6,333.3
Delhi,2020-12-10,158.69,304.58,,69.59,,,2.46,19.64,42.48,,,,311.6,,2020,12,3,Winter,330.4,333.2
Delhi,2020-12-11,174.53,365.6,,75.57,,,3.25,20.26,35.94,,,,323.9,,2020,12,4,Winter,311.6,325.2
Delhi,2020-12-12,187.0,367.84,,73.54,,,5.56,19.47,38.22,,,,334.2,,2020,12,5,Winter,323.9,322.0
Delhi,2020-12-13,180.36,373.98,,74.65,,,6.06,18.84,34.46,,,,331.3,,2020,12,6,Winter,334.2,323.3
Delhi,2020-12-14,193.77,390.24,,73.12,,,4.22,20.18,31.7,,,,341.7,,2020,12,0,Winter,331.3,329.8
Delhi,2020-12-15,197.44,392.22,,71.01,,,3.58,18.83,37.47,,,,343.8,,2020,12,1,Winter,341.7,335.8
Delhi,2020-12-16,197.64,369.43,,74.44,,,5.42,18.69,42.08,,,,334.9,,2020,12,2,Winter,343.8,338.9
Delhi,2020-12-17,247.78,375.41,,77.4,,,5.04,19.14,47.5,,,,340.8,,2020,12,3,Winter,334.9,340.1
Delhi,2020-12-18,240.28,335.08,,72.99,,,4.53,17.63,49.72,,,,352.5,,2020,12,4,Winter,340.8,339.8
Delhi,2020-12-19,228.19,317.15,,67.76,,,4.82,18.4,40.24,,,,336.2,,2020,12,5,Winter,352.5,342.7
Delhi,2020-12-20,202.68,347.5,,72.39,,,4.27,16.39,53.38,,,,330.1,,2020,12,6,Winter,336.2,343.1
Delhi,2020-12-21,229.32,376.03,,65.73,,,3.72,16.57,52.05,,,,343.0,,2020,12,0,Winter,330.1,339.6
Delhi,2020-12-22,229.0,294.51,,59.21,,,3.5,13.97,52.07,,,,345.5,,2020,12,1,Winter,343.0,336.4
Delhi,2020-12-23,205.0,333.33,,66.01,,,1.78,13.55,50.53,,,,344.6,,2020,12,2,Winter,345.5,339.5
Delhi,2020-12-24,235.66,355.75,,62.56,,,1.63,16.2,44.56,,,,331.0,,2020,12,3,Winter,344.6,344.4
Delhi,2020-12-25,227.8,339.97,,64.82,,,2.14,13.57,29.91,,,,344.0,,2020,12,4,Winter,331.0,340.4
Delhi,2020-12-26,224.16,328.67,,66.93,,,2.3,13.17,39.93,,,,316.1,,2020,12,5,Winter,344.0,339.9
Delhi,2020-12-27,204.93,327.84,,64.17,,,1.25,16.24,37.28,,,,297.3,,2020,12,6,Winter,316.1,330.4
Delhi,2020-12-28,232.32,331.59,,62.95,,,2.34,16.66,43.16,,,,339.0,,2020,12,0,Winter,297.3,319.1
Delhi,2020-12-29,231.74,328.46,,61.49,,,0.99,16.48,44.99,,,,348.7,,2020,12,1,Winter,339.0,317.5
Delhi,2020-12-30,212.79,317.72,,71.85,,,0.0,14.94,38.47,,,,324.6,,2020,12,2,Winter,348.7,328.3
Delhi,2020-12-31,217.87,322.1,,69.13,,,0.25,17.47,46.7,,,,337.6,,2020,12,3,Winter,324.6,337.4
Delhi,2021-01-01,202.78,337.07,,63.7,,,0.0,18.13,33.1,,,,321.1,,2021,1,4,Winter,337.6,336.9
Delhi,2021-01-02,179.87,303.55,,58.68,,,0.64,17.81,30.19,,,,299.1,,2021,1,5,Winter,321.1,327.7
Delhi,2021-01-03,167.07,270.24,,48.56,,,0.93,16.54,44.24,,,,268.1,,2021,1,6,Winter,299.1,319.2
Delhi,2021-01-04,168.24,333.09,,46.89,,,0.65,15.64,34.15,,,,293.2,,2021,1,0,Winter,268.1,296.1
Delhi,2021-01-05,181.47,327.53,,42.08,,,2.46,16.02,49.85,,,,299.2,,2021,1,1,Winter,293.2,286.8
Delhi,2021-01-06,167.34,328.88,,50.6,,,1.73,12.77,57.72,,,,304.9,,2021,1,2,Winter,299.2,286.8
Delhi,2021-01-07,150.84,343.07,,53.31,,,1.66,14.85,60.67,,,,313.2,,2021,1,3,Winter,304.9,299.1
Delhi,2021-01-08,161.03,330.82,,51.41,,,2.05,17.61,48.63,,,,301.3,,2021,1,4,Winter,313.2,305.8
Delhi,2021-01-09,170.47,334.6,,45.2,,,2.58,19.3,51.78,,,,300.5,,2021,1,5,Winter,301.3,306.5
Delhi,2021-01-10,174.73,312.13,,52.75,,,3.3,17.38,45.8,,,,294.2,,2021,1,6,Winter,300.5,305.0
Delhi,2021-01-11,168.65,343.84,,50.14,,,2.95,16.04,44.02,,,,306.1,,2021,1,0,Winter,294.2,298.6
Delhi,2021-01-12,173.21,369.35,,48.51,,,2.34,15.98,49.77,,,,316.5,,2021,1,1,Winter,306.1,300.2
Delhi,2021-01-13,179.0,380.25,,48.27,,,1.95,16.61,50.76,,,,317.2,,2021,1,2,Winter,316.5,305.6
Delhi,2021-01-14,173.9,352.22,,60.27,,,3.72,16.24,52.36,,,,314.0,,2021,1,3,Winter,317.2,313.3
Delhi,2021-01-15,209.04,348.35,,55.97,,,3.24,16.59,33.72,,,,321.3,,2021,1,4,Winter,314.0,315.9
Delhi,2021-01-16,218.6,375.97,,56.82,,,3.79,15.23,45.5,,,,341.3,,2021,1,5,Winter,321.3,317.5
Delhi,2021-01-17,204.9,338.55,,51.77,,,2.15,15.63,52.51,,,,332.4,,2021,1,6,Winter,341.3,325.5
Delhi,2021-01-18,212.52,331.21,,61.16,,,1.96,16.85,46.28,,,,319.9,,2021,1,0,Winter,332.4,331.7
Delhi,2021-01-19,216.89,294.97,,65.05,,,1.61,18.37,45.84,,,,322.2,,2021,1,1,Winter,319.9,331.2
Delhi,2021-01-20,225.54,343.54,,53.93,,,1.89,16.7,34.72,,,,324.8,,2021,1,2,Winter,322.2,324.8
Delhi,2021-01-21,223.19,322.93,,47.4,,,2.52,20.8,40.97,,,,320.0,,2021,1,3,Winter,324.8,322.3
Delhi,2021-01-22,218.75,312.69,,41.46,,,3.38,17.05,61.36,,,,326.2,,2021,1,4,Winter,320.0,322.3
Delhi,2021-01-23,225.05,297.69,,44.88,,,4.57,17.71,67.49,,,,322.2,,2021,1,5,Winter,326.2,323.6
Delhi,2021-01-24,208.7,299.91,,46.26,,,4.64,16.99,68.82,,,,332.0,,2021,1,6,Winter,322.2,322.8
Delhi,2021-01-25,199.02,264.57,,51.79,,,3.69,19.38,68.26,,,,324.2,,2021,1,0,Winter,332.0,326.8
Delhi,2021-01-26,201.83,279.49,,49.07,,,2.54,14.16,58.29,,,,324.4,,2021,1,1,Winter,324.2,326.1
Delhi,2021-01-27,198.51,274.65,,47.46,,,3.86,15.55,64.77,,,,318.6,,2021,1,2,Winter,324.4,326.9
Delhi,2021-01-28,172.37,276.13,,60.4,,,2.29,17.2,59.01,,,,297.5,,2021,1,3,Winter,318.6,322.4
Delhi,2021-01-29,167.85,222.99,,59.7,,,1.9,15.18,52.6,,,,278.1,,2021,1,4,Winter,297.5,313.5
Delhi,2021-01-30,172.53,219.25,,56.08,,,2.48,11.86,24.75,,,,268.1,,2021,1,5,Winter,278.1,298.1
Delhi,2021-01-31,191.79,211.98,,58.34,,,0.0,14.44,30.76,,,,252.9,,2021,1,6,Winter,268.1,281.2
Delhi,2021-02-01,172.79,223.75,,46.95,,,1.29,18.03,30.98,,,,267.1,,2021,2,0,Winter,252.9,266.4
Delhi,2021-02-02,138.18,206.89,,40.31,,,2.18,20.17,41.97,,,,245.6,,2021,2,1,Winter,267.1,262.7
Delhi,2021-02-03,147.12,222.15,,46.75,,,1.85,18.85,44.03,,,,237.8,,2021,2,2,Winter,245.6,255.2
Delhi,2021-02-04,146.79,200.87,,44.18,,,1.92,19.55,49.91,,,,222.0,,2021,2,3,Winter,237.8,250.2
Delhi,2021-02-05,125.56,199.76,,47.2,,,3.52,17.2,50.82,,,,223.3,,2021,2,4,Winter,222.0,235.2
Delhi,2021-02-06,132.69,160.69,,52.96,,,3.44,13.88,43.19,,,,230.8,,2021,2,5,Winter,223.3,227.7
Delhi,2021-02-07,151.07,168.79,,51.76,,,4.01,14.53,44.01,,,,220.9,,2021,2,6,Winter,230.8,225.4
Delhi,2021-02-08,138.36,195.73,,58.22,,,2.88,15.69,50.35,,,,212.5,,2021,2,0,Winter,220.9,225.0
Delhi,2021-02-09,151.44,263.99,,55.76,,,2.17,17.05,49.01,,,,222.7,,2021,2,1,Winter,212.5,221.4
Delhi,2021-02-10,145.56,307.08,,54.38,,,0.56,17.58,52.05,,,,253.3,,2021,2,2,Winter,222.7,218.7
Delhi,2021-02-11,137.3,235.38,,54.6,,,2.08,17.02,65.37,,,,233.7,,2021,2,3,Winter,253.3,229.5
Delhi,2021-02-12,127.58,215.7,,55.74,,,1.85,17.39,65.18,,,,221.6,,2021,2,4,Winter,233.7,236.6
Delhi,2021-02-13,129.22,201.33,,52.07,,,2.36,12.52,58.28,,,,212.0,,2021,2,5,Winter,221.6,236.2
Delhi,2021-02-14,136.4,217.81,,51.25,,,1.12,13.34,49.41,,,,209.4,,2021,2,6,Winter,212.0,222.4
Delhi,2021-02-15,128.59,244.93,,49.97,,,1.86,14.58,54.57,,,,221.0,,2021,2,0,Winter,209.4,214.3
Delhi,2021-02-16,142.48,203.08,,56.9,,,1.76,17.49,54.26,,,,211.0,,2021,2,1,Winter,221.0,214.2
Delhi,2021-02-17,116.45,203.3,,54.14,,,1.24,16.36,47.09,,,,199.7,,2021,2,2,Winter,211.0,213.8
Delhi,2021-02-18,115.17,229.14,,57.46,,,2.91,20.01,49.45,,,,197.3,,2021,2,3,Winter,199.7,210.6
Delhi,2021-02-19,128.45,241.59,,54.62,,,1.56,19.83,47.47,,,,209.8,,2021,2,4,Winter,197.3,202.7
Delhi,2021-02-20,125.39,232.11,,52.79,,,3.08,16.66,39.27,,,,212.0,,2021,2,5,Winter,209.8,202.3
Delhi,2021-02-21,132.71,211.06,,52.48,,,4.28,14.49,33.06,,,,201.6,,2021,2,6,Winter,212.0,206.4
Delhi,2021-02-22,119.71,196.07,,60.19,,,3.94,15.85,33.86,,,,200.0,,2021,2,0,Winter,201.6,207.8
Delhi,2021-02-23,116.57,229.46,,54.89,,,4.31,14.83,45.31,,,,207.4,,2021,2,1,Winter,200.0,204.5
Delhi,2021-02-24,111.53,226.3,,55.75,,,5.14,13.84,29.28,,,,199.7,,2021,2,2,Winter,207.4,203.0
Delhi,2021-02-25,115.43,176.18,,49.81,,,4.39,15.56,47.43,,,,201.4,,2021,2,3,Winter,199.7,202.4
Delhi,2021-02-26,130.46,206.9,,52.07,,,2.52,11.42,48.64,,,,204.1,,2021,2,4,Winter,201.4,202.8
Delhi,2021-02-27,134.36,195.81,,55.63,,,3.48,14.92,54.45,,,,198.6,,2021,2,5,Winter,204.1,201.7
Delhi,2021-02-28,147.33,209.41,,56.16,,,3.08,15.4,44.94,,,,206.9,,2021,2,6,Winter,198.6,201.4
Delhi,2021-03-01,134.24,191.87,,56.01,,,2.64,17.08,52.74,,,,201.8,,2021,3,0,Summer,206.9,203.2
Delhi,2021-03-02,129.87,196.64,,51.72,,,2.52,15.45,48.67,,,,189.0,,2021,3,1,Summer,201.8,202.4
Delhi,2021-03-03,113.34,176.88,,51.7,,,1.49,18.06,57.03,,,,180.3,,2021,3,2,Summer,189.0,199.2
Delhi,2021-03-04,96.59,192.86,,46.93,,,1.51,17.44,47.94,,,,183.4,,2021,3,3,Summer,180.3,190.4
Delhi,2021-03-05,91.17,162.75,,48.43,,,0.89,15.15,53.57,,,,159.1,,2021,3,4,Summer,183.4,184.2
Delhi,2021-03-06,69.1,176.08,,44.24,,,1.13,14.85,50.46,,,,152.8,,2021,3,5,Summer,159.1,174.3
Delhi,2021-03-07,84.81,146.0,,44.96,,,0.9,16.09,41.24,,,,152.4,,2021,3,6,Summer,152.8,165.1
Delhi,2021-03-08,77.92,147.6,,48.7,,,0.0,16.35,52.39,,,,140.3,,2021,3,0,Summer,152.4,154.8
Delhi,2021-03-09,78.11,164.57,,49.92,,,0.0,19.75,54.36,,,,149.4,,2021,3,1,Summer,140.3,148.5
Delhi,2021-03-10,80.33,185.4,,52.14,,,2.36,16.36,41.94,,,,147.3,,2021,3,2,Summer,149.4,147.4
Delhi,2021-03-11,80.79,219.95,,47.86,,,3.63,16.41,41.09,,,,158.1,,2021,3,3,Summer,147.3,145.7
Delhi,2021-03-12,79.86,232.17,,46.82,,,3.86,19.74,38.57,,,,178.9,,2021,3,4,Summer,158.1,151.6
Delhi,2021-03-13,73.34,197.37,,65.24,,,4.05,19.9,35.8,,,,190.9,,2021,3,5,Summer,178.9,161.4
Delhi,2021-03-14,84.59,221.81,,65.01,,,2.51,15.83,31.82,,,,186.9,,2021,3,6,Summer,190.9,176.0
Delhi,2021-03-15,88.2,197.62,,67.2,,,2.51,19.31,47.47,,,,195.2,,2021,3,0,Summer,186.9,185.6
Delhi,2021-03-16,84.41,155.27,,58.06,,,2.69,17.31,46.93,,,,173.5,,2021,3,1,Summer,195.2,191.0
Delhi,2021-03-17,89.67,142.45,,55.02,,,2.8,16.35,51.56,,,,148.1,,2021,3,2,Summer,173.5,185.2
Delhi,2021-03-18,86.7,154.31,,48.78,,,2.1,17.97,45.88,,,,138.7,,2021,3,3,Summer,148.1,172.3
Delhi,2021-03-19,95.66,155.12,,49.21,,,2.18,20.82,51.77,,,,154.0,,2021,3,4,Summer,138.7,153.4
Delhi,2021-03-20,98.52,159.31,,49.1,,,1.57,16.74,44.49,,,,169.4,,2021,3,5,Summer,154.0,147.0
Delhi,2021-03-21,85.8,147.07,,41.26,,,1.96,17.19,49.47,,,,160.0,,2021,3,6,Summer,169.4,154.1
Delhi,2021-03-22,75.48,144.6,,48.5,,,3.16,16.67,46.86,,,,140.3,,2021,3,0,Summer,160.0,161.1
Delhi,2021-03-23,77.31,140.03,,44.3,,,3.37,17.0,36.88,,,,134.5,,2021,3,1,Summer,140.3,156.6
Delhi,2021-03-24,76.25,142.96,,44.79,,,4.24,15.96,46.36,,,,141.6,,2021,3,2,Summer,134.5,144.9
Delhi,2021-03-25,76.29,139.06,,44.88,,,3.12,15.96,38.94,,,,134.7,,2021,3,3,Summer,141.6,138.8
Delhi,2021-03-26,77.04,167.0,,47.62,,,1.85,18.05,43.17,,,,135.1,,2021,3,4,Summer,134.7,136.9
Delhi,2021-03-27,68.6,159.43,,50.04,,,3.34,16.48,45.53,,,,135.3,,2021,3,5,Summer,135.1,137.1
Delhi,2021-03-28,81.98,170.64,,42.38,,,3.2,19.19,44.01,,,,135.8,,2021,3,6,Summer,135.3,135.0
Delhi,2021-03-29,93.29,184.37,,45.83,,,3.67,17.46,49.4,,,,142.5,,2021,3,0,Summer,135.8,135.4
Delhi,2021-03-30,80.06,194.48,,37.92,,,2.89,17.44,54.67,,,,152.4,,2021,3,1,Summer,142.5,137.9
Delhi,2021-03-31,91.47,180.82,,44.65,,,1.86,20.62,52.77,,,,178.5,,2021,3,2,Summer,152.4,143.5
Delhi,2021-04-01,91.89,197.13,,50.74,,,0.92,21.13,57.87,,,,162.0,,2021,4,3,Summer,178.5,157.8
Delhi,2021-04-02,87.75,234.84,,48.28,,,1.88,19.62,52.73,,,,172.0,,2021,4,4,Summer,162.0,164.3
Delhi,2021-04-03,88.82,220.2,,40.33,,,2.2,21.37,49.98,,,,180.1,,2021,4,5,Summer,172.0,170.8
Delhi,2021-04-04,91.31,243.18,,40.55,,,2.46,22.55,53.48,,,,195.9,,2021,4,6,Summer,180.1,171.4
Delhi,2021-04-05,82.85,225.26,,45.58,,,2.05,26.85,56.93,,,,196.0,,2021,4,0,Summer,195.9,182.7
Delhi,2021-04-06,86.69,260.4,,51.2,,,1.74,21.96,61.1,,,,212.5,,2021,4,1,Summer,196.0,190.7
Delhi,2021-04-07,77.69,228.03,,54.52,,,1.89,24.4,69.02,,,,216.2,,2021,4,2,Summer,212.5,201.5
Delhi,2021-04-08,80.1,207.06,,47.28,,,1.68,24.32,70.74,,,,216.0,,2021,4,3,Summer,216.2,208.2
Delhi,2021-04-09,89.67,184.84,,44.27,,,1.5,26.59,69.51,,,,199.9,,2021,4,4,Summer,216.0,214.9
Delhi,2021-04-10,88.04,175.4,,44.16,,,2.29,24.77,58.64,,,,181.0,,2021,4,5,Summer,199.9,210.7
Delhi,2021-04-11,86.91,201.57,,39.53,,,2.59,19.81,48.88,,,,191.4,,2021,4,6,Summer,181.0,199.0
Delhi,2021-04-12,86.9,172.55,,40.3,,,2.11,21.45,50.6,,,,182.9,,2021,4,0,Summer,191.4,190.8
Delhi,2021-04-13,86.47,168.13,,41.82,,,3.14,25.12,43.01,,,,179.0,,2021,4,1,Summer,182.9,185.1
Delhi,2021-04-14,90.31,209.28,,41.4,,,3.15,19.51,42.69,,,,171.6,,2021,4,2,Summer,179.0,184.4
Delhi,2021-04-15,78.5,228.38,,44.99,,,3.2,22.27,44.69,,,,184.6,,2021,4,3,Summer,171.6,177.8
Delhi,2021-04-16,78.19,221.61,,41.13,,,3.48,23.08,44.31,,,,200.8,,2021,4,4,Summer,184.6,178.4
Delhi,2021-04-17,81.14,221.64,,33.13,,,3.04,17.48,49.41,,,,194.9,,2021,4,5,Summer,200.8,185.7
Delhi,2021-04-18,97.26,233.34,,32.36,,,4.17,18.45,44.06,,,,205.2,,2021,4,6,Summer,194.9,193.4
Delhi,2021-04-19,92.1,246.53,,45.43,,,4.14,18.65,56.85,,,,212.4,,2021,4,0,Summer,205.2,200.3
Delhi,2021-04-20,98.85,224.41,,46.94,,,3.93,19.3,60.83,,,,207.3,,2021,4,1,Summer,212.4,204.2
Delhi,2021-04-21,110.07,260.2,,52.55,,,2.93,18.87,54.82,,,,225.7,,2021,4,2,Summer,207.3,208.3
Delhi,2021-04-22,92.32,263.28,,45.4,,,2.66,21.96,60.06,,,,239.3,,2021,4,3,Summer,225.7,215.1
Delhi,2021-04-23,104.92,283.82,,47.62,,,1.84,18.99,48.88,,,,237.1,,2021,4,4,Summer,239.3,224.1
Delhi,2021-04-24,98.11,243.13,,45.86,,,1.7,20.59,44.23,,,,229.4,,2021,4,5,Summer,237.1,234.0
Delhi,2021-04-25,84.85,223.52,,53.24,,,2.87,19.72,52.09,,,,213.4,,2021,4,6,Summer,229.4,235.3
Delhi,2021-04-26,76.84,222.18,,58.37,,,3.17,19.21,57.76,,,,201.9,,2021,4,0,Summer,213.4,226.6
Delhi,2021-04-27,75.61,239.41,,56.09,,,2.59,18.39,55.98,,,,194.8,,2021,4,1,Summer,201.9,214.9
Delhi,2021-04-28,87.96,222.43,,38.16,,,1.98,19.52,62.33,,,,192.3,,2021,4,2,Summer,194.8,203.4
Delhi,2021-04-29,78.98,234.73,,38.41,,,2.35,18.35,54.82,,,,188.2,,2021,4,3,Summer,192.3,196.3
Delhi,2021-04-30,98.91,244.42,,40.78,,,2.58,19.54,58.52,,,,194.9,,2021,4,4,Summer,188.2,191.7
Delhi,2021-05-01,97.66,224.5,,42.32,,,2.42,19.82,61.85,,,,201.6,,2021,5,5,Summer,194.9,191.8
Delhi,2021-05-02,78.02,191.69,,42.48,,,1.75,24.8,59.39,,,,185.7,,2021,5,6,Summer,201.6,194.9
Delhi,2021-05-03,77.42,212.94,,52.32,,,1.42,24.66,74.04,,,,188.7,,2021,5,0,Summer,185.7,194.1
Delhi,2021-05-04,76.79,255.55,,49.96,,,1.15,28.05,77.09,,,,206.8,,2021,5,1,Summer,188.7,192.0
Delhi,2021-05-05,95.16,294.67,,45.32,,,0.62,29.13,66.95,,,,223.8,,2021,5,2,Summer,206.8,193.7
Delhi,2021-05-06,99.19,276.49,,46.82,,,1.61,26.59,68.75,,,,242.5,,2021,5,3,Summer,223.8,206.4
Delhi,2021-05-07,115.04,263.4,,46.14,,,1.1,26.28,63.33,,,,248.3,,2021,5,4,Summer,242.5,224.4
Delhi,2021-05-08,103.22,220.47,,39.72,,,2.21,23.88,66.89,,,,229.3,,2021,5,5,Summer,248.3,238.2
Delhi,2021-05-09,116.98,218.31,,41.86,,,1.89,14.8,67.86,,,,228.7,,2021,5,6,Summer,229.3,240.0
Delhi,2021-05-10,99.96,236.87,,50.26,,,0.52,16.88,67.28,,,,228.6,,2021,5,0,Summer,228.7,235.4
Delhi,2021-05-11,87.73,232.22,,45.41,,,1.83,10.82,65.68,,,,233.5,,2021,5,1,Summer,228.6,228.8
Delhi,2021-05-12,97.91,226.86,,47.28,,,2.64,15.89,66.23,,,,230.6,,2021,5,2,Summer,233.5,230.2
Delhi,2021-05-13,92.94,208.38,,48.58,,,1.73,18.16,58.47,,,,217.0,,2021,5,3,Summer,230.6,230.9
Delhi,2021-05-14,88.6,215.76,,48.04,,,2.77,23.41,53.91,,,,203.6,,2021,5,4,Summer,217.0,227.0
Delhi,2021-05-15,95.82,231.74,,47.73,,,2.09,18.6,52.72,,,,207.8,,2021,5,5,Summer,203.6,217.1
Delhi,2021-05-16,109.1,212.05,,42.92,,,2.79,18.43,47.39,,,,212.6,,2021,5,6,Summer,207.8,209.5
Delhi,2021-05-17,101.46,204.88,,38.55,,,2.51,21.25,53.6,,,,194.1,,2021,5,0,Summer,212.6,208.0
Delhi,2021-05-18,95.01,206.0,,42.74,,,1.42,19.12,70.16,,,,179.7,,2021,5,1,Summer,194.1,204.9
Delhi,2021-05-19,95.86,176.74,,36.58,,,1.85,19.94,73.74,,,,174.7,,2021,5,2,Summer,179.7,195.5
Delhi,2021-05-20,93.07,176.9,,48.94,,,1.19,22.87,70.08,,,,169.6,,2021,5,3,Summer,174.7,182.8
Delhi,2021-05-21,89.3,217.18,,53.86,,,1.39,21.55,74.86,,,,187.4,,2021,5,4,Summer,169.6,174.7
Delhi,2021-05-22,88.46,180.6,,53.32,,,0.0,22.67,70.1,,,,174.1,,2021,5,5,Summer,187.4,177.2
Delhi,2021-05-23,84.97,173.67,,50.66,,,0.45,25.39,70.5,,,,160.6,,2021,5,6,Summer,174.1,177.1
Delhi,2021-05-24,95.13,197.11,,52.73,,,1.53,23.76,55.21,,,,155.9,,2021,5,0,Summer,160.6,174.0
Delhi,2021-05-25,98.3,164.62,,49.94,,,1.25,22.52,54.47,,,,155.0,,2021,5,1,Summer,155.9,163.5
Delhi,2021-05-26,106.31,168.82,,47.92,,,0.02,19.77,58.06,,,,164.3,,2021,5,2,Summer,155.0,157.2
Delhi,2021-05-27,111.59,173.6,,43.43,,,1.37,20.15,60.46,,,,167.8,,2021,5,3,Summer,164.3,158.4
Delhi,2021-05-28,116.29,179.77,,45.35,,,1.57,25.03,55.06,,,,165.1,,2021,5,4,Summer,167.8,162.4
Delhi,2021-05-29,95.85,202.64,,41.98,,,1.28,23.7,45.6,,,,174.5,,2021,5,5,Summer,165.1,165.7
Delhi,2021-05-30,93.49,221.25,,40.83,,,1.84,19.82,57.28,,,,184.4,,2021,5,6,Summer,174.5,169.1
Delhi,2021-05-31,97.31,220.49,,37.46,,,2.61,22.9,62.68,,,,188.6,,2021,5,0,Summer,184.4,174.7
Delhi,2021-06-01,92.58,236.77,,49.34,,,2.18,20.72,53.32,,,,199.6,,2021,6,1,Monsoon,188.6,182.5
Delhi,2021-06-02,86.75,242.2,,55.54,,,2.64,17.79,45.06,,,,210.3,,2021,6,2,Monsoon,199.6,190.9
Delhi,2021-06-03,74.38,172.69,,50.7,,,2.12,14.0,48.32,,,,197.3,,2021,6,3,Monsoon,210.3,199.5
Delhi,2021-06-04,60.59,206.11,,49.26,,,1.68,14.99,43.87,,,,182.8,,2021,6,4,Monsoon,197.3,202.4
Delhi,2021-06-05,51.42,210.33,,54.93,,,1.74,13.06,38.55,,,,186.9,,2021,6,5,Monsoon,182.8,196.8
Delhi,2021-06-06,61.38,159.31,,49.03,,,0.49,13.59,48.82,,,,172.3,,2021,6,6,Monsoon,186.9,189.0
Delhi,2021-06-07,70.2,160.54,,37.79,,,0.75,14.03,50.75,,,,169.9,,2021,6,0,Monsoon,172.3,180.7
Delhi,2021-06-08,76.3,226.48,,41.19,,,0.88,12.62,53.84,,,,191.6,,2021,6,1,Monsoon,169.9,176.3
Delhi,2021-06-09,62.17,215.96,,51.7,,,1.37,12.33,56.23,,,,200.3,,2021,6,2,Monsoon,191.6,177.9
Delhi,2021-06-10,58.31,186.39,,49.47,,,1.25,10.34,56.62,,,,201.6,,2021,6,3,Monsoon,200.3,187.3
Delhi,2021-06-11,65.66,207.11,,54.54,,,1.21,9.84,67.32,,,,194.9,,2021,6,4,Monsoon,201.6,197.8
Delhi,2021-06-12,74.27,224.55,,41.51,,,1.27,10.93,62.69,,,,191.7,,2021,6,5,Monsoon,194.9,198.9
Delhi,2021-06-13,61.73,195.69,,40.91,,,1.91,12.85,64.81,,,,192.4,,2021,6,6,Monsoon,191.7,196.1
Delhi,2021-06-14,56.45,184.29,,43.53,,,1.91,11.93,64.45,,,,186.1,,2021,6,0,Monsoon,192.4,193.0
Delhi,2021-06-15,69.5,163.04,,49.37,,,1.36,11.25,63.31,,,,180.1,,2021,6,1,Monsoon,186.1,190.1
Delhi,2021-06-16,73.62,175.06,,49.6,,,0.93,11.96,54.04,,,,170.4,,2021,6,2,Monsoon,180.1,186.2
Delhi,2021-06-17,72.99,182.61,,51.85,,,1.27,11.93,53.29,,,,182.6,,2021,6,3,Monsoon,170.4,178.8
Delhi,2021-06-18,72.58,252.54,,51.46,,,0.96,11.92,46.57,,,,192.5,,2021,6,4,Monsoon,182.6,177.7
Delhi,2021-06-19,62.56,238.2,,44.93,,,1.51,12.11,47.2,,,,217.9,,2021,6,5,Monsoon,192.5,181.8
Delhi,2021-06-20,53.64,213.65,,40.61,,,0.59,13.27,41.1,,,,206.8,,2021,6,6,Monsoon,217.9,197.7
Delhi,2021-06-21,71.95,213.68,,34.43,,,1.45,11.42,42.59,,,,193.5,,2021,6,0,Monsoon,206.8,205.7
Delhi,2021-06-22,83.25,235.62,,45.4,,,0.85,10.56,47.18,,,,203.6,,2021,6,1,Monsoon,193.5,206.1
Delhi,2021-06-23,81.56,262.92,,35.36,,,0.61,12.52,53.64,,,,213.0,,2021,6,2,Monsoon,203.6,201.3
Delhi,2021-06-24,70.89,222.38,,30.48,,,0.58,12.65,57.5,,,,213.0,,2021,6,3,Monsoon,213.0,203.3
Delhi,2021-06-25,84.27,223.27,,38.53,,,0.6,14.63,49.09,,,,209.8,,2021,6,4,Monsoon,213.0,209.9
Delhi,2021-06-26,65.75,276.66,,47.84,,,0.84,16.62,51.9,,,,221.8,,2021,6,5,Monsoon,209.8,211.9
Delhi,2021-06-27,72.43,208.92,,31.07,,,0.44,13.81,58.19,,,,222.8,,2021,6,6,Monsoon,221.8,214.8
Delhi,2021-06-28,60.17,240.36,,41.37,,,0.6,11.25,53.9,,,,226.2,,2021,6,0,Monsoon,222.8,218.1
Delhi,2021-06-29,53.61,221.98,,38.72,,,0.77,12.43,51.32,,,,213.9,,2021,6,1,Monsoon,226.2,223.6
Delhi,2021-06-30,75.87,201.15,,34.98,,,0.91,13.35,45.42,,,,218.6,,2021,6,2,Monsoon,213.9,221.0
Delhi,2021-07-01,63.88,173.15,,35.52,,,0.57,15.55,44.76,,,,210.2,,2021,7,3,Monsoon,218.6,219.6
Delhi,2021-07-02,58.34,137.73,,32.75,,,1.05,14.75,42.47,,,,182.3,,2021,7,4,Monsoon,210.2,214.2
Delhi,2021-07-03,46.13,106.52,,30.53,,,1.04,15.68,41.74,,,,150.0,,2021,7,5,Monsoon,182.3,203.7
Delhi,2021-07-04,50.09,102.98,,33.78,,,1.47,12.97,37.96,,,,120.0,,2021,7,6,Monsoon,150.0,180.8
Delhi,2021-07-05,51.35,118.52,,35.41,,,1.07,13.1,43.96,,,,121.8,,2021,7,0,Monsoon,120.0,150.8
Delhi,2021-07-06,55.94,116.42,,36.84,,,1.33,13.14,46.5,,,,116.5,,2021,7,1,Monsoon,121.8,130.6
Delhi,2021-07-07,45.48,161.4,,38.32,,,1.33,11.98,40.05,,,,136.5,,2021,7,2,Monsoon,116.5,119.4
Delhi,2021-07-08,38.9,150.46,,38.04,,,1.26,13.65,42.36,,,,135.8,,2021,7,3,Monsoon,136.5,124.9
Delhi,2021-07-09,41.35,149.5,,36.11,,,1.01,10.73,42.68,,,,133.3,,2021,7,4,Monsoon,135.8,129.6
Delhi,2021-07-10,41.07,136.67,,31.18,,,0.92,10.24,41.01,,,,132.3,,2021,7,5,Monsoon,133.3,135.2
Delhi,2021-07-11,40.77,114.15,,25.83,,,0.68,14.46,38.34,,,,124.6,,2021,7,6,Monsoon,132.3,133.8
Delhi,2021-07-12,44.41,134.65,,27.16,,,0.82,14.08,38.38,,,,125.2,,2021,7,0,Monsoon,124.6,130.1
Delhi,2021-07-13,50.01,137.06,,29.74,,,1.13,15.06,44.15,,,,110.4,,2021,7,1,Monsoon,125.2,127.4
Delhi,2021-07-14,52.96,151.16,,27.92,,,1.35,14.49,40.59,,,,124.2,,2021,7,2,Monsoon,110.4,120.1
Delhi,2021-07-15,54.71,126.74,,29.73,,,1.06,14.2,38.12,,,,119.1,,2021,7,3,Monsoon,124.2,120.0
Delhi,2021-07-16,55.53,145.29,,28.01,,,0.86,14.52,34.3,,,,120.8,,2021,7,4,Monsoon,119.1,117.9
Delhi,2021-07-17,56.26,153.6,,29.38,,,0.81,12.82,35.88,,,,119.2,,2021,7,5,Monsoon,120.8,121.4
Delhi,2021-07-18,49.86,141.5,,24.85,,,0.96,11.09,36.6,,,,120.0,,2021,7,6,Monsoon,119.2,119.7
Delhi,2021-07-19,44.37,173.63,,24.94,,,0.88,11.91,38.31,,,,138.2,,2021,7,0,Monsoon,120.0,120.0
Delhi,2021-07-20,38.65,162.71,,33.13,,,0.91,14.66,39.43,,,,159.2,,2021,7,1,Monsoon,138.2,125.8
Delhi,2021-07-21,46.64,143.36,,31.2,,,0.73,15.27,43.33,,,,149.8,,2021,7,2,Monsoon,159.2,139.1
Delhi,2021-07-22,48.96,138.01,,29.9,,,0.79,16.41,41.32,,,,138.9,,2021,7,3,Monsoon,149.8,149.0
Delhi,2021-07-23,48.94,119.0,,29.31,,,1.08,14.09,38.58,,,,112.1,,2021,7,4,Monsoon,138.9,149.3
Delhi,2021-07-24,37.54,93.81,,35.69,,,1.15,13.17,39.95,,,,101.5,,2021,7,5,Monsoon,112.1,133.6
Delhi,2021-07-25,38.97,127.94,,34.96,,,1.23,14.6,37.35,,,,103.0,,2021,7,6,Monsoon,101.5,117.5
Delhi,2021-07-26,38.15,157.6,,33.25,,,1.25,12.66,38.39,,,,120.9,,2021,7,0,Monsoon,103.0,105.5
Delhi,2021-07-27,49.85,170.76,,33.86,,,1.06,10.5,41.51,,,,124.6,,2021,7,1,Monsoon,120.9,108.5
Delhi,2021-07-28,58.62,161.27,,34.35,,,1.18,10.18,37.88,,,,150.2,,2021,7,2,Monsoon,124.6,116.2
Delhi,2021-07-29,60.48,174.58,,28.9,,,1.41,11.26,40.82,,,,144.9,,2021,7,3,Monsoon,150.2,131.9
Delhi,2021-07-30,52.49,154.39,,28.51,,,0.84,13.89,42.93,,,,132.2,,2021,7,4,Monsoon,144.9,139.9
Delhi,2021-07-31,44.54,105.99,,27.5,,,0.95,15.24,37.52,,,,125.6,,2021,7,5,Monsoon,132.2,142.4
Delhi,2021-08-01,47.37,113.99,,35.02,,,1.06,14.73,34.4,,,,121.4,,2021,8,6,Monsoon,125.6,134.2
Delhi,2021-08-02,46.74,130.31,,33.27,,,0.91,13.82,27.67,,,,127.8,,2021,8,0,Monsoon,121.4,126.4
Delhi,2021-08-03,40.12,133.62,,34.99,,,0.91,13.49,33.88,,,,128.5,,2021,8,1,Monsoon,127.8,124.9
Delhi,2021-08-04,43.91,164.51,,35.82,,,0.8,12.93,38.63,,,,141.7,,2021,8,2,Monsoon,128.5,125.9
Delhi,2021-08-05,43.01,163.58,,34.89,,,1.03,13.36,43.75,,,,144.8,,2021,8,3,Monsoon,141.7,132.6
Delhi,2021-08-06,39.37,142.54,,36.78,,,0.97,15.98,45.14,,,,133.8,,2021,8,4,Monsoon,144.8,138.3
Delhi,2021-08-07,36.02,123.97,,29.48,,,0.6,15.92,41.71,,,,115.5,,2021,8,5,Monsoon,133.8,140.1
Delhi,2021-08-08,34.17,148.17,,31.16,,,0.63,12.83,37.29,,,,122.3,,2021,8,6,Monsoon,115.5,131.4
Delhi,2021-08-09,38.01,176.83,,27.3,,,0.72,12.37,43.09,,,,139.9,,2021,8,0,Monsoon,122.3,123.8
Delhi,2021-08-10,42.01,168.07,,27.55,,,0.95,13.71,46.72,,,,154.5,,2021,8,1,Monsoon,139.9,125.9
Delhi,2021-08-11,43.99,182.44,,31.39,,,0.98,12.7,44.97,,,,154.2,,2021,8,2,Monsoon,154.5,138.9
Delhi,2021-08-12,49.67,170.85,,33.1,,,1.47,12.84,38.98,,,,147.3,,2021,8,3,Monsoon,154.2,149.5
Delhi,2021-08-13,42.46,153.97,,34.63,,,1.23,11.81,40.67,,,,139.8,,2021,8,4,Monsoon,147.3,152.0
Delhi,2021-08-14,42.68,163.03,,35.84,,,1.31,12.59,41.2,,,,141.3,,2021,8,5,Monsoon,139.8,147.1
Delhi,2021-08-15,38.9,142.32,,33.26,,,1.23,12.89,43.36,,,,126.7,,2021,8,6,Monsoon,141.3,142.8
Delhi,2021-08-16,45.64,131.99,,30.95,,,1.56,11.88,41.19,,,,121.0,,2021,8,0,Monsoon,126.7,135.9
Delhi,2021-08-17,44.14,130.19,,30.35,,,1.55,11.99,42.86,,,,110.6,,2021,8,1,Monsoon,121.0,129.7
Delhi,2021-08-18,42.62,121.91,,32.3,,,1.34,13.62,42.18,,,,124.4,,2021,8,2,Monsoon,110.6,119.4
Delhi,2021-08-19,46.04,136.41,,38.92,,,0.91,13.57,45.76,,,,111.0,,2021,8,3,Monsoon,124.4,118.6
Delhi,2021-08-20,46.73,105.41,,36.41,,,0.83,12.42,42.92,,,,112.8,,2021,8,4,Monsoon,111.0,115.3
Delhi,2021-08-21,41.75,121.41,,32.39,,,0.92,11.57,37.07,,,,100.9,,2021,8,5,Monsoon,112.8,116.1
Delhi,2021-08-22,42.87,142.03,,32.26,,,0.95,10.67,37.87,,,,113.6,,2021,8,6,Monsoon,100.9,108.3
Delhi,2021-08-23,33.89,120.45,,31.02,,,1.01,11.21,42.1,,,,113.6,,2021,8,0,Monsoon,113.6,109.1
Delhi,2021-08-24,32.49,150.89,,36.16,,,1.07,9.71,39.47,,,,123.6,,2021,8,1,Monsoon,113.6,109.4
Delhi,2021-08-25,40.1,182.75,,38.04,,,1.0,10.77,41.16,,,,150.8,,2021,8,2,Monsoon,123.6,116.9
Delhi,2021-08-26,41.08,150.15,,32.6,,,1.05,11.75,38.63,,,,152.8,,2021,8,3,Monsoon,150.8,129.3
Delhi,2021-08-27,40.34,142.25,,33.57,,,1.08,11.25,44.85,,,,133.7,,2021,8,4,Monsoon,152.8,142.4
Delhi,2021-08-28,41.95,138.77,,33.68,,,1.04,12.21,44.79,,,,135.9,,2021,8,5,Monsoon,133.7,145.8
Delhi,2021-08-29,39.4,138.75,,32.62,,,0.95,11.51,44.7,,,,132.2,,2021,8,6,Monsoon,135.9,140.8
Delhi,2021-08-30,42.21,136.9,,29.12,,,0.99,11.6,44.82,,,,123.8,,2021,8,0,Monsoon,132.2,133.9
Delhi,2021-08-31,38.28,147.05,,30.59,,,0.96,11.84,43.81,,,,123.6,,2021,8,1,Monsoon,123.8,130.6
Delhi,2021-09-01,38.75,150.66,,30.62,,,1.0,12.47,40.63,,,,118.8,,2021,9,2,Monsoon,123.6,126.5
Delhi,2021-09-02,58.36,137.19,,34.88,,,1.07,15.14,40.23,,,,120.1,,2021,9,3,Monsoon,118.8,122.1
Delhi,2021-09-03,52.57,150.69,,37.45,,,0.92,13.75,34.04,,,,134.2,,2021,9,4,Monsoon,120.1,120.9
Delhi,2021-09-04,52.67,145.13,,33.3,,,1.01,11.26,36.68,,,,140.0,,2021,9,5,Monsoon,134.2,124.4
Delhi,2021-09-05,49.86,134.39,,35.9,,,1.05,12.45,36.45,,,,137.3,,2021,9,6,Monsoon,140.0,131.5
Delhi,2021-09-06,58.09,133.3,,34.39,,,0.95,14.37,42.9,,,,129.9,,2021,9,0,Monsoon,137.3,137.2
Delhi,2021-09-07,46.65,152.06,,25.65,,,1.01,11.37,46.5,,,,127.6,,2021,9,1,Monsoon,129.9,135.8
Delhi,2021-09-08,50.54,106.47,,31.94,,,0.99,12.27,45.9,,,,118.8,,2021,9,2,Monsoon,127.6,131.6
Delhi,2021-09-09,52.06,87.21,,41.16,,,0.84,14.07,43.39,,,,100.8,,2021,9,3,Monsoon,118.8,125.4
Delhi,2021-09-10,59.34,70.19,,37.86,,,0.85,11.46,41.02,,,,96.7,,2021,9,4,Monsoon,100.8,115.7
Delhi,2021-09-11,52.95,77.56,,38.54,,,0.92,12.23,39.95,,,,85.2,,2021,9,5,Monsoon,96.7,105.5
Delhi,2021-09-12,51.56,102.11,,29.33,,,0.94,12.65,40.64,,,,86.7,,2021,9,6,Monsoon,85.2,94.3
Delhi,2021-09-13,38.29,107.03,,38.07,,,0.92,12.8,42.07,,,,93.4,,2021,9,0,Monsoon,86.7,89.6
Delhi,2021-09-14,48.01,113.55,,39.03,,,1.04,15.02,56.47,,,,91.7,,2021,9,1,Monsoon,93.4,88.4
Delhi,2021-09-15,60.11,108.92,,39.42,,,0.96,15.26,52.77,,,,101.5,,2021,9,2,Monsoon,91.7,90.6
Delhi,2021-09-16,54.4,144.75,,33.66,,,1.07,16.95,49.34,,,,109.8,,2021,9,3,Monsoon,101.5,95.5
Delhi,2021-09-17,51.85,139.54,,34.53,,,1.24,17.18,48.78,,,,109.3,,2021,9,4,Monsoon,109.8,101.0
Delhi,2021-09-18,48.42,131.6,,30.69,,,1.35,13.86,47.78,,,,106.3,,2021,9,5,Monsoon,109.3,106.9
Delhi,2021-09-19,53.94,110.73,,27.96,,,1.37,12.18,43.9,,,,84.1,,2021,9,6,Monsoon,106.3,108.5
Delhi,2021-09-20,61.31,114.73,,24.61,,,1.28,12.08,46.43,,,,106.2,,2021,9,0,Monsoon,84.1,99.9
Delhi,2021-09-21,54.37,122.91,,26.4,,,1.27,10.44,48.43,,,,110.2,,2021,9,1,Monsoon,106.2,98.9
Delhi,2021-09-22,57.14,116.67,,26.51,,,1.29,11.4,56.36,,,,114.5,,2021,9,2,Monsoon,110.2,100.2
Delhi,2021-09-23,56.68,127.69,,30.09,,,1.17,10.66,44.45,,,,113.7,,2021,9,3,Monsoon,114.5,110.3
Delhi,2021-09-24,65.52,143.59,,29.2,,,1.01,11.4,44.09,,,,128.2,,2021,9,4,Monsoon,113.7,112.8
Delhi,2021-09-25,64.12,176.34,,34.89,,,1.04,11.87,41.79,,,,131.4,,2021,9,5,Monsoon,128.2,118.8
Delhi,2021-09-26,66.93,174.34,,33.64,,,1.12,12.26,46.39,,,,129.9,,2021,9,6,Monsoon,131.4,124.4
Delhi,2021-09-27,64.26,158.27,,38.53,,,1.21,13.84,39.23,,,,128.6,,2021,9,0,Monsoon,129.9,129.8
Delhi,2021-09-28,67.48,141.13,,32.62,,,1.06,14.24,51.43,,,,130.4,,2021,9,1,Monsoon,128.6,130.0
Delhi,2021-09-29,64.14,133.5,,39.52,,,0.98,14.27,44.38,,,,125.7,,2021,9,2,Monsoon,130.4,129.6
Delhi,2021-09-30,55.5,150.62,,32.26,,,1.04,13.66,46.39,,,,123.9,,2021,9,3,Monsoon,125.7,128.2
Delhi,2021-10-01,96.81,171.5,,41.64,,,1.3,16.21,46.38,,,,145.7,,2021,10,4,Post-Monsoon,123.9,126.6
Delhi,2021-10-02,109.8,217.39,,54.9,,,1.53,18.32,51.47,,,,172.0,,2021,10,5,Post-Monsoon,145.7,131.7
Delhi,2021-10-03,120.44,199.34,,56.54,,,1.59,17.97,52.25,,,,169.4,,2021,10,6,Post-Monsoon,172.0,147.2
Delhi,2021-10-04,138.96,192.69,,65.85,,,1.62,17.25,59.88,,,,189.7,,2021,10,0,Post-Monsoon,169.4,162.3
Delhi,2021-10-05,115.28,240.78,,65.32,,,1.47,15.98,57.83,,,,190.1,,2021,10,1,Post-Monsoon,189.7,177.0
Delhi,2021-10-06,154.03,288.27,,65.82,,,1.47,15.97,65.07,,,,231.9,,2021,10,2,Post-Monsoon,190.1,183.1
Delhi,2021-10-07,139.58,255.29,,72.39,,,1.33,12.85,61.88,,,,218.6,,2021,10,3,Post-Monsoon,231.9,203.9
Delhi,2021-10-08,159.28,282.27,,64.58,,,1.65,16.93,60.86,,,,229.2,,2021,10,4,Post-Monsoon,218.6,213.5
Delhi,2021-10-09,187.98,288.86,,62.57,,,1.62,19.28,55.4,,,,250.9,,2021,10,5,Post-Monsoon,229.2,226.5
Delhi,2021-10-10,185.52,226.6,,58.16,,,1.47,20.84,67.95,,,,273.2,,2021,10,6,Post-Monsoon,250.9,232.9
Delhi,2021-10-11,168.77,228.67,,56.96,,,1.81,24.89,66.68,,,,260.3,,2021,10,0,Post-Monsoon,273.2,251.1
Delhi,2021-10-12,161.05,249.94,,50.75,,,1.94,22.37,50.75,,,,259.4,,2021,10,1,Post-Monsoon,260.3,261.5
Delhi,2021-10-13,177.77,244.03,,63.42,,,1.88,19.2,52.11,,,,259.9,,2021,10,2,Post-Monsoon,259.4,264.3
Delhi,2021-10-14,154.2,271.07,,66.85,,,1.54,18.38,58.56,,,,256.9,,2021,10,3,Post-Monsoon,259.9,259.9
Delhi,2021-10-15,145.8,317.3,,55.35,,,1.42,13.56,65.17,,,,259.9,,2021,10,4,Post-Monsoon,256.9,258.7
Delhi,2021-10-16,123.18,317.26,,57.74,,,1.55,15.11,58.83,,,,267.1,,2021,10,5,Post-Monsoon,259.9,258.9
Delhi,2021-10-17,139.44,260.94,,44.47,,,1.67,14.51,60.05,,,,261.1,,2021,10,6,Post-Monsoon,267.1,261.3
Delhi,2021-10-18,105.09,272.67,,53.42,,,1.77,12.77,59.69,,,,279.4,,2021,10,0,Post-Monsoon,261.1,262.7
Delhi,2021-10-19,79.98,306.13,,53.28,,,1.61,11.11,62.5,,,,286.1,,2021,10,1,Post-Monsoon,279.4,269.2
Delhi,2021-10-20,131.08,329.17,,49.93,,,1.65,15.5,57.02,,,,288.5,,2021,10,2,Post-Monsoon,286.1,275.5
Delhi,2021-10-21,122.25,310.19,,49.1,,,1.7,14.06,63.52,,,,283.3,,2021,10,3,Post-Monsoon,288.5,284.7
Delhi,2021-10-22,152.43,290.56,,50.99,,,1.62,16.49,63.48,,,,254.4,,2021,10,4,Post-Monsoon,283.3,286.0
Delhi,2021-10-23,144.74,231.75,,45.33,,,1.38,13.6,56.76,,,,235.6,,2021,10,5,Post-Monsoon,254.4,275.4
Delhi,2021-10-24,150.94,243.79,,37.78,,,1.45,14.56,54.12,,,,231.4,,2021,10,6,Post-Monsoon,235.6,257.7
Delhi,2021-10-25,150.72,272.53,,36.39,,,1.74,15.01,67.83,,,,243.8,,2021,10,0,Post-Monsoon,231.4,240.5
Delhi,2021-10-26,156.57,313.04,,55.36,,,1.51,15.53,63.49,,,,283.7,,2021,10,1,Post-Monsoon,243.8,236.9
Delhi,2021-10-27,123.95,287.26,,48.74,,,1.33,16.37,61.95,,,,258.1,,2021,10,2,Post-Monsoon,283.7,253.0
Delhi,2021-10-28,140.57,312.01,,50.29,,,1.38,16.41,63.21,,,,266.9,,2021,10,3,Post-Monsoon,258.1,261.9
Delhi,2021-10-29,153.97,328.36,,48.85,,,1.59,16.08,51.46,,,,262.6,,2021,10,4,Post-Monsoon,266.9,269.5
Delhi,2021-10-30,149.37,313.3,,46.78,,,1.41,14.85,46.45,,,,275.9,,2021,10,5,Post-Monsoon,262.6,262.5
Delhi,2021-10-31,122.05,284.83,,44.39,,,1.56,12.3,45.92,,,,269.6,,2021,10,6,Post-Monsoon,275.9,268.4
Delhi,2021-11-01,119.25,289.93,,59.21,,,1.35,19.11,48.83,,,,269.4,,2021,11,0,Post-Monsoon,269.6,269.3
Delhi,2021-11-02,143.14,344.83,,58.22,,,1.45,19.54,62.1,,,,280.4,,2021,11,1,Post-Monsoon,269.4,271.6
Delhi,2021-11-03,166.29,383.64,,56.52,,,1.31,19.69,52.26,,,,309.4,,2021,11,2,Post-Monsoon,280.4,273.1
Delhi,2021-11-04,162.92,360.55,,65.37,,,1.64,18.72,56.29,,,,318.9,,2021,11,3,Post-Monsoon,309.4,286.4
Delhi,2021-11-05,225.05,373.57,,77.97,,,1.64,20.53,67.54,,,,328.5,,2021,11,4,Post-Monsoon,318.9,302.9
Delhi,2021-11-06,211.62,370.37,,81.34,,,1.96,20.42,71.55,,,,334.6,,2021,11,5,Post-Monsoon,328.5,318.9
Delhi,2021-11-07,184.69,353.45,,76.71,,,1.98,20.73,66.82,,,,329.0,,2021,11,6,Post-Monsoon,334.6,327.3
Delhi,2021-11-08,224.2,330.75,,86.37,,,2.18,16.99,63.67,,,,339.9,,2021,11,0,Post-Monsoon,329.0,330.7
Delhi,2021-11-09,239.6,355.04,,85.17,,,2.02,19.24,70.27,,,,339.0,,2021,11,1,Post-Monsoon,339.9,334.5
Delhi,2021-11-10,238.98,386.72,,87.28,,,1.91,20.14,73.45,,,,341.5,,2021,11,2,Post-Monsoon,339.0,336.0
Delhi,2021-11-11,289.2,377.46,,72.06,,,1.9,18.0,69.46,,,,394.2,,2021,11,3,Post-Monsoon,341.5,340.1
Delhi,2021-11-12,241.43,375.47,,65.31,,,2.16,17.76,56.65,,,,386.0,,2021,11,4,Post-Monsoon,394.2,358.2
Delhi,2021-11-13,244.97,361.8,,69.23,,,2.28,15.97,71.19,,,,379.0,,2021,11,5,Post-Monsoon,386.0,373.9
Delhi,2021-11-14,305.79,340.77,,70.99,,,2.01,19.05,54.16,,,,398.0,,2021,11,6,Post-Monsoon,379.0,386.4
Delhi,2021-11-15,341.55,333.19,,70.34,,,2.12,17.43,49.55,,,,439.8,,2021,11,0,Post-Monsoon,398.0,387.7
Delhi,2021-11-16,314.02,310.92,,69.96,,,2.1,20.5,53.85,,,,454.0,,2021,11,1,Post-Monsoon,439.8,405.6
Delhi,2021-11-17,276.29,395.65,,65.56,,,2.04,20.54,63.68,,,,447.0,,2021,11,2,Post-Monsoon,454.0,430.6
Delhi,2021-11-18,262.05,395.43,,70.17,,,1.73,16.5,57.15,,,,420.9,,2021,11,3,Post-Monsoon,447.0,446.9
Delhi,2021-11-19,219.15,410.17,,71.03,,,1.58,17.24,57.39,,,,379.2,,2021,11,4,Post-Monsoon,420.9,440.6
Delhi,2021-11-20,214.47,387.19,,71.13,,,1.67,14.96,47.91,,,,360.4,,2021,11,5,Post-Monsoon,379.2,415.7
Delhi,2021-11-21,236.81,435.5,,69.94,,,1.72,14.71,57.61,,,,378.0,,2021,11,6,Post-Monsoon,360.4,386.9
Delhi,2021-11-22,316.38,388.72,,72.52,,,2.01,18.97,42.44,,,,416.6,,2021,11,0,Post-Monsoon,378.0,372.5
Delhi,2021-11-23,331.82,475.21,,77.15,,,1.8,18.6,65.95,,,,454.9,,2021,11,1,Post-Monsoon,416.6,385.0
Delhi,2021-11-24,274.62,431.14,,77.59,,,1.68,19.85,58.55,,,,424.5,,2021,11,2,Post-Monsoon,454.9,416.5
Delhi,2021-11-25,291.86,398.01,,78.89,,,1.79,22.11,57.75,,,,431.4,,2021,11,3,Post-Monsoon,424.5,432.0
Delhi,2021-11-26,274.92,427.94,,78.72,,,1.99,20.35,67.99,,,,413.1,,2021,11,4,Post-Monsoon,431.4,436.9
Delhi,2021-11-27,299.59,408.52,,76.4,,,1.8,21.2,70.78,,,,424.6,,2021,11,5,Post-Monsoon,413.1,423.0
Delhi,2021-11-28,228.94,351.73,,76.74,,,2.03,18.55,74.48,,,,402.8,,2021,11,6,Post-Monsoon,424.6,423.0
Delhi,2021-11-29,235.79,365.82,,67.47,,,2.04,20.56,73.55,,,,396.6,,2021,11,0,Post-Monsoon,402.8,413.5
Delhi,2021-11-30,219.18,362.53,,71.4,,,1.95,18.7,72.36,,,,366.9,,2021,11,1,Post-Monsoon,396.6,408.0
Delhi,2021-12-01,238.08,321.98,,76.15,,,1.63,19.24,57.73,,,,346.3,,2021,12,2,Winter,366.9,388.8
Delhi,2021-12-02,213.75,360.67,,72.82,,,1.38,20.27,58.78,,,,331.9,,2021,12,3,Winter,346.3,370.0
Delhi,2021-12-03,194.97,356.47,,67.34,,,1.63,17.25,55.58,,,,337.6,,2021,12,4,Winter,331.9,348.4
Delhi,2021-12-04,210.04,377.5,,69.43,,,0.72,17.36,52.44,,,,343.2,,2021,12,5,Winter,337.6,338.6
Delhi,2021-12-05,228.9,377.6,,73.62,,,0.99,15.56,52.21,,,,352.6,,2021,12,6,Winter,343.2,337.6
Delhi,2021-12-06,219.09,368.1,,75.22,,,3.11,14.76,44.93,,,,328.7,,2021,12,0,Winter,352.6,344.5
Delhi,2021-12-07,215.42,407.21,,75.71,,,2.97,16.8,44.9,,,,331.5,,2021,12,1,Winter,328.7,341.5
Delhi,2021-12-08,173.54,394.44,,79.98,,,3.45,17.57,56.12,,,,343.5,,2021,12,2,Winter,331.5,337.6
Delhi,2021-12-09,183.5,360.32,,86.62,,,2.24,18.32,45.58,,,,345.8,,2021,12,3,Winter,343.5,334.6
Delhi,2021-12-10,174.06,406.11,,64.93,,,2.84,20.03,47.07,,,,352.3,,2021,12,4,Winter,345.8,340.3
Delhi,2021-12-11,213.05,396.73,,59.03,,,2.86,16.36,45.94,,,,342.0,,2021,12,5,Winter,352.3,347.2
Delhi,2021-12-12,204.53,358.05,,60.15,,,4.14,17.31,51.09,,,,328.4,,2021,12,6,Winter,342.0,346.7
Delhi,2021-12-13,212.2,359.09,,55.48,,,5.4,17.98,50.1,,,,313.5,,2021,12,0,Winter,328.4,340.9
Delhi,2021-12-14,211.29,327.3,,64.39,,,4.26,18.58,47.1,,,,313.2,,2021,12,1,Winter,313.5,328.0
Delhi,2021-12-15,210.32,317.87,,57.93,,,3.31,19.81,48.38,,,,316.4,,2021,12,2,Winter,313.2,318.4
Delhi,2021-12-16,215.15,301.52,,52.16,,,3.45,18.26,43.42,,,,316.1,,2021,12,3,Winter,316.4,314.4
Delhi,2021-12-17,249.7,273.81,,53.42,,,3.11,20.64,40.33,,,,348.8,,2021,12,4,Winter,316.1,315.2
Delhi,2021-12-18,230.27,283.9,,57.51,,,1.88,18.2,40.83,,,,339.4,,2021,12,5,Winter,348.8,327.1
Delhi,2021-12-19,216.87,308.32,,63.76,,,1.67,19.06,45.12,,,,337.7,,2021,12,6,Winter,339.4,334.8
Delhi,2021-12-20,219.51,312.97,,59.48,,,0.35,19.25,44.27,,,,313.9,,2021,12,0,Winter,337.7,342.0
Delhi,2021-12-21,192.26,305.88,,68.25,,,0.61,19.63,50.18,,,,310.8,,2021,12,1,Winter,313.9,330.3
Delhi,2021-12-22,195.01,288.37,,66.86,,,0.12,18.81,51.67,,,,305.7,,2021,12,2,Winter,310.8,320.8
Delhi,2021-12-23,207.33,319.29,,71.06,,,1.19,18.16,47.7,,,,303.2,,2021,12,3,Winter,305.7,310.1
Delhi,2021-12-24,230.89,280.32,,74.59,,,0.96,17.14,49.38,,,,308.5,,2021,12,4,Winter,303.2,306.6
Delhi,2021-12-25,202.89,275.39,,69.01,,,3.01,15.73,59.07,,,,290.7,,2021,12,5,Winter,308.5,305.8
Delhi,2021-12-26,208.36,315.62,,69.55,,,2.56,15.01,48.9,,,,296.1,,2021,12,6,Winter,290.7,300.8
Delhi,2021-12-27,187.21,326.99,,60.66,,,1.37,15.67,49.81,,,,289.9,,2021,12,0,Winter,296.1,298.4
Delhi,2021-12-28,199.58,364.8,,71.7,,,1.0,12.91,47.09,,,,309.0,,2021,12,1,Winter,289.9,292.2
Delhi,2021-12-29,173.84,336.9,,70.94,,,1.93,14.69,50.16,,,,309.4,,2021,12,2,Winter,309.0,298.3
Delhi,2021-12-30,189.2,345.16,,73.36,,,3.66,12.67,35.02,,,,301.2,,2021,12,3,Winter,309.4,302.7
Delhi,2021-12-31,191.87,366.21,,55.01,,,4.06,14.38,45.88,,,,307.0,,2021,12,4,Winter,301.2,306.5
Delhi,2022-01-01,183.05,319.75,,52.18,,,2.88,12.52,49.71,,,,300.4,,2022,1,5,Winter,307.0,305.9
Delhi,2022-01-02,191.16,312.5,,55.75,,,1.39,14.42,40.71,,,,293.1,,2022,1,6,Winter,300.4,302.9
Delhi,2022-01-03,192.98,291.93,,60.69,,,2.13,17.86,44.62,,,,298.4,,2022,1,0,Winter,293.1,300.1
Delhi,2022-01-04,161.96,297.87,,64.23,,,1.43,15.84,44.75,,,,285.8,,2022,1,1,Winter,298.4,297.3
Delhi,2022-01-05,158.52,358.88,,59.34,,,1.92,13.7,54.58,,,,300.8,,2022,1,2,Winter,285.8,292.4
Delhi,2022-01-06,180.64,316.51,,65.86,,,3.2,15.09,56.14,,,,301.0,,2022,1,3,Winter,300.8,295.0
Delhi,2022-01-07,171.29,299.48,,69.4,,,2.19,17.62,56.12,,,,285.0,,2022,1,4,Winter,301.0,295.9
Delhi,2022-01-08,162.75,301.28,,69.09,,,2.14,17.04,57.08,,,,276.6,,2022,1,5,Winter,285.0,295.6
Delhi,2022-01-09,176.58,333.17,,53.03,,,1.08,17.22,64.06,,,,280.8,,2022,1,6,Winter,276.6,287.5
Delhi,2022-01-10,162.62,343.11,,56.22,,,0.72,14.84,57.37,,,,282.4,,2022,1,0,Winter,280.8,280.8
Delhi,2022-01-11,156.28,333.54,,51.74,,,2.79,15.62,53.38,,,,290.5,,2022,1,1,Winter,282.4,279.9
Delhi,2022-01-12,205.96,291.31,,59.46,,,3.6,17.16,63.61,,,,300.1,,2022,1,2,Winter,290.5,284.6
Delhi,2022-01-13,192.81,326.93,,64.19,,,3.45,18.23,52.37,,,,299.3,,2022,1,3,Winter,300.1,291.0
Delhi,2022-01-14,210.91,348.15,,59.56,,,2.21,17.63,60.22,,,,299.9,,2022,1,4,Winter,299.3,296.7
Delhi,2022-01-15,214.4,293.27,,62.16,,,1.77,16.84,61.32,,,,303.8,,2022,1,5,Winter,299.9,299.8
Delhi,2022-01-16,216.04,281.79,,50.28,,,1.77,14.2,68.06,,,,319.1,,2022,1,6,Winter,303.8,301.0
Delhi,2022-01-17,237.92,336.2,,50.0,,,1.88,14.2,55.66,,,,319.5,,2022,1,0,Winter,319.1,307.6
Delhi,2022-01-18,223.51,290.33,,52.29,,,1.86,17.94,55.32,,,,333.1,,2022,1,1,Winter,319.5,314.2
Delhi,2022-01-19,219.3,304.13,,52.16,,,1.48,16.56,60.9,,,,317.5,,2022,1,2,Winter,333.1,323.9
Delhi,2022-01-20,228.63,266.21,,58.6,,,1.0,15.46,62.15,,,,335.1,,2022,1,3,Winter,317.5,323.3
Delhi,2022-01-21,210.07,300.28,,46.79,,,2.8,13.18,55.81,,,,312.2,,2022,1,4,Winter,335.1,328.5
Delhi,2022-01-22,187.93,268.41,,47.96,,,2.96,12.82,51.67,,,,311.0,,2022,1,5,Winter,312.2,321.6
Delhi,2022-01-23,193.16,285.86,,55.27,,,1.85,12.55,60.36,,,,303.6,,2022,1,6,Winter,311.0,319.4
Delhi,2022-01-24,197.11,275.63,,52.84,,,3.1,14.81,63.62,,,,306.7,,2022,1,0,Winter,303.6,308.9
Delhi,2022-01-25,207.18,290.12,,53.44,,,2.77,16.86,62.06,,,,301.9,,2022,1,1,Winter,306.7,307.1
Delhi,2022-01-26,192.27,289.38,,50.73,,,1.74,17.53,58.63,,,,297.6,,2022,1,2,Winter,301.9,304.1
Delhi,2022-01-27,162.46,283.24,,54.19,,,2.03,17.37,61.54,,,,279.6,,2022,1,3,Winter,297.6,302.1
Delhi,2022-01-28,174.96,298.39,,59.75,,,1.98,15.46,51.45,,,,272.5,,2022,1,4,Winter,279.6,293.0
Delhi,2022-01-29,202.23,308.52,,51.62,,,2.58,13.93,41.38,,,,279.1,,2022,1,5,Winter,272.5,283.3
Delhi,2022-01-30,218.53,282.33,,56.62,,,2.05,15.94,34.98,,,,296.3,,2022,1,6,Winter,279.1,277.1
Delhi,2022-01-31,192.15,294.19,,55.75,,,3.57,16.22,47.43,,,,297.0,,2022,1,0,Winter,296.3,282.7
Delhi,2022-02-01,148.5,286.22,,62.86,,,4.01,11.28,46.77,,,,274.4,,2022,2,1,Winter,297.0,290.8
Delhi,2022-02-02,156.85,306.42,,63.52,,,2.71,12.3,48.53,,,,282.0,,2022,2,2,Winter,274.4,289.3
Delhi,2022-02-03,146.51,279.46,,72.51,,,3.89,15.28,38.14,,,,264.1,,2022,2,3,Winter,282.0,284.5
Delhi,2022-02-04,145.91,247.68,,73.24,,,3.03,17.76,54.7,,,,247.6,,2022,2,4,Winter,264.1,273.5
Delhi,2022-02-05,174.92,243.11,,67.88,,,4.14,18.91,54.95,,,,252.4,,2022,2,5,Winter,247.6,264.6
Delhi,2022-02-06,166.23,220.87,,62.62,,,1.91,15.63,51.8,,,,261.3,,2022,2,6,Winter,252.4,254.7
Delhi,2022-02-07,170.03,228.03,,67.43,,,0.41,14.81,35.08,,,,249.3,,2022,2,0,Winter,261.3,253.8
Delhi,2022-02-08,171.04,221.59,,65.18,,,0.22,17.83,43.33,,,,256.5,,2022,2,1,Winter,249.3,254.3
Delhi,2022-02-09,149.45,257.29,,60.58,,,3.2,16.53,49.01,,,,253.9,,2022,2,2,Winter,256.5,255.7
Delhi,2022-02-10,164.81,240.3,,64.02,,,2.57,15.5,46.99,,,,246.3,,2022,2,3,Winter,253.9,253.3
Delhi,2022-02-11,167.73,247.66,,58.97,,,2.42,16.72,45.28,,,,248.8,,2022,2,4,Winter,246.3,252.3
Delhi,2022-02-12,160.89,248.01,,54.68,,,2.3,17.34,40.45,,,,234.1,,2022,2,5,Winter,248.8,249.7
Delhi,2022-02-13,163.34,240.67,,54.29,,,1.97,18.07,32.14,,,,239.0,,2022,2,6,Winter,234.1,243.0
Delhi,2022-02-14,159.95,237.27,,60.87,,,3.38,13.32,43.67,,,,243.0,,2022,2,0,Winter,239.0,240.6
Delhi,2022-02-15,109.4,266.07,,54.69,,,3.05,13.4,48.4,,,,246.7,,2022,2,1,Winter,243.0,238.7
Delhi,2022-02-16,132.65,275.41,,56.02,,,1.95,14.94,43.15,,,,254.3,,2022,2,2,Winter,246.7,242.9
Delhi,2022-02-17,147.02,279.63,,53.68,,,1.16,16.73,52.88,,,,251.2,,2022,2,3,Winter,254.3,248.0
Delhi,2022-02-18,167.6,237.36,,61.68,,,1.41,15.86,52.86,,,,245.7,,2022,2,4,Winter,251.2,250.7
Delhi,2022-02-19,153.7,218.71,,55.02,,,0.98,16.21,44.56,,,,228.7,,2022,2,5,Winter,245.7,250.4
Delhi,2022-02-20,138.93,247.67,,50.09,,,1.76,14.48,42.03,,,,244.2,,2022,2,6,Winter,228.7,241.8
Delhi,2022-02-21,137.84,253.81,,55.92,,,2.39,16.45,43.25,,,,254.1,,2022,2,0,Winter,244.2,239.5
Delhi,2022-02-22,137.96,242.23,,53.06,,,3.36,13.49,28.33,,,,239.6,,2022,2,1,Winter,254.1,242.3
Delhi,2022-02-23,136.65,288.46,,46.24,,,3.07,12.88,34.09,,,,243.2,,2022,2,2,Winter,239.6,245.9
Delhi,2022-02-24,137.44,248.35,,50.97,,,2.99,10.21,34.93,,,,243.5,,2022,2,3,Winter,243.2,245.6
Delhi,2022-02-25,162.32,240.89,,58.37,,,2.03,11.69,52.34,,,,247.6,,2022,2,4,Winter,243.5,242.1
Delhi,2022-02-26,151.28,249.57,,56.95,,,0.97,12.61,47.8,,,,244.3,,2022,2,5,Winter,247.6,244.8
Delhi,2022-02-27,142.42,259.53,,56.48,,,0.3,11.9,45.66,,,,235.8,,2022,2,6,Winter,244.3,245.1
Delhi,2022-02-28,146.73,240.4,,53.56,,,1.35,14.99,41.72,,,,229.7,,2022,2,0,Winter,235.8,242.6
Delhi,2022-03-01,136.95,225.59,,52.93,,,2.63,14.31,55.99,,,,213.6,,2022,3,1,Summer,229.7,236.6
Delhi,2022-03-02,110.3,213.78,,53.83,,,1.7,14.99,51.33,,,,209.9,,2022,3,2,Summer,213.6,226.4
Delhi,2022-03-03,99.12,214.07,,55.74,,,1.97,15.98,53.68,,,,196.2,,2022,3,3,Summer,209.9,217.8
Delhi,2022-03-04,87.51,198.13,,49.35,,,3.71,14.87,62.93,,,,186.2,,2022,3,4,Summer,196.2,206.6
Delhi,2022-03-05,85.81,184.11,,51.34,,,1.72,17.22,57.95,,,,167.5,,2022,3,5,Summer,186.2,197.4
Delhi,2022-03-06,97.91,186.59,,43.73,,,1.69,16.16,55.0,,,,176.0,,2022,3,6,Summer,167.5,183.3
Delhi,2022-03-07,85.19,219.12,,51.21,,,2.04,14.87,61.13,,,,194.4,,2022,3,0,Summer,176.0,176.6
Delhi,2022-03-08,83.36,221.37,,62.49,,,1.68,15.67,56.28,,,,198.3,,2022,3,1,Summer,194.4,179.3
Delhi,2022-03-09,80.67,215.94,,50.22,,,2.61,14.91,42.07,,,,203.9,,2022,3,2,Summer,198.3,189.6
Delhi,2022-03-10,67.14,172.31,,45.73,,,3.7,16.0,43.23,,,,182.4,,2022,3,3,Summer,203.9,198.9
Delhi,2022-03-11,78.89,159.83,,45.75,,,3.36,14.23,42.91,,,,160.6,,2022,3,4,Summer,182.4,194.9
Delhi,2022-03-12,80.78,165.61,,49.31,,,2.93,11.92,37.84,,,,162.9,,2022,3,5,Summer,160.6,182.3
Delhi,2022-03-13,86.68,175.81,,42.96,,,1.43,14.6,28.95,,,,150.8,,2022,3,6,Summer,162.9,168.6
Delhi,2022-03-14,86.73,190.64,,29.59,,,1.92,17.54,25.37,,,,159.9,,2022,3,0,Summer,150.8,158.1
Delhi,2022-03-15,95.69,198.89,,39.69,,,1.78,14.95,26.74,,,,181.3,,2022,3,1,Summer,159.9,157.9
Delhi,2022-03-16,97.91,245.73,,39.03,,,1.92,14.33,40.85,,,,194.3,,2022,3,2,Summer,181.3,164.0
Delhi,2022-03-17,95.28,225.41,,40.93,,,2.02,14.06,41.08,,,,197.7,,2022,3,3,Summer,194.3,178.5
Delhi,2022-03-18,100.06,242.92,,38.12,,,1.5,14.31,43.33,,,,201.8,,2022,3,4,Summer,197.7,191.1
Delhi,2022-03-19,95.14,237.06,,27.29,,,1.4,15.5,45.13,,,,199.2,,2022,3,5,Summer,201.8,197.9
Delhi,2022-03-20,99.52,229.74,,34.51,,,1.09,16.77,40.09,,,,208.3,,2022,3,6,Summer,199.2,199.5
Delhi,2022-03-21,89.26,239.92,,36.33,,,3.37,17.57,37.56,,,,211.9,,2022,3,0,Summer,208.3,203.1
Delhi,2022-03-22,97.02,237.41,,37.49,,,2.87,16.39,48.29,,,,210.4,,2022,3,1,Summer,211.9,206.5
Delhi,2022-03-23,94.34,210.34,,43.0,,,1.91,16.75,41.38,,,,185.9,,2022,3,2,Summer,210.4,210.2
Delhi,2022-03-24,85.38,215.28,,49.44,,,2.59,17.87,41.73,,,,195.3,,2022,3,3,Summer,185.9,202.7
Delhi,2022-03-25,88.42,237.14,,47.07,,,3.3,19.7,46.91,,,,186.4,,2022,3,4,Summer,195.3,197.2
Delhi,2022-03-26,93.03,210.58,,42.7,,,2.96,15.69,45.0,,,,177.2,,2022,3,5,Summer,186.4,189.2
Delhi,2022-03-27,76.99,204.65,,45.93,,,3.71,15.88,43.06,,,,179.6,,2022,3,6,Summer,177.2,186.3
Delhi,2022-03-28,73.43,168.13,,53.79,,,2.12,18.05,44.44,,,,167.5,,2022,3,0,Summer,179.6,181.1
Delhi,2022-03-29,76.21,165.64,,52.11,,,2.6,18.94,43.76,,,,158.9,,2022,3,1,Summer,167.5,174.8
Delhi,2022-03-30,87.61,180.12,,49.59,,,2.86,18.08,41.31,,,,166.7,,2022,3,2,Summer,158.9,168.6
Delhi,2022-03-31,79.07,173.39,,50.44,,,1.42,15.69,42.77,,,,148.9,,2022,3,3,Summer,166.7,164.4
Delhi,2022-04-01,71.37,208.74,,48.94,,,0.94,21.05,46.14,,,,167.7,,2022,4,4,Summer,148.9,158.2
Delhi,2022-04-02,64.99,231.97,,50.58,,,1.28,16.66,48.88,,,,179.4,,2022,4,5,Summer,167.7,161.1
Delhi,2022-04-03,58.02,229.26,,61.18,,,2.47,16.87,45.8,,,,191.9,,2022,4,6,Summer,179.4,165.3
Delhi,2022-04-04,76.58,226.95,,55.4,,,3.51,20.41,49.79,,,,192.7,,2022,4,0,Summer,191.9,179.7
Delhi,2022-04-05,79.87,285.26,,54.07,,,2.33,19.4,43.32,,,,221.2,,2022,4,1,Summer,192.7,188.0
Delhi,2022-04-06,89.72,254.17,,52.36,,,2.35,17.29,48.95,,,,220.0,,2022,4,2,Summer,221.2,201.9
Delhi,2022-04-07,105.56,223.55,,52.92,,,2.23,21.0,49.75,,,,201.0,,2022,4,3,Summer,220.0,211.3
Delhi,2022-04-08,112.83,219.42,,54.71,,,1.81,22.96,50.24,,,,210.3,,2022,4,4,Summer,201.0,214.1
Delhi,2022-04-09,92.42,264.85,,47.3,,,1.95,18.98,59.32,,,,206.2,,2022,4,5,Summer,210.3,210.4
Delhi,2022-04-10,88.07,255.3,,46.85,,,1.52,20.31,53.24,,,,214.5,,2022,4,6,Summer,206.2,205.8
Delhi,2022-04-11,78.76,243.03,,45.57,,,1.93,19.64,45.58,,,,214.3,,2022,4,0,Summer,214.5,210.3
Delhi,2022-04-12,104.16,210.41,,54.12,,,1.64,20.53,42.73,,,,205.5,,2022,4,1,Summer,214.3,211.7
Delhi,2022-04-13,112.79,205.7,,52.03,,,2.02,23.51,39.81,,,,198.1,,2022,4,2,Summer,205.5,211.4
Delhi,2022-04-14,118.94,210.97,,35.76,,,1.94,23.88,36.81,,,,181.4,,2022,4,3,Summer,198.1,206.0
Delhi,2022-04-15,118.03,197.94,,35.46,,,1.62,23.06,43.1,,,,178.5,,2022,4,4,Summer,181.4,195.0
Delhi,2022-04-16,95.05,188.45,,41.44,,,1.69,22.11,53.52,,,,180.8,,2022,4,5,Summer,178.5,186.0
Delhi,2022-04-17,98.84,190.46,,44.09,,,2.26,20.3,51.56,,,,178.8,,2022,4,6,Summer,180.8,180.2
Delhi,2022-04-18,97.54,201.5,,62.42,,,1.81,19.14,55.21,,,,175.1,,2022,4,0,Summer,178.8,179.3
Delhi,2022-04-19,92.57,183.41,,60.62,,,1.73,21.34,57.68,,,,156.2,,2022,4,1,Summer,175.1,178.2
Delhi,2022-04-20,85.55,193.34,,50.14,,,1.69,17.1,59.19,,,,173.6,,2022,4,2,Summer,156.2,170.0
Delhi,2022-04-21,82.44,221.15,,53.45,,,1.63,21.8,49.54,,,,184.3,,2022,4,3,Summer,173.6,168.3
Delhi,2022-04-22,76.16,204.77,,50.36,,,1.9,20.94,53.94,,,,181.4,,2022,4,4,Summer,184.3,171.4
Delhi,2022-04-23,82.4,205.34,,53.89,,,1.87,20.15,50.71,,,,181.4,,2022,4,5,Summer,181.4,179.8
Delhi,2022-04-24,75.69,184.48,,55.29,,,1.71,17.39,54.53,,,,172.5,,2022,4,6,Summer,181.4,182.4
Delhi,2022-04-25,88.59,184.07,,47.35,,,2.66,14.92,49.34,,,,175.7,,2022,4,0,Summer,172.5,178.4
Delhi,2022-04-26,80.28,228.94,,60.44,,,1.82,13.09,54.11,,,,192.0,,2022,4,1,Summer,175.7,176.5
Delhi,2022-04-27,91.1,213.38,,67.72,,,1.19,16.43,52.83,,,,182.4,,2022,4,2,Summer,192.0,180.0
Delhi,2022-04-28,105.56,201.21,,64.07,,,1.15,17.12,44.93,,,,186.6,,2022,4,3,Summer,182.4,183.3
Delhi,2022-04-29,112.29,187.26,,50.29,,,0.49,20.77,53.15,,,,172.2,,2022,4,4,Summer,186.6,187.0
Delhi,2022-04-30,92.2,199.48,,42.79,,,1.23,18.74,41.43,,,,188.2,,2022,4,5,Summer,172.2,180.4
Delhi,2022-05-01,90.06,176.94,,39.75,,,1.94,21.69,53.92,,,,171.2,,2022,5,6,Summer,188.2,182.3
Delhi,2022-05-02,93.79,209.15,,47.24,,,1.6,24.57,56.45,,,,173.1,,2022,5,0,Summer,171.2,177.2
Delhi,2022-05-03,92.71,236.43,,41.11,,,1.09,26.4,57.15,,,,198.9,,2022,5,1,Summer,173.1,177.5
Delhi,2022-05-04,95.83,245.79,,39.34,,,2.14,21.39,56.23,,,,203.9,,2022,5,2,Summer,198.9,181.1
Delhi,2022-05-05,104.25,219.45,,44.98,,,2.2,21.26,55.97,,,,196.7,,2022,5,3,Summer,203.9,192.0
Delhi,2022-05-06,89.2,238.09,,44.26,,,2.09,23.84,53.16,,,,201.8,,2022,5,4,Summer,196.7,199.8
Delhi,2022-05-07,83.54,255.75,,43.74,,,3.04,21.36,57.25,,,,226.5,,2022,5,5,Summer,201.8,200.8
Delhi,2022-05-08,96.65,222.99,,49.76,,,3.74,24.92,62.26,,,,223.9,,2022,5,6,Summer,226.5,208.3
Delhi,2022-05-09,92.05,209.59,,48.85,,,4.13,18.65,61.04,,,,220.1,,2022,5,0,Summer,223.9,217.4
Delhi,2022-05-10,79.73,245.68,,47.58,,,4.57,15.66,67.06,,,,222.2,,2022,5,1,Summer,220.1,223.5
Delhi,2022-05-11,84.44,254.13,,49.99,,,3.51,15.14,75.15,,,,246.2,,2022,5,2,Summer,222.2,222.1
Delhi,2022-05-12,102.86,260.53,,49.06,,,2.6,14.78,68.1,,,,258.7,,2022,5,3,Summer,246.2,229.5
Delhi,2022-05-13,117.29,270.94,,45.54,,,2.34,19.41,55.69,,,,255.1,,2022,5,4,Summer,258.7,242.4
Delhi,2022-05-14,97.47,234.71,,45.13,,,2.25,17.84,56.0,,,,222.5,,2022,5,5,Summer,255.1,253.3
Delhi,2022-05-15,108.33,207.06,,41.57,,,2.13,17.31,63.75,,,,210.2,,2022,5,6,Summer,222.5,245.4
Delhi,2022-05-16,108.38,225.18,,46.25,,,0.91,19.37,62.18,,,,216.5,,2022,5,0,Summer,210.2,229.3
Delhi,2022-05-17,142.34,202.45,,50.2,,,2.76,18.19,55.75,,,,220.3,,2022,5,1,Summer,216.5,216.4
Delhi,2022-05-18,110.65,208.34,,50.62,,,1.89,22.13,61.45,,,,207.3,,2022,5,2,Summer,220.3,215.7
Delhi,2022-05-19,106.94,241.97,,45.04,,,1.66,23.95,67.27,,,,214.2,,2022,5,3,Summer,207.3,214.7
Delhi,2022-05-20,99.68,227.7,,51.28,,,1.54,26.43,60.14,,,,216.0,,2022,5,4,Summer,214.2,213.9
Delhi,2022-05-21,79.92,194.99,,45.05,,,0.86,22.64,49.81,,,,190.7,,2022,5,5,Summer,216.0,212.5
Delhi,2022-05-22,88.1,174.52,,44.39,,,1.27,26.97,54.26,,,,169.7,,2022,5,6,Summer,190.7,207.0
Delhi,2022-05-23,111.28,184.99,,45.93,,,1.51,28.55,57.46,,,,166.3,,2022,5,0,Summer,169.7,192.2
Delhi,2022-05-24,101.84,213.07,,50.6,,,1.29,23.94,56.33,,,,165.3,,2022,5,1,Summer,166.3,175.6
Delhi,2022-05-25,82.49,229.62,,55.43,,,0.07,25.3,57.38,,,,173.0,,2022,5,2,Summer,165.3,167.1
Delhi,2022-05-26,87.34,223.69,,56.95,,,0.0,23.62,54.53,,,,184.4,,2022,5,3,Summer,173.0,168.2
Delhi,2022-05-27,89.95,196.78,,47.97,,,0.0,22.75,49.24,,,,177.9,,2022,5,4,Summer,184.4,174.2
Delhi,2022-05-28,83.25,184.86,,44.58,,,0.27,21.48,52.56,,,,170.3,,2022,5,5,Summer,177.9,178.4
Delhi,2022-05-29,85.49,218.1,,49.61,,,1.47,24.32,55.54,,,,177.2,,2022,5,6,Summer,170.3,177.5
Delhi,2022-05-30,83.94,205.47,,50.42,,,1.29,25.05,57.88,,,,174.9,,2022,5,0,Summer,177.2,175.1
Delhi,2022-05-31,88.94,204.92,,47.46,,,1.98,21.56,59.11,,,,175.3,,2022,5,1,Summer,174.9,174.1
Delhi,2022-06-01,84.42,190.13,,53.02,,,1.68,17.12,50.53,,,,170.8,,2022,6,2,Monsoon,175.3,175.8
Delhi,2022-06-02,65.71,212.92,,54.58,,,1.56,16.68,47.48,,,,172.7,,2022,6,3,Monsoon,170.8,173.7
Delhi,2022-06-03,79.63,246.98,,51.92,,,1.97,14.58,46.39,,,,194.4,,2022,6,4,Monsoon,172.7,172.9
Delhi,2022-06-04,85.26,200.21,,52.97,,,1.69,14.3,42.73,,,,182.9,,2022,6,5,Monsoon,194.4,179.3
Delhi,2022-06-05,80.3,153.43,,49.66,,,1.88,14.15,38.41,,,,175.5,,2022,6,6,Monsoon,182.9,183.4
Delhi,2022-06-06,90.45,179.68,,42.1,,,1.67,13.2,45.13,,,,170.2,,2022,6,0,Monsoon,175.5,184.3
Delhi,2022-06-07,85.56,182.76,,44.63,,,1.42,12.4,45.43,,,,183.2,,2022,6,1,Monsoon,170.2,176.2
Delhi,2022-06-08,91.99,202.8,,52.32,,,1.45,13.63,41.15,,,,180.9,,2022,6,2,Monsoon,183.2,176.3
Delhi,2022-06-09,81.55,168.69,,41.27,,,1.52,14.0,40.0,,,,163.3,,2022,6,3,Monsoon,180.9,178.1
Delhi,2022-06-10,86.92,153.65,,43.55,,,1.63,13.3,40.75,,,,154.0,,2022,6,4,Monsoon,163.3,175.8
Delhi,2022-06-11,80.4,169.32,,43.24,,,2.28,13.22,56.14,,,,148.2,,2022,6,5,Monsoon,154.0,166.0
Delhi,2022-06-12,55.95,189.71,,43.66,,,2.01,14.17,54.13,,,,166.3,,2022,6,6,Monsoon,148.2,155.2
Delhi,2022-06-13,71.16,153.1,,39.46,,,1.8,13.52,52.96,,,,158.4,,2022,6,0,Monsoon,166.3,156.2
Delhi,2022-06-14,78.83,216.11,,44.7,,,1.58,12.06,52.92,,,,176.9,,2022,6,1,Monsoon,158.4,157.6
Delhi,2022-06-15,78.87,266.22,,42.17,,,2.35,12.84,50.45,,,,203.2,,2022,6,2,Monsoon,176.9,167.2
Delhi,2022-06-16,68.08,243.83,,38.7,,,2.04,14.26,47.16,,,,216.4,,2022,6,3,Monsoon,203.2,179.5
Delhi,2022-06-17,70.19,253.59,,34.36,,,2.07,14.24,47.48,,,,211.1,,2022,6,4,Monsoon,216.4,198.8
Delhi,2022-06-18,67.81,262.14,,43.24,,,1.3,12.76,46.14,,,,217.3,,2022,6,5,Monsoon,211.1,210.2
Delhi,2022-06-19,70.23,230.48,,38.3,,,1.32,13.93,49.44,,,,199.5,,2022,6,6,Monsoon,217.3,214.9
Delhi,2022-06-20,50.44,178.19,,37.9,,,0.46,14.32,58.65,,,,185.2,,2022,6,0,Monsoon,199.5,209.3
Delhi,2022-06-21,68.32,159.59,,43.25,,,1.06,13.88,55.86,,,,172.4,,2022,6,1,Monsoon,185.2,200.7
Delhi,2022-06-22,77.84,154.06,,45.24,,,1.4,10.86,64.56,,,,148.9,,2022,6,2,Monsoon,172.4,185.7
Delhi,2022-06-23,74.34,193.22,,45.33,,,1.23,11.75,58.77,,,,158.2,,2022,6,3,Monsoon,148.9,168.8
Delhi,2022-06-24,73.14,161.12,,44.84,,,1.11,14.27,51.12,,,,151.7,,2022,6,4,Monsoon,158.2,159.8
Delhi,2022-06-25,64.26,130.39,,44.42,,,0.91,12.39,51.31,,,,125.7,,2022,6,5,Monsoon,151.7,153.0
Delhi,2022-06-26,50.15,166.5,,32.35,,,0.36,10.8,48.37,,,,138.8,,2022,6,6,Monsoon,125.7,145.2
Delhi,2022-06-27,58.0,243.5,,42.97,,,0.26,10.18,63.3,,,,179.4,,2022,6,0,Monsoon,138.8,138.7
Delhi,2022-06-28,66.97,228.87,,45.24,,,0.68,9.02,60.35,,,,182.8,,2022,6,1,Monsoon,179.4,148.0
Delhi,2022-06-29,63.64,259.57,,44.44,,,0.27,13.2,55.58,,,,190.8,,2022,6,2,Monsoon,182.8,167.0
Delhi,2022-06-30,56.03,214.1,,46.43,,,0.39,13.41,44.29,,,,203.4,,2022,6,3,Monsoon,190.8,184.3
Delhi,2022-07-01,51.3,166.74,,43.43,,,0.55,13.35,43.64,,,,172.8,,2022,7,4,Monsoon,203.4,192.3
Delhi,2022-07-02,51.82,134.35,,36.97,,,0.97,13.62,46.42,,,,160.5,,2022,7,5,Monsoon,172.8,189.0
Delhi,2022-07-03,47.08,102.37,,40.84,,,0.82,14.85,46.22,,,,130.5,,2022,7,6,Monsoon,160.5,178.9
Delhi,2022-07-04,53.84,106.19,,46.63,,,1.32,15.14,43.04,,,,119.8,,2022,7,0,Monsoon,130.5,154.6
Delhi,2022-07-05,46.68,135.96,,46.07,,,1.34,17.69,44.57,,,,117.0,,2022,7,1,Monsoon,119.8,136.9
Delhi,2022-07-06,49.09,130.73,,42.55,,,1.16,16.09,43.57,,,,114.3,,2022,7,2,Monsoon,117.0,122.4
Delhi,2022-07-07,46.35,156.58,,40.51,,,0.78,15.31,44.01,,,,129.2,,2022,7,3,Monsoon,114.3,117.0
Delhi,2022-07-08,44.48,193.64,,29.29,,,1.04,15.44,44.65,,,,148.6,,2022,7,4,Monsoon,129.2,120.2
Delhi,2022-07-09,46.41,189.29,,27.3,,,0.98,14.46,38.96,,,,163.1,,2022,7,5,Monsoon,148.6,130.7
Delhi,2022-07-10,42.45,138.95,,26.76,,,1.21,12.22,39.04,,,,158.9,,2022,7,6,Monsoon,163.1,147.0
Delhi,2022-07-11,40.69,157.86,,40.93,,,1.36,12.8,41.88,,,,140.8,,2022,7,0,Monsoon,158.9,156.9
Delhi,2022-07-12,45.4,158.75,,37.71,,,1.41,11.36,38.68,,,,158.7,,2022,7,1,Monsoon,140.8,154.3
Delhi,2022-07-13,46.26,128.61,,34.6,,,1.84,11.31,36.87,,,,140.6,,2022,7,2,Monsoon,158.7,152.8
Delhi,2022-07-14,43.77,143.61,,32.54,,,1.52,10.02,37.46,,,,131.3,,2022,7,3,Monsoon,140.6,146.7
Delhi,2022-07-15,42.15,167.12,,32.01,,,1.25,9.19,38.92,,,,128.3,,2022,7,4,Monsoon,131.3,143.5
Delhi,2022-07-16,49.92,172.04,,37.72,,,0.67,10.53,43.2,,,,132.0,,2022,7,5,Monsoon,128.3,133.4
Delhi,2022-07-17,43.71,160.95,,41.22,,,0.98,12.38,40.39,,,,134.5,,2022,7,6,Monsoon,132.0,130.5
Delhi,2022-07-18,46.25,152.0,,42.51,,,1.15,13.6,33.0,,,,136.5,,2022,7,0,Monsoon,134.5,131.6
Delhi,2022-07-19,45.77,152.16,,36.75,,,1.22,11.23,34.78,,,,141.2,,2022,7,1,Monsoon,136.5,134.3
Delhi,2022-07-20,42.83,177.32,,40.05,,,1.11,12.07,39.59,,,,151.7,,2022,7,2,Monsoon,141.2,137.4
Delhi,2022-07-21,45.17,186.19,,43.9,,,0.85,10.35,37.77,,,,146.0,,2022,7,3,Monsoon,151.7,143.1
Delhi,2022-07-22,45.28,183.06,,40.6,,,1.18,10.28,39.38,,,,156.3,,2022,7,4,Monsoon,146.0,146.3
Delhi,2022-07-23,49.75,162.5,,45.83,,,1.57,10.01,35.9,,,,156.4,,2022,7,5,Monsoon,156.3,151.3
Delhi,2022-07-24,44.25,174.1,,39.04,,,1.21,10.92,39.42,,,,151.3,,2022,7,6,Monsoon,156.4,152.9
Delhi,2022-07-25,52.85,143.15,,32.13,,,1.02,12.83,40.01,,,,139.7,,2022,7,0,Monsoon,151.3,154.6
Delhi,2022-07-26,44.43,141.49,,38.1,,,1.09,14.15,43.78,,,,126.3,,2022,7,1,Monsoon,139.7,149.1
Delhi,2022-07-27,43.58,149.91,,36.39,,,0.8,13.17,36.55,,,,136.3,,2022,7,2,Monsoon,126.3,139.1
Delhi,2022-07-28,45.68,165.54,,34.05,,,0.89,11.85,40.75,,,,139.5,,2022,7,3,Monsoon,136.3,134.1
Delhi,2022-07-29,49.66,137.38,,33.63,,,1.23,11.94,41.52,,,,147.1,,2022,7,4,Monsoon,139.5,134.0
Delhi,2022-07-30,40.9,137.9,,33.75,,,0.95,12.66,45.35,,,,138.0,,2022,7,5,Monsoon,147.1,141.0
Delhi,2022-07-31,36.42,135.3,,31.86,,,1.2,16.3,42.88,,,,130.6,,2022,7,6,Monsoon,138.0,141.6
Delhi,2022-08-01,42.29,152.62,,24.95,,,1.14,15.52,36.84,,,,140.4,,2022,8,0,Monsoon,130.6,138.6
Delhi,2022-08-02,50.78,156.07,,31.74,,,0.97,16.54,30.52,,,,145.7,,2022,8,1,Monsoon,140.4,136.3
Delhi,2022-08-03,47.28,124.19,,32.83,,,0.96,15.78,31.1,,,,130.3,,2022,8,2,Monsoon,145.7,138.9
Delhi,2022-08-04,45.84,93.65,,33.37,,,1.09,12.57,28.09,,,,120.0,,2022,8,3,Monsoon,130.3,138.8
Delhi,2022-08-05,43.48,98.3,,34.94,,,1.11,11.1,29.76,,,,102.9,,2022,8,4,Monsoon,120.0,132.0
Delhi,2022-08-06,43.69,87.04,,30.59,,,1.05,11.29,33.61,,,,95.7,,2022,8,5,Monsoon,102.9,117.8
Delhi,2022-08-07,42.56,110.59,,31.59,,,0.73,8.45,43.81,,,,97.2,,2022,8,6,Monsoon,95.7,106.2
Delhi,2022-08-08,46.27,112.8,,32.8,,,1.23,8.97,44.29,,,,94.7,,2022,8,0,Monsoon,97.2,98.6
Delhi,2022-08-09,39.27,155.22,,33.28,,,1.3,10.89,41.47,,,,118.1,,2022,8,1,Monsoon,94.7,95.9
Delhi,2022-08-10,38.51,130.42,,37.33,,,1.29,10.94,43.46,,,,122.9,,2022,8,2,Monsoon,118.1,103.3
Delhi,2022-08-11,34.57,121.46,,35.78,,,1.26,10.1,48.15,,,,128.2,,2022,8,3,Monsoon,122.9,111.9
Delhi,2022-08-12,36.41,131.13,,36.93,,,1.04,11.46,53.97,,,,131.6,,2022,8,4,Monsoon,128.2,123.1
Delhi,2022-08-13,41.07,149.77,,36.94,,,0.98,9.84,41.38,,,,136.2,,2022,8,5,Monsoon,131.6,127.6
Delhi,2022-08-14,40.04,139.9,,38.82,,,0.93,9.55,40.52,,,,117.3,,2022,8,6,Monsoon,136.2,132.0
Delhi,2022-08-15,40.24,94.03,,36.02,,,1.03,11.41,38.44,,,,104.6,,2022,8,0,Monsoon,117.3,128.4
Delhi,2022-08-16,37.43,108.1,,44.07,,,1.04,13.92,40.39,,,,93.8,,2022,8,1,Monsoon,104.6,119.4
Delhi,2022-08-17,36.6,123.69,,39.6,,,1.29,14.31,42.42,,,,101.6,,2022,8,2,Monsoon,93.8,105.3
Delhi,2022-08-18,32.88,140.64,,34.95,,,1.35,12.83,46.78,,,,107.9,,2022,8,3,Monsoon,101.6,100.0
Delhi,2022-08-19,35.06,126.08,,31.78,,,0.98,11.58,48.1,,,,113.3,,2022,8,4,Monsoon,107.9,101.1
Delhi,2022-08-20,38.78,108.35,,28.73,,,0.98,11.35,44.15,,,,104.7,,2022,8,5,Monsoon,113.3,107.6
Delhi,2022-08-21,45.35,121.22,,35.64,,,1.24,12.8,37.53,,,,111.2,,2022,8,6,Monsoon,104.7,108.6
Delhi,2022-08-22,43.09,96.43,,39.8,,,0.99,12.01,37.28,,,,95.1,,2022,8,0,Monsoon,111.2,109.7
Delhi,2022-08-23,40.67,105.79,,43.16,,,1.27,11.0,42.65,,,,98.3,,2022,8,1,Monsoon,95.1,103.6
Delhi,2022-08-24,44.31,116.03,,44.09,,,0.92,11.97,43.73,,,,107.0,,2022,8,2,Monsoon,98.3,101.5
Delhi,2022-08-25,42.93,124.68,,39.36,,,0.71,10.05,36.4,,,,114.4,,2022,8,3,Monsoon,107.0,100.1
Delhi,2022-08-26,34.06,116.29,,35.86,,,0.52,10.24,40.13,,,,100.3,,2022,8,4,Monsoon,114.4,106.6
Delhi,2022-08-27,40.2,107.86,,34.47,,,0.71,10.41,39.78,,,,95.6,,2022,8,5,Monsoon,100.3,107.3
Delhi,2022-08-28,41.33,121.61,,31.69,,,0.98,11.08,42.47,,,,108.6,,2022,8,6,Monsoon,95.6,103.5
Delhi,2022-08-29,42.65,109.53,,30.75,,,1.15,11.7,54.51,,,,112.5,,2022,8,0,Monsoon,108.6,101.5
Delhi,2022-08-30,38.66,104.66,,38.81,,,1.11,11.4,45.93,,,,117.7,,2022,8,1,Monsoon,112.5,105.6
Delhi,2022-08-31,42.11,101.37,,34.86,,,1.09,11.89,48.2,,,,111.5,,2022,8,2,Monsoon,117.7,112.9
Delhi,2022-09-01,45.24,104.9,,34.93,,,1.03,11.59,46.98,,,,97.5,,2022,9,3,Monsoon,111.5,113.9
Delhi,2022-09-02,52.36,109.93,,32.62,,,1.03,11.64,46.58,,,,101.4,,2022,9,4,Monsoon,97.5,108.9
Delhi,2022-09-03,56.97,135.85,,33.99,,,0.95,10.4,38.76,,,,123.3,,2022,9,5,Monsoon,101.4,103.5
Delhi,2022-09-04,66.15,142.36,,36.85,,,0.97,11.28,30.25,,,,124.7,,2022,9,6,Monsoon,123.3,107.4
Delhi,2022-09-05,57.36,144.57,,36.57,,,1.07,14.37,36.87,,,,124.7,,2022,9,0,Monsoon,124.7,116.5
Delhi,2022-09-06,66.19,141.1,,37.74,,,0.98,13.96,39.73,,,,109.9,,2022,9,1,Monsoon,124.7,124.2
Delhi,2022-09-07,53.59,144.83,,42.77,,,0.9,14.08,33.02,,,,124.4,,2022,9,2,Monsoon,109.9,119.8
Delhi,2022-09-08,50.98,151.89,,41.97,,,0.92,14.32,39.24,,,,128.3,,2022,9,3,Monsoon,124.4,119.7
Delhi,2022-09-09,48.89,131.12,,31.87,,,1.1,13.64,45.3,,,,126.0,,2022,9,4,Monsoon,128.3,120.9
Delhi,2022-09-10,45.43,144.76,,32.1,,,0.92,15.07,39.41,,,,121.0,,2022,9,5,Monsoon,126.0,126.2
Delhi,2022-09-11,38.92,123.09,,33.02,,,0.49,13.08,46.16,,,,103.4,,2022,9,6,Monsoon,121.0,125.1
Delhi,2022-09-12,48.02,128.1,,41.59,,,0.6,14.34,41.49,,,,120.2,,2022,9,0,Monsoon,103.4,116.8
Delhi,2022-09-13,42.19,133.87,,39.41,,,0.76,13.44,43.62,,,,124.0,,2022,9,1,Monsoon,120.2,114.9
Delhi,2022-09-14,47.58,141.21,,38.76,,,0.83,12.46,39.77,,,,119.0,,2022,9,2,Monsoon,124.0,115.9
Delhi,2022-09-15,48.39,137.5,,38.14,,,0.82,13.83,42.55,,,,121.8,,2022,9,3,Monsoon,119.0,121.0
Delhi,2022-09-16,47.36,138.14,,41.07,,,0.9,13.79,39.12,,,,138.6,,2022,9,4,Monsoon,121.8,121.6
Delhi,2022-09-17,44.92,107.25,,41.46,,,0.86,13.01,36.58,,,,136.7,,2022,9,5,Monsoon,138.6,126.5
Delhi,2022-09-18,49.03,122.18,,39.31,,,1.02,13.0,36.63,,,,114.4,,2022,9,6,Monsoon,136.7,132.4
Delhi,2022-09-19,56.18,134.86,,38.75,,,0.96,13.61,39.49,,,,116.1,,2022,9,0,Monsoon,114.4,129.9
Delhi,2022-09-20,52.52,154.03,,33.13,,,1.06,16.42,30.92,,,,123.3,,2022,9,1,Monsoon,116.1,122.4
Delhi,2022-09-21,52.55,153.9,,30.94,,,1.01,15.28,31.38,,,,122.4,,2022,9,2,Monsoon,123.3,117.9
Delhi,2022-09-22,58.76,120.85,,34.58,,,0.97,15.51,36.25,,,,126.2,,2022,9,3,Monsoon,122.4,120.6
Delhi,2022-09-23,53.55,116.65,,33.59,,,1.11,16.13,31.03,,,,125.8,,2022,9,4,Monsoon,126.2,124.0
Delhi,2022-09-24,57.29,144.14,,34.96,,,1.15,14.62,38.53,,,,145.3,,2022,9,5,Monsoon,125.8,124.8
Delhi,2022-09-25,60.51,139.91,,30.47,,,0.9,12.96,38.11,,,,145.0,,2022,9,6,Monsoon,145.3,132.5
Delhi,2022-09-26,58.68,154.67,,33.79,,,0.93,12.47,43.07,,,,143.8,,2022,9,0,Monsoon,145.0,138.7
Delhi,2022-09-27,58.37,135.99,,33.29,,,1.08,15.55,35.0,,,,116.3,,2022,9,1,Monsoon,143.8,144.7
Delhi,2022-09-28,57.75,150.1,,32.67,,,1.04,15.97,37.36,,,,129.9,,2022,9,2,Monsoon,116.3,135.0
Delhi,2022-09-29,53.88,140.63,,36.37,,,1.22,14.9,43.87,,,,133.6,,2022,9,3,Monsoon,129.9,130.0
Delhi,2022-09-30,54.11,152.82,,35.35,,,1.03,14.61,50.1,,,,137.5,,2022,9,4,Monsoon,133.6,126.6
Delhi,2022-10-01,114.83,245.69,,46.45,,,1.01,15.18,59.47,,,,172.6,,2022,10,5,Post-Monsoon,137.5,133.6
Delhi,2022-10-02,129.32,289.81,,44.63,,,1.12,13.57,64.91,,,,212.3,,2022,10,6,Post-Monsoon,172.6,147.9
Delhi,2022-10-03,117.89,302.25,,42.97,,,1.25,13.18,59.37,,,,243.3,,2022,10,0,Post-Monsoon,212.3,174.1
Delhi,2022-10-04,130.9,335.07,,47.32,,,1.56,14.36,59.41,,,,278.6,,2022,10,1,Post-Monsoon,243.3,209.4
Delhi,2022-10-05,143.75,255.43,,58.25,,,1.71,17.18,45.14,,,,253.8,,2022,10,2,Post-Monsoon,278.6,244.8
Delhi,2022-10-06,132.58,240.72,,68.57,,,1.65,17.18,55.2,,,,243.5,,2022,10,3,Post-Monsoon,253.8,258.6
Delhi,2022-10-07,77.83,235.94,,57.33,,,1.57,18.0,57.53,,,,214.4,,2022,10,4,Post-Monsoon,243.5,258.6
Delhi,2022-10-08,90.6,268.4,,64.42,,,1.3,18.68,67.09,,,,231.1,,2022,10,5,Post-Monsoon,214.4,237.2
Delhi,2022-10-09,102.24,212.5,,66.43,,,1.4,16.51,63.95,,,,227.4,,2022,10,6,Post-Monsoon,231.1,229.7
Delhi,2022-10-10,113.61,233.08,,72.96,,,1.59,15.45,61.54,,,,212.4,,2022,10,0,Post-Monsoon,227.4,224.3
Delhi,2022-10-11,123.18,263.78,,75.92,,,1.53,19.02,53.78,,,,219.8,,2022,10,1,Post-Monsoon,212.4,223.6
Delhi,2022-10-12,108.96,261.45,,68.2,,,1.17,19.84,50.72,,,,220.2,,2022,10,2,Post-Monsoon,219.8,219.9
Delhi,2022-10-13,140.67,237.95,,66.41,,,1.48,18.67,59.18,,,,218.8,,2022,10,3,Post-Monsoon,220.2,217.5
Delhi,2022-10-14,131.16,204.57,,65.37,,,1.24,19.23,50.31,,,,212.0,,2022,10,4,Post-Monsoon,218.8,219.6
Delhi,2022-10-15,136.49,196.37,,58.36,,,1.54,14.38,42.3,,,,213.4,,2022,10,5,Post-Monsoon,212.0,217.0
Delhi,2022-10-16,133.49,246.96,,52.56,,,1.21,15.02,32.09,,,,221.7,,2022,10,6,Post-Monsoon,213.4,214.7
Delhi,2022-10-17,105.22,250.25,,60.71,,,1.22,17.28,29.91,,,,227.2,,2022,10,0,Post-Monsoon,221.7,215.7
Delhi,2022-10-18,140.92,241.74,,55.69,,,1.43,16.22,50.62,,,,213.4,,2022,10,1,Post-Monsoon,227.2,220.8
Delhi,2022-10-19,115.01,309.83,,55.98,,,1.36,17.08,58.27,,,,247.3,,2022,10,2,Post-Monsoon,213.4,220.8
Delhi,2022-10-20,129.26,339.4,,55.33,,,1.47,16.61,63.06,,,,272.4,,2022,10,3,Post-Monsoon,247.3,229.3
Delhi,2022-10-21,111.13,323.59,,54.63,,,1.5,15.67,54.97,,,,270.8,,2022,10,4,Post-Monsoon,272.4,244.4
Delhi,2022-10-22,72.38,340.87,,57.8,,,1.36,15.5,32.96,,,,279.4,,2022,10,5,Post-Monsoon,270.8,263.5
Delhi,2022-10-23,104.8,332.37,,60.36,,,1.6,15.94,38.65,,,,296.0,,2022,10,6,Post-Monsoon,279.4,274.2
Delhi,2022-10-24,110.79,289.75,,54.31,,,1.7,14.27,40.82,,,,273.6,,2022,10,0,Post-Monsoon,296.0,282.1
Delhi,2022-10-25,133.67,291.7,,61.57,,,1.52,16.33,48.66,,,,270.2,,2022,10,1,Post-Monsoon,273.6,283.0
Delhi,2022-10-26,120.31,257.84,,56.94,,,1.46,20.71,62.83,,,,251.2,,2022,10,2,Post-Monsoon,270.2,279.9
Delhi,2022-10-27,142.89,285.05,,63.23,,,1.72,20.27,65.34,,,,267.0,,2022,10,3,Post-Monsoon,251.2,265.0
Delhi,2022-10-28,114.19,289.14,,63.51,,,1.76,17.34,52.3,,,,259.1,,2022,10,4,Post-Monsoon,267.0,262.8
Delhi,2022-10-29,85.03,313.86,,59.09,,,1.78,21.14,57.32,,,,263.7,,2022,10,5,Post-Monsoon,259.1,259.1
Delhi,2022-10-30,82.55,304.53,,57.14,,,1.4,16.62,49.54,,,,282.4,,2022,10,6,Post-Monsoon,263.7,263.3
Delhi,2022-10-31,141.25,298.29,,58.78,,,1.3,16.16,64.52,,,,291.8,,2022,10,0,Post-Monsoon,282.4,268.4
Delhi,2022-11-01,149.45,320.04,,60.67,,,1.69,16.69,52.04,,,,294.1,,2022,11,1,Post-Monsoon,291.8,279.3
Delhi,2022-11-02,201.52,332.26,,70.69,,,1.95,17.96,42.24,,,,294.6,,2022,11,2,Post-Monsoon,294.1,289.4
Delhi,2022-11-03,212.3,258.19,,64.24,,,2.08,17.21,42.39,,,,297.6,,2022,11,3,Post-Monsoon,294.6,293.5
Delhi,2022-11-04,244.94,244.21,,53.61,,,1.77,17.47,36.87,,,,330.1,,2022,11,4,Post-Monsoon,297.6,295.4
Delhi,2022-11-05,261.18,302.84,,65.48,,,1.42,19.71,46.52,,,,350.5,,2022,11,5,Post-Monsoon,330.1,307.4
Delhi,2022-11-06,224.94,333.55,,54.61,,,1.63,16.26,53.1,,,,346.4,,2022,11,6,Post-Monsoon,350.5,326.1
Delhi,2022-11-07,204.23,369.76,,65.35,,,1.52,17.58,51.71,,,,347.6,,2022,11,0,Post-Monsoon,346.4,342.3
Delhi,2022-11-08,254.39,358.6,,66.25,,,1.69,18.03,49.56,,,,338.1,,2022,11,1,Post-Monsoon,347.6,348.2
Delhi,2022-11-09,283.12,420.11,,64.46,,,1.73,16.84,51.31,,,,380.7,,2022,11,2,Post-Monsoon,338.1,344.0
Delhi,2022-11-10,268.99,376.21,,58.68,,,1.88,19.24,62.44,,,,382.1,,2022,11,3,Post-Monsoon,380.7,355.5
Delhi,2022-11-11,311.22,316.86,,68.19,,,1.75,16.25,73.68,,,,422.6,,2022,11,4,Post-Monsoon,382.1,366.9
Delhi,2022-11-12,263.26,307.67,,68.36,,,1.94,17.72,63.19,,,,398.6,,2022,11,5,Post-Monsoon,422.6,395.1
Delhi,2022-11-13,252.36,303.69,,59.29,,,1.83,18.33,62.48,,,,383.4,,2022,11,6,Post-Monsoon,398.6,401.1
Delhi,2022-11-14,261.45,283.54,,58.53,,,2.13,18.39,67.49,,,,395.6,,2022,11,0,Post-Monsoon,383.4,401.6
Delhi,2022-11-15,294.17,429.93,,63.72,,,2.2,21.15,72.44,,,,428.0,,2022,11,1,Post-Monsoon,395.6,392.5
Delhi,2022-11-16,262.51,392.13,,68.92,,,2.14,20.32,80.2,,,,410.5,,2022,11,2,Post-Monsoon,428.0,402.3
Delhi,2022-11-17,245.24,389.38,,68.71,,,1.95,16.94,78.23,,,,404.9,,2022,11,3,Post-Monsoon,410.5,411.4
Delhi,2022-11-18,209.51,344.35,,70.26,,,1.86,14.48,57.55,,,,379.6,,2022,11,4,Post-Monsoon,404.9,414.5
Delhi,2022-11-19,190.72,395.94,,76.34,,,1.64,14.67,54.81,,,,369.5,,2022,11,5,Post-Monsoon,379.6,398.4
Delhi,2022-11-20,210.66,350.72,,77.88,,,1.61,16.29,48.88,,,,346.6,,2022,11,6,Post-Monsoon,369.5,384.7
Delhi,2022-11-21,196.77,358.7,,76.59,,,1.99,17.89,51.31,,,,345.1,,2022,11,0,Post-Monsoon,346.6,365.2
Delhi,2022-11-22,217.9,354.27,,74.41,,,1.99,18.41,46.27,,,,326.1,,2022,11,1,Post-Monsoon,345.1,353.7
Delhi,2022-11-23,243.88,388.23,,78.65,,,2.08,19.09,56.39,,,,348.3,,2022,11,2,Post-Monsoon,326.1,339.3
Delhi,2022-11-24,217.13,345.63,,73.99,,,1.97,19.25,42.23,,,,353.0,,2022,11,3,Post-Monsoon,348.3,339.8
Delhi,2022-11-25,216.62,359.1,,81.65,,,1.85,15.54,44.95,,,,339.1,,2022,11,4,Post-Monsoon,353.0,342.5
Delhi,2022-11-26,212.52,398.86,,80.85,,,1.82,17.99,36.96,,,,330.4,,2022,11,5,Post-Monsoon,339.1,346.8
Delhi,2022-11-27,170.77,389.45,,76.14,,,1.73,17.67,59.08,,,,331.9,,2022,11,6,Post-Monsoon,330.4,340.8
Delhi,2022-11-28,221.13,382.05,,74.5,,,2.01,20.29,57.08,,,,343.1,,2022,11,0,Post-Monsoon,331.9,333.8
Delhi,2022-11-29,237.61,377.41,,75.17,,,1.92,18.93,53.06,,,,355.6,,2022,11,1,Post-Monsoon,343.1,335.1
Delhi,2022-11-30,235.09,332.09,,69.53,,,1.82,13.93,55.39,,,,353.3,,2022,11,2,Post-Monsoon,355.6,343.5
Delhi,2022-12-01,260.1,355.23,,71.71,,,1.75,12.99,49.53,,,,361.8,,2022,12,3,Winter,353.3,350.7
Delhi,2022-12-02,227.98,309.68,,63.29,,,1.91,15.82,45.6,,,,353.8,,2022,12,4,Winter,361.8,356.9
Delhi,2022-12-03,235.51,316.17,,65.82,,,1.49,14.81,47.28,,,,368.7,,2022,12,5,Winter,353.8,356.3
Delhi,2022-12-04,244.97,335.11,,65.34,,,2.57,17.23,31.23,,,,359.8,,2022,12,6,Winter,368.7,361.4
Delhi,2022-12-05,237.95,297.13,,61.22,,,2.34,16.42,35.12,,,,356.3,,2022,12,0,Winter,359.8,360.8
Delhi,2022-12-06,241.87,311.15,,61.32,,,3.42,15.01,35.16,,,,350.2,,2022,12,1,Winter,356.3,361.6
Delhi,2022-12-07,233.76,307.5,,60.63,,,2.82,16.29,54.5,,,,349.8,,2022,12,2,Winter,350.2,355.4
Delhi,2022-12-08,235.53,275.25,,58.35,,,1.83,15.29,54.8,,,,359.5,,2022,12,3,Winter,349.8,352.1
Delhi,2022-12-09,231.93,297.91,,58.12,,,4.1,17.64,53.17,,,,362.4,,2022,12,4,Winter,359.5,353.2
Delhi,2022-12-10,223.74,327.63,,53.18,,,3.89,16.48,57.76,,,,345.1,,2022,12,5,Winter,362.4,357.2
Delhi,2022-12-11,177.05,315.06,,61.8,,,2.23,14.24,53.9,,,,319.6,,2022,12,6,Winter,345.1,355.7
Delhi,2022-12-12,198.26,298.3,,62.03,,,1.21,17.07,61.28,,,,302.2,,2022,12,0,Winter,319.6,342.3
Delhi,2022-12-13,216.49,309.17,,57.71,,,2.23,16.6,56.47,,,,320.1,,2022,12,1,Winter,302.2,322.3
Delhi,2022-12-14,238.54,295.63,,54.3,,,1.49,15.19,60.53,,,,339.7,,2022,12,2,Winter,320.1,314.0
Delhi,2022-12-15,218.4,316.63,,66.57,,,2.13,18.66,38.81,,,,337.2,,2022,12,3,Winter,339.7,320.7
Delhi,2022-12-16,231.06,336.28,,70.85,,,1.11,18.8,36.17,,,,338.4,,2022,12,4,Winter,337.2,332.4
Delhi,2022-12-17,235.74,313.88,,70.27,,,3.09,18.32,38.59,,,,330.4,,2022,12,5,Winter,338.4,338.4
Delhi,2022-12-18,231.5,373.17,,71.29,,,1.81,16.52,34.26,,,,353.2,,2022,12,6,Winter,330.4,335.4
Delhi,2022-12-19,217.61,350.46,,69.1,,,3.6,16.48,32.38,,,,351.9,,2022,12,0,Winter,353.2,340.7
Delhi,2022-12-20,216.41,383.25,,77.16,,,2.95,17.01,38.16,,,,348.4,,2022,12,1,Winter,351.9,345.2
Delhi,2022-12-21,184.66,413.35,,75.12,,,0.84,15.65,26.42,,,,364.0,,2022,12,2,Winter,348.4,351.2
Delhi,2022-12-22,182.09,381.86,,75.11,,,1.98,15.65,34.47,,,,355.2,,2022,12,3,Winter,364.0,354.8
Delhi,2022-12-23,163.83,352.12,,75.73,,,3.37,15.42,54.27,,,,345.1,,2022,12,4,Winter,355.2,355.9
Delhi,2022-12-24,199.47,361.98,,68.05,,,4.97,15.98,47.24,,,,329.1,,2022,12,5,Winter,345.1,354.8
Delhi,2022-12-25,176.93,344.53,,60.51,,,4.28,18.36,52.34,,,,319.1,,2022,12,6,Winter,329.1,343.1
Delhi,2022-12-26,168.0,315.4,,58.02,,,4.2,18.59,54.61,,,,293.1,,2022,12,0,Winter,319.1,331.1
Delhi,2022-12-27,182.03,303.68,,63.52,,,2.51,18.92,58.44,,,,303.9,,2022,12,1,Winter,293.1,313.7
Delhi,2022-12-28,205.68,318.0,,63.19,,,1.81,18.19,56.3,,,,296.6,,2022,12,2,Winter,303.9,305.4
Delhi,2022-12-29,173.64,337.04,,64.82,,,0.85,17.23,55.15,,,,291.4,,2022,12,3,Winter,296.6,297.9
Delhi,2022-12-30,183.28,388.72,,69.3,,,0.24,15.51,53.51,,,,303.8,,2022,12,4,Winter,291.4,297.3
Delhi,2022-12-31,151.31,380.98,,68.53,,,1.25,16.38,49.71,,,,314.1,,2022,12,5,Winter,303.8,297.3
Delhi,2023-01-01,170.96,388.66,,60.44,,,0.85,13.84,40.6,,,,330.0,,2023,1,6,Winter,314.1,303.1
Delhi,2023-01-02,142.86,372.1,,62.41,,,0.8,11.35,44.51,,,,330.8,,2023,1,0,Winter,330.0,316.0
Delhi,2023-01-03,171.06,345.29,,66.76,,,0.77,12.13,36.86,,,,328.7,,2023,1,1,Winter,330.8,325.0
Delhi,2023-01-04,180.83,349.28,,66.37,,,0.61,9.88,32.27,,,,316.4,,2023,1,2,Winter,328.7,329.8
Delhi,2023-01-05,179.31,361.98,,69.0,,,1.26,11.22,32.1,,,,320.9,,2023,1,3,Winter,316.4,325.3
Delhi,2023-01-06,189.21,364.91,,68.74,,,1.76,8.83,50.6,,,,320.4,,2023,1,4,Winter,320.9,322.0
Delhi,2023-01-07,206.48,327.46,,63.9,,,1.21,8.74,55.37,,,,323.2,,2023,1,5,Winter,320.4,319.2
Delhi,2023-01-08,198.26,277.66,,60.11,,,3.23,12.58,49.18,,,,299.6,,2023,1,6,Winter,323.2,321.5
Delhi,2023-01-09,212.67,280.18,,63.68,,,2.43,13.9,49.89,,,,317.8,,2023,1,0,Winter,299.6,314.4
Delhi,2023-01-10,204.75,260.85,,53.52,,,2.3,13.06,57.14,,,,304.6,,2023,1,1,Winter,317.8,313.5
Delhi,2023-01-11,229.35,239.92,,66.23,,,2.69,16.56,39.87,,,,319.9,,2023,1,2,Winter,304.6,307.3
Delhi,2023-01-12,211.44,228.06,,64.44,,,2.22,14.7,41.5,,,,314.2,,2023,1,3,Winter,319.9,314.1
Delhi,2023-01-13,242.86,240.76,,64.01,,,2.81,15.07,48.21,,,,341.3,,2023,1,4,Winter,314.2,312.9
Delhi,2023-01-14,226.1,261.45,,60.26,,,2.04,14.42,46.81,,,,342.4,,2023,1,5,Winter,341.3,325.1
Delhi,2023-01-15,217.58,273.67,,56.38,,,1.85,14.13,49.23,,,,334.2,,2023,1,6,Winter,342.4,332.6
Delhi,2023-01-16,213.7,312.88,,53.11,,,2.3,15.43,67.41,,,,327.0,,2023,1,0,Winter,334.2,339.3
Delhi,2023-01-17,220.17,311.12,,47.64,,,3.3,14.46,57.37,,,,310.5,,2023,1,1,Winter,327.0,334.5
Delhi,2023-01-18,211.68,279.37,,51.57,,,3.86,17.19,68.39,,,,308.8,,2023,1,2,Winter,310.5,323.9
Delhi,2023-01-19,204.21,260.05,,50.11,,,2.48,14.94,74.03,,,,291.1,,2023,1,3,Winter,308.8,315.5
Delhi,2023-01-20,225.79,310.8,,54.99,,,1.36,13.18,60.64,,,,315.1,,2023,1,4,Winter,291.1,303.5
Delhi,2023-01-21,210.41,271.92,,59.76,,,1.68,16.15,56.4,,,,303.3,,2023,1,5,Winter,315.1,305.0
Delhi,2023-01-22,193.12,289.6,,58.95,,,1.85,14.53,48.69,,,,295.6,,2023,1,6,Winter,303.3,303.2
Delhi,2023-01-23,202.04,241.19,,57.91,,,1.79,15.28,44.78,,,,295.0,,2023,1,0,Winter,295.6,304.7
Delhi,2023-01-24,192.08,264.26,,58.23,,,2.78,11.8,43.93,,,,307.7,,2023,1,1,Winter,295.0,297.9
Delhi,2023-01-25,173.15,255.13,,56.81,,,1.24,13.61,38.57,,,,293.2,,2023,1,2,Winter,307.7,299.4
Delhi,2023-01-26,165.11,311.03,,54.64,,,2.39,12.66,56.8,,,,291.2,,2023,1,3,Winter,293.2,298.6
Delhi,2023-01-27,198.46,355.84,,50.93,,,1.35,15.03,58.11,,,,302.3,,2023,1,4,Winter,291.2,297.4
Delhi,2023-01-28,214.3,362.44,,54.27,,,2.29,15.1,54.34,,,,311.4,,2023,1,5,Winter,302.3,295.6
Delhi,2023-01-29,228.09,377.52,,52.94,,,2.54,15.06,36.97,,,,321.0,,2023,1,6,Winter,311.4,301.6
Delhi,2023-01-30,245.32,332.0,,64.79,,,3.06,16.96,46.43,,,,332.4,,2023,1,0,Winter,321.0,311.5
Delhi,2023-01-31,223.95,362.97,,59.04,,,1.9,18.02,36.91,,,,349.0,,2023,1,1,Winter,332.4,321.6
Delhi,2023-02-01,195.1,311.23,,63.49,,,3.14,19.28,36.99,,,,324.2,,2023,2,2,Winter,349.0,334.2
Delhi,2023-02-02,180.64,302.33,,58.56,,,3.32,18.36,50.38,,,,309.4,,2023,2,3,Winter,324.2,335.2
Delhi,2023-02-03,147.12,278.33,,53.59,,,4.07,18.41,50.57,,,,283.7,,2023,2,4,Winter,309.4,327.5
Delhi,2023-02-04,142.26,264.32,,50.02,,,1.6,15.13,57.7,,,,269.3,,2023,2,5,Winter,283.7,305.8
Delhi,2023-02-05,142.99,276.39,,45.12,,,2.35,12.17,55.33,,,,247.3,,2023,2,6,Winter,269.3,287.5
Delhi,2023-02-06,147.41,257.73,,45.37,,,0.19,12.93,48.81,,,,235.5,,2023,2,0,Winter,247.3,266.8
Delhi,2023-02-07,152.9,250.46,,51.58,,,0.33,9.88,52.81,,,,230.6,,2023,2,1,Winter,235.5,250.7
Delhi,2023-02-08,160.29,212.72,,56.0,,,0.52,10.96,58.54,,,,243.8,,2023,2,2,Winter,230.6,237.8
Delhi,2023-02-09,167.61,265.24,,61.12,,,1.49,11.41,52.55,,,,263.1,,2023,2,3,Winter,243.8,236.6
Delhi,2023-02-10,173.3,254.73,,62.82,,,2.23,11.0,44.51,,,,248.3,,2023,2,4,Winter,263.1,245.8
Delhi,2023-02-11,168.77,263.0,,60.61,,,1.16,11.97,36.31,,,,242.5,,2023,2,5,Winter,248.3,251.7
Delhi,2023-02-12,152.32,271.74,,61.69,,,1.02,10.26,34.15,,,,223.1,,2023,2,6,Winter,242.5,251.3
Delhi,2023-02-13,156.21,257.8,,59.04,,,1.77,14.39,36.19,,,,232.1,,2023,2,0,Winter,223.1,238.0
Delhi,2023-02-14,165.28,259.62,,60.68,,,2.09,14.68,41.43,,,,232.4,,2023,2,1,Winter,232.1,232.6
Delhi,2023-02-15,149.58,282.48,,67.26,,,1.1,17.66,33.82,,,,231.6,,2023,2,2,Winter,232.4,229.2
Delhi,2023-02-16,148.7,213.4,,60.67,,,2.68,19.3,35.41,,,,224.7,,2023,2,3,Winter,231.6,232.1
Delhi,2023-02-17,153.88,243.57,,56.62,,,2.21,17.73,30.54,,,,225.4,,2023,2,4,Winter,224.7,229.6
Delhi,2023-02-18,141.81,212.26,,57.37,,,3.05,17.41,30.06,,,,204.5,,2023,2,5,Winter,225.4,227.3
Delhi,2023-02-19,144.09,203.87,,51.43,,,2.65,14.42,46.59,,,,205.1,,2023,2,6,Winter,204.5,218.2
Delhi,2023-02-20,128.89,231.69,,53.57,,,3.38,11.54,62.67,,,,185.7,,2023,2,0,Winter,205.1,211.7
Delhi,2023-02-21,117.08,179.59,,53.92,,,3.32,14.65,67.83,,,,188.3,,2023,2,1,Winter,185.7,198.4
Delhi,2023-02-22,148.38,226.1,,52.78,,,2.34,15.19,59.52,,,,202.5,,2023,2,2,Winter,188.3,193.0
Delhi,2023-02-23,145.01,259.98,,52.34,,,1.7,13.94,60.49,,,,203.9,,2023,2,3,Winter,202.5,192.1
Delhi,2023-02-24,141.28,281.71,,54.66,,,2.09,14.5,49.01,,,,216.9,,2023,2,4,Winter,203.9,198.2
Delhi,2023-02-25,134.96,267.76,,57.36,,,3.6,14.69,59.11,,,,232.9,,2023,2,5,Winter,216.9,207.7
Delhi,2023-02-26,149.69,233.4,,50.34,,,1.98,15.5,52.06,,,,235.7,,2023,2,6,Winter,232.9,217.9
Delhi,2023-02-27,165.74,232.71,,49.42,,,1.27,16.15,49.68,,,,240.8,,2023,2,0,Winter,235.7,228.5
Delhi,2023-02-28,157.05,239.14,,48.05,,,1.12,14.89,37.74,,,,241.4,,2023,2,1,Winter,240.8,236.5
Delhi,2023-03-01,139.83,234.04,,45.41,,,2.24,14.15,43.76,,,,230.9,,2023,3,2,Summer,241.4,239.3
Delhi,2023-03-02,135.37,215.55,,43.71,,,1.02,14.36,47.8,,,,218.9,,2023,3,3,Summer,230.9,237.7
Delhi,2023-03-03,122.68,238.0,,42.0,,,1.95,11.25,47.59,,,,211.2,,2023,3,4,Summer,218.9,230.4
Delhi,2023-03-04,111.09,228.0,,37.09,,,3.33,12.18,41.1,,,,209.3,,2023,3,5,Summer,211.2,220.3
Delhi,2023-03-05,79.6,179.65,,38.99,,,1.83,15.34,41.46,,,,187.3,,2023,3,6,Summer,209.3,213.1
Delhi,2023-03-06,89.95,158.2,,42.71,,,2.26,14.71,42.9,,,,167.3,,2023,3,0,Summer,187.3,202.6
Delhi,2023-03-07,92.9,167.54,,42.53,,,2.42,14.8,44.72,,,,152.8,,2023,3,1,Summer,167.3,188.0
Delhi,2023-03-08,88.27,153.33,,42.85,,,3.11,14.46,48.49,,,,139.5,,2023,3,2,Summer,152.8,169.1
Delhi,2023-03-09,88.01,175.35,,42.43,,,1.98,14.01,51.98,,,,154.0,,2023,3,3,Summer,139.5,153.2
Delhi,2023-03-10,86.21,192.03,,29.29,,,2.04,17.17,50.16,,,,159.0,,2023,3,4,Summer,154.0,148.8
Delhi,2023-03-11,95.3,164.03,,39.99,,,2.66,17.19,45.03,,,,144.0,,2023,3,5,Summer,159.0,150.8
Delhi,2023-03-12,97.52,171.16,,46.43,,,2.19,16.22,51.55,,,,163.3,,2023,3,6,Summer,144.0,152.3
Delhi,2023-03-13,94.11,161.27,,49.3,,,2.81,15.95,47.58,,,,168.5,,2023,3,0,Summer,163.3,155.4
Delhi,2023-03-14,86.28,177.6,,45.18,,,2.36,15.73,50.73,,,,172.4,,2023,3,1,Summer,168.5,158.6
Delhi,2023-03-15,91.15,177.35,,45.4,,,3.2,17.56,33.08,,,,165.1,,2023,3,2,Summer,172.4,168.1
Delhi,2023-03-16,88.12,191.53,,44.59,,,2.06,18.45,38.55,,,,175.2,,2023,3,3,Summer,165.1,168.7
Delhi,2023-03-17,76.24,234.8,,49.86,,,1.52,17.83,39.61,,,,190.3,,2023,3,4,Summer,175.2,170.9
Delhi,2023-03-18,81.25,239.11,,44.37,,,0.71,17.9,37.69,,,,203.3,,2023,3,5,Summer,190.3,176.9
Delhi,2023-03-19,86.49,200.31,,40.96,,,2.26,19.45,40.01,,,,176.2,,2023,3,6,Summer,203.3,189.6
Delhi,2023-03-20,106.78,193.74,,40.57,,,2.67,17.6,43.78,,,,183.1,,2023,3,0,Summer,176.2,189.9
Delhi,2023-03-21,92.71,184.07,,51.12,,,2.47,17.65,38.61,,,,180.2,,2023,3,1,Summer,183.1,187.5
Delhi,2023-03-22,99.09,199.69,,47.42,,,3.9,17.91,46.8,,,,173.7,,2023,3,2,Summer,180.2,179.8
Delhi,2023-03-23,74.88,199.18,,49.89,,,3.41,15.65,44.47,,,,176.8,,2023,3,3,Summer,173.7,179.0
Delhi,2023-03-24,75.0,217.19,,48.49,,,3.88,14.53,37.2,,,,194.5,,2023,3,4,Summer,176.8,176.9
Delhi,2023-03-25,84.81,225.62,,44.95,,,3.4,13.98,38.01,,,,192.7,,2023,3,5,Summer,194.5,181.7
Delhi,2023-03-26,78.93,198.68,,37.98,,,2.98,15.59,37.25,,,,178.3,,2023,3,6,Summer,192.7,188.0
Delhi,2023-03-27,72.76,228.78,,37.18,,,2.96,16.99,23.83,,,,203.7,,2023,3,0,Summer,178.3,188.5
Delhi,2023-03-28,83.37,198.44,,39.42,,,4.35,14.95,25.84,,,,189.5,,2023,3,1,Summer,203.7,191.5
Delhi,2023-03-29,79.06,194.38,,47.33,,,3.37,18.55,34.53,,,,184.3,,2023,3,2,Summer,189.5,190.5
Delhi,2023-03-30,74.26,234.96,,52.43,,,4.41,18.21,44.96,,,,195.8,,2023,3,3,Summer,184.3,192.5
Delhi,2023-03-31,81.5,244.54,,45.1,,,3.56,20.47,53.54,,,,205.5,,2023,3,4,Summer,195.8,189.9
Delhi,2023-04-01,85.34,230.02,,42.25,,,3.84,19.64,42.17,,,,196.2,,2023,4,5,Summer,205.5,195.2
Delhi,2023-04-02,78.13,195.89,,51.84,,,3.55,22.94,41.93,,,,198.9,,2023,4,6,Summer,196.2,199.2
Delhi,2023-04-03,68.12,256.14,,47.16,,,2.79,21.88,41.42,,,,227.0,,2023,4,0,Summer,198.9,200.2
Delhi,2023-04-04,83.3,273.38,,41.1,,,2.88,22.3,46.82,,,,225.3,,2023,4,1,Summer,227.0,207.4
Delhi,2023-04-05,95.79,258.71,,38.66,,,2.99,17.46,59.62,,,,220.2,,2023,4,2,Summer,225.3,217.1
Delhi,2023-04-06,95.64,272.57,,35.32,,,2.17,17.77,61.7,,,,240.8,,2023,4,3,Summer,220.2,224.2
Delhi,2023-04-07,95.44,235.39,,37.78,,,1.57,17.59,58.41,,,,233.8,,2023,4,4,Summer,240.8,228.8
Delhi,2023-04-08,95.79,224.7,,40.79,,,0.92,18.24,55.89,,,,216.5,,2023,4,5,Summer,233.8,231.6
Delhi,2023-04-09,79.25,226.71,,39.0,,,1.8,19.44,49.52,,,,212.3,,2023,4,6,Summer,216.5,230.4
Delhi,2023-04-10,66.82,261.75,,35.04,,,2.73,18.97,49.92,,,,212.0,,2023,4,0,Summer,212.3,220.9
Delhi,2023-04-11,81.77,264.61,,36.53,,,2.26,18.64,50.31,,,,207.3,,2023,4,1,Summer,212.0,213.6
Delhi,2023-04-12,83.32,292.33,,36.02,,,1.5,18.27,54.05,,,,239.3,,2023,4,2,Summer,207.3,210.5
Delhi,2023-04-13,96.75,238.63,,43.51,,,2.03,23.1,55.91,,,,225.7,,2023,4,3,Summer,239.3,219.5
Delhi,2023-04-14,96.72,262.49,,47.42,,,1.79,19.5,60.24,,,,232.5,,2023,4,4,Summer,225.7,224.1
Delhi,2023-04-15,93.24,229.4,,53.4,,,2.62,23.87,62.55,,,,219.2,,2023,4,5,Summer,232.5,232.5
Delhi,2023-04-16,85.32,217.3,,50.84,,,3.1,26.13,60.2,,,,198.3,,2023,4,6,Summer,219.2,225.8
Delhi,2023-04-17,71.88,225.07,,55.28,,,3.93,24.41,53.25,,,,190.3,,2023,4,0,Summer,198.3,216.7
Delhi,2023-04-18,72.49,207.82,,56.18,,,2.36,22.43,57.16,,,,174.9,,2023,4,1,Summer,190.3,202.6
Delhi,2023-04-19,69.17,174.83,,54.97,,,3.45,22.67,59.79,,,,179.4,,2023,4,2,Summer,174.9,187.9
Delhi,2023-04-20,79.42,168.67,,53.75,,,3.42,23.85,55.59,,,,172.3,,2023,4,3,Summer,179.4,181.6
Delhi,2023-04-21,74.94,163.09,,45.99,,,2.26,23.19,53.06,,,,169.3,,2023,4,4,Summer,172.3,175.6
Delhi,2023-04-22,68.6,165.97,,46.21,,,1.85,22.71,55.09,,,,166.1,,2023,4,5,Summer,169.3,173.7
Delhi,2023-04-23,84.27,177.83,,43.08,,,2.08,20.06,51.44,,,,159.1,,2023,4,6,Summer,166.1,169.2
Delhi,2023-04-24,82.51,177.56,,46.42,,,2.29,17.11,55.06,,,,154.7,,2023,4,0,Summer,159.1,164.8
Delhi,2023-04-25,102.99,193.97,,38.72,,,2.27,18.04,56.44,,,,160.6,,2023,4,1,Summer,154.7,160.0
Delhi,2023-04-26,89.54,178.31,,38.81,,,1.54,17.95,52.3,,,,165.8,,2023,4,2,Summer,160.6,158.1
Delhi,2023-04-27,105.07,211.91,,49.84,,,2.25,21.74,51.3,,,,176.9,,2023,4,3,Summer,165.8,160.4
Delhi,2023-04-28,96.28,210.7,,50.08,,,2.47,23.55,51.39,,,,182.4,,2023,4,4,Summer,176.9,167.8
Delhi,2023-04-29,95.82,224.63,,39.96,,,2.97,19.61,50.39,,,,186.9,,2023,4,5,Summer,182.4,175.1
Delhi,2023-04-30,89.16,211.66,,45.01,,,2.63,16.98,51.04,,,,191.5,,2023,4,6,Summer,186.9,182.1
Delhi,2023-05-01,92.47,233.8,,44.73,,,4.15,15.56,53.67,,,,197.6,,2023,5,0,Summer,191.5,187.0
Delhi,2023-05-02,99.19,273.4,,44.67,,,2.68,14.48,64.64,,,,208.7,,2023,5,1,Summer,197.6,192.0
Delhi,2023-05-03,96.47,239.09,,40.4,,,1.93,15.8,60.6,,,,227.3,,2023,5,2,Summer,208.7,199.3
Delhi,2023-05-04,99.25,261.33,,48.27,,,1.77,17.22,62.57,,,,231.8,,2023,5,3,Summer,227.3,211.2
Delhi,2023-05-05,91.07,257.08,,46.22,,,1.74,17.93,56.42,,,,212.8,,2023,5,4,Summer,231.8,222.6
Delhi,2023-05-06,79.45,286.65,,45.29,,,0.47,20.54,51.94,,,,220.1,,2023,5,5,Summer,212.8,224.0
Delhi,2023-05-07,79.3,320.29,,48.29,,,0.88,24.88,60.65,,,,263.9,,2023,5,6,Summer,220.1,221.6
Delhi,2023-05-08,82.72,279.79,,43.37,,,1.44,22.52,71.33,,,,248.7,,2023,5,0,Summer,263.9,232.3
Delhi,2023-05-09,86.64,223.71,,44.34,,,2.08,22.77,71.21,,,,232.9,,2023,5,1,Summer,248.7,244.2
Delhi,2023-05-10,94.42,230.66,,42.06,,,1.8,16.71,67.59,,,,232.8,,2023,5,2,Summer,232.9,248.5
Delhi,2023-05-11,92.64,229.53,,47.3,,,2.52,17.32,75.59,,,,239.9,,2023,5,3,Summer,232.8,238.2
Delhi,2023-05-12,93.46,241.24,,56.29,,,2.9,18.06,65.54,,,,228.3,,2023,5,4,Summer,239.9,235.2
Delhi,2023-05-13,102.06,217.5,,52.68,,,3.96,13.87,68.99,,,,216.8,,2023,5,5,Summer,228.3,233.7
Delhi,2023-05-14,101.13,228.06,,57.42,,,3.8,14.18,70.32,,,,221.9,,2023,5,6,Summer,216.8,228.3
Delhi,2023-05-15,75.3,218.44,,50.7,,,1.94,16.88,57.66,,,,229.1,,2023,5,0,Summer,221.9,222.3
Delhi,2023-05-16,87.43,228.99,,52.81,,,2.74,18.63,56.35,,,,221.4,,2023,5,1,Summer,229.1,222.6
Delhi,2023-05-17,91.39,208.6,,58.45,,,3.26,18.06,59.15,,,,221.0,,2023,5,2,Summer,221.4,224.1
Delhi,2023-05-18,81.21,194.46,,51.9,,,3.95,19.36,68.21,,,,184.1,,2023,5,3,Summer,221.0,223.8
Delhi,2023-05-19,87.57,135.61,,55.61,,,3.35,23.03,66.71,,,,163.6,,2023,5,4,Summer,184.1,208.8
Delhi,2023-05-20,78.73,175.67,,51.76,,,2.85,24.3,59.35,,,,149.1,,2023,5,5,Summer,163.6,189.6
Delhi,2023-05-21,62.13,222.26,,48.2,,,3.78,23.42,56.03,,,,164.5,,2023,5,6,Summer,149.1,165.6
Delhi,2023-05-22,71.33,229.34,,58.32,,,3.68,26.96,65.48,,,,179.8,,2023,5,0,Summer,164.5,159.1
Delhi,2023-05-23,81.64,226.22,,50.01,,,3.55,28.22,64.61,,,,189.3,,2023,5,1,Summer,179.8,164.5
Delhi,2023-05-24,70.2,208.42,,52.23,,,2.97,24.06,63.45,,,,183.2,,2023,5,2,Summer,189.3,177.9
Delhi,2023-05-25,68.18,182.03,,51.41,,,1.65,24.65,63.09,,,,177.7,,2023,5,3,Summer,183.2,184.1
Delhi,2023-05-26,66.64,235.69,,49.76,,,1.78,22.97,54.3,,,,199.5,,2023,5,4,Summer,177.7,183.4
Delhi,2023-05-27,63.41,225.13,,51.84,,,1.18,25.78,53.32,,,,211.8,,2023,5,5,Summer,199.5,186.8
Delhi,2023-05-28,75.57,239.45,,45.47,,,1.4,22.32,50.66,,,,199.9,,2023,5,6,Summer,211.8,196.3
Delhi,2023-05-29,76.26,271.43,,47.98,,,1.84,25.7,51.15,,,,227.9,,2023,5,0,Summer,199.9,203.7
Delhi,2023-05-30,83.98,283.06,,44.34,,,2.71,26.92,56.63,,,,232.2,,2023,5,1,Summer,227.9,213.2
Delhi,2023-05-31,86.4,282.44,,48.07,,,3.25,26.46,55.6,,,,231.7,,2023,5,2,Summer,232.2,220.0
Delhi,2023-06-01,80.34,242.88,,51.47,,,2.94,20.17,61.5,,,,226.5,,2023,6,3,Monsoon,231.7,230.6
Delhi,2023-06-02,77.2,204.95,,46.11,,,2.9,17.0,58.49,,,,199.1,,2023,6,4,Monsoon,226.5,230.1
Delhi,2023-06-03,74.78,219.31,,44.31,,,2.59,17.19,50.33,,,,194.0,,2023,6,5,Monsoon,199.1,219.1
Delhi,2023-06-04,72.97,159.06,,45.21,,,2.48,12.83,54.43,,,,177.7,,2023,6,6,Monsoon,194.0,206.5
Delhi,2023-06-05,66.42,176.64,,42.2,,,1.95,11.36,57.59,,,,170.6,,2023,6,0,Monsoon,177.7,190.3
Delhi,2023-06-06,79.44,204.7,,46.94,,,1.62,9.61,51.18,,,,174.6,,2023,6,1,Monsoon,170.6,180.8
Delhi,2023-06-07,70.49,191.02,,52.31,,,1.88,11.36,44.44,,,,174.0,,2023,6,2,Monsoon,174.6,174.3
Delhi,2023-06-08,78.15,234.71,,40.91,,,2.06,11.36,46.82,,,,181.6,,2023,6,3,Monsoon,174.0,173.0
Delhi,2023-06-09,62.7,194.58,,32.7,,,2.13,11.92,43.24,,,,181.1,,2023,6,4,Monsoon,181.6,176.7
Delhi,2023-06-10,70.14,189.43,,26.55,,,1.79,12.39,44.7,,,,172.5,,2023,6,5,Monsoon,181.1,178.9
Delhi,2023-06-11,68.82,200.38,,45.39,,,2.14,12.31,48.13,,,,174.8,,2023,6,6,Monsoon,172.5,178.4
Delhi,2023-06-12,70.42,164.64,,46.99,,,1.53,9.69,50.67,,,,173.7,,2023,6,0,Monsoon,174.8,176.1
Delhi,2023-06-13,81.88,168.92,,47.18,,,0.97,12.13,53.74,,,,158.4,,2023,6,1,Monsoon,173.7,173.7
Delhi,2023-06-14,76.31,165.49,,48.9,,,1.42,13.11,55.47,,,,156.0,,2023,6,2,Monsoon,158.4,169.0
Delhi,2023-06-15,89.14,133.51,,57.21,,,1.59,12.57,53.35,,,,141.5,,2023,6,3,Monsoon,156.0,162.7
Delhi,2023-06-16,86.36,184.38,,55.63,,,2.81,11.88,59.29,,,,158.7,,2023,6,4,Monsoon,141.5,152.0
Delhi,2023-06-17,75.79,165.42,,49.05,,,1.89,13.33,50.76,,,,159.1,,2023,6,5,Monsoon,158.7,152.1
Delhi,2023-06-18,74.38,149.04,,40.14,,,1.78,14.76,43.8,,,,138.8,,2023,6,6,Monsoon,159.1,153.1
Delhi,2023-06-19,69.9,185.84,,45.23,,,1.07,15.63,48.4,,,,161.6,,2023,6,0,Monsoon,138.8,152.2
Delhi,2023-06-20,80.74,199.32,,58.55,,,1.54,15.46,50.54,,,,162.4,,2023,6,1,Monsoon,161.6,153.1
Delhi,2023-06-21,69.86,203.13,,52.59,,,1.09,12.05,50.18,,,,176.4,,2023,6,2,Monsoon,162.4,154.3
Delhi,2023-06-22,69.76,198.52,,44.3,,,1.65,12.32,52.22,,,,165.3,,2023,6,3,Monsoon,176.4,166.8
Delhi,2023-06-23,59.66,213.98,,43.26,,,1.31,12.37,55.22,,,,173.8,,2023,6,4,Monsoon,165.3,168.0
Delhi,2023-06-24,59.79,178.35,,47.87,,,1.49,11.83,47.51,,,,182.3,,2023,6,5,Monsoon,173.8,171.8
Delhi,2023-06-25,71.76,125.63,,41.02,,,0.91,12.46,47.6,,,,158.0,,2023,6,6,Monsoon,182.3,173.8
Delhi,2023-06-26,69.63,165.21,,38.46,,,1.41,9.44,54.49,,,,174.3,,2023,6,0,Monsoon,158.0,171.4
Delhi,2023-06-27,51.82,196.85,,29.51,,,1.56,13.03,49.71,,,,181.7,,2023,6,1,Monsoon,174.3,171.6
Delhi,2023-06-28,53.67,204.84,,36.1,,,2.13,15.36,48.3,,,,191.2,,2023,6,2,Monsoon,181.7,171.4
Delhi,2023-06-29,62.25,162.21,,35.24,,,1.98,17.69,55.06,,,,171.4,,2023,6,3,Monsoon,191.2,182.4
Delhi,2023-06-30,60.56,174.7,,37.13,,,1.38,13.88,58.05,,,,162.7,,2023,6,4,Monsoon,171.4,181.5
Delhi,2023-07-01,54.41,164.26,,36.57,,,0.98,14.69,52.71,,,,162.8,,2023,7,5,Monsoon,162.7,175.1
Delhi,2023-07-02,54.89,124.39,,35.97,,,0.96,16.06,48.98,,,,148.7,,2023,7,6,Monsoon,162.8,165.6
Delhi,2023-07-03,47.1,167.66,,37.53,,,0.61,15.53,48.65,,,,153.6,,2023,7,0,Monsoon,148.7,158.1
Delhi,2023-07-04,54.43,152.72,,32.58,,,0.65,13.43,42.64,,,,157.5,,2023,7,1,Monsoon,153.6,155.0
Delhi,2023-07-05,57.8,145.32,,31.75,,,0.95,10.41,47.13,,,,141.7,,2023,7,2,Monsoon,157.5,153.3
Delhi,2023-07-06,53.24,153.17,,39.7,,,1.03,11.39,45.58,,,,128.8,,2023,7,3,Monsoon,141.7,150.9
Delhi,2023-07-07,44.06,133.32,,42.01,,,0.92,11.25,42.37,,,,124.2,,2023,7,4,Monsoon,128.8,142.6
Delhi,2023-07-08,51.52,129.61,,35.33,,,1.34,11.34,39.27,,,,111.7,,2023,7,5,Monsoon,124.2,131.5
Delhi,2023-07-09,46.06,132.82,,36.9,,,0.97,12.84,35.9,,,,112.3,,2023,7,6,Monsoon,111.7,121.5
Delhi,2023-07-10,49.36,111.02,,33.69,,,1.22,11.81,39.34,,,,114.5,,2023,7,0,Monsoon,112.3,116.0
Delhi,2023-07-11,54.56,116.02,,29.28,,,0.74,10.28,38.58,,,,107.4,,2023,7,1,Monsoon,114.5,112.8
Delhi,2023-07-12,55.36,125.74,,29.21,,,0.61,10.85,42.59,,,,103.4,,2023,7,2,Monsoon,107.4,111.4
Delhi,2023-07-13,46.87,148.14,,33.44,,,0.96,8.86,39.84,,,,112.4,,2023,7,3,Monsoon,103.4,108.5
Delhi,2023-07-14,47.56,158.06,,35.67,,,0.9,10.02,41.55,,,,123.4,,2023,7,4,Monsoon,112.4,107.8
Delhi,2023-07-15,54.27,160.5,,30.65,,,0.93,9.8,44.2,,,,143.1,,2023,7,5,Monsoon,123.4,113.1
Delhi,2023-07-16,48.34,131.57,,26.84,,,1.48,10.73,43.61,,,,120.5,,2023,7,6,Monsoon,143.1,126.3
Delhi,2023-07-17,44.25,122.98,,26.3,,,1.42,10.74,44.82,,,,125.3,,2023,7,0,Monsoon,120.5,129.0
Delhi,2023-07-18,47.43,90.69,,25.0,,,1.32,11.09,46.15,,,,108.2,,2023,7,1,Monsoon,125.3,129.6
Delhi,2023-07-19,47.28,113.71,,27.37,,,1.49,11.67,44.15,,,,105.6,,2023,7,2,Monsoon,108.2,118.0
Delhi,2023-07-20,46.79,149.96,,25.49,,,1.07,14.53,41.12,,,,123.3,,2023,7,3,Monsoon,105.6,113.0
Delhi,2023-07-21,51.45,119.28,,24.33,,,1.6,14.19,44.91,,,,114.9,,2023,7,4,Monsoon,123.3,112.4
Delhi,2023-07-22,37.05,125.16,,28.44,,,1.19,12.65,42.92,,,,106.5,,2023,7,5,Monsoon,114.9,114.6
Delhi,2023-07-23,47.76,157.8,,32.3,,,0.96,12.34,41.09,,,,133.8,,2023,7,6,Monsoon,106.5,114.9
Delhi,2023-07-24,51.32,156.65,,36.85,,,1.08,13.16,44.08,,,,140.8,,2023,7,0,Monsoon,133.8,118.4
Delhi,2023-07-25,53.59,155.05,,35.08,,,0.92,12.09,38.19,,,,133.0,,2023,7,1,Monsoon,140.8,127.0
Delhi,2023-07-26,46.65,140.58,,41.22,,,1.02,11.96,40.06,,,,143.1,,2023,7,2,Monsoon,133.0,135.9
Delhi,2023-07-27,43.85,136.9,,38.51,,,1.34,13.78,41.88,,,,145.0,,2023,7,3,Monsoon,143.1,139.0
Delhi,2023-07-28,45.55,135.51,,41.91,,,1.07,14.01,44.65,,,,134.1,,2023,7,4,Monsoon,145.0,140.4
Delhi,2023-07-29,42.98,152.0,,38.06,,,1.19,13.66,39.9,,,,138.3,,2023,7,5,Monsoon,134.1,140.8
Delhi,2023-07-30,49.16,125.58,,37.72,,,1.35,11.65,42.25,,,,125.3,,2023,7,6,Monsoon,138.3,139.1
Delhi,2023-07-31,58.5,153.84,,39.5,,,1.47,12.87,38.85,,,,132.1,,2023,7,0,Monsoon,125.3,132.6
Delhi,2023-08-01,54.58,139.95,,39.41,,,1.25,14.06,39.72,,,,123.1,,2023,8,1,Monsoon,132.1,131.9
Delhi,2023-08-02,44.18,151.76,,37.97,,,1.01,13.28,39.71,,,,137.3,,2023,8,2,Monsoon,123.1,126.9
Delhi,2023-08-03,43.89,146.19,,37.69,,,1.12,11.08,35.02,,,,127.5,,2023,8,3,Monsoon,137.3,130.8
Delhi,2023-08-04,39.9,138.95,,35.93,,,0.94,11.28,41.87,,,,133.2,,2023,8,4,Monsoon,127.5,129.3
Delhi,2023-08-05,39.27,125.13,,33.16,,,0.72,10.67,36.55,,,,131.8,,2023,8,5,Monsoon,133.2,132.6
Delhi,2023-08-06,40.57,153.48,,32.14,,,0.73,10.21,35.89,,,,129.1,,2023,8,6,Monsoon,131.8,130.8
Delhi,2023-08-07,42.52,147.3,,31.89,,,1.14,12.36,43.14,,,,134.9,,2023,8,0,Monsoon,129.1,131.4
Delhi,2023-08-08,45.57,175.58,,35.29,,,1.16,11.34,45.49,,,,136.2,,2023,8,1,Monsoon,134.9,131.9
Delhi,2023-08-09,43.76,180.6,,30.24,,,1.09,9.8,45.82,,,,135.9,,2023,8,2,Monsoon,136.2,133.4
Delhi,2023-08-10,43.15,184.8,,32.27,,,0.97,11.68,40.94,,,,154.8,,2023,8,3,Monsoon,135.9,135.7
Delhi,2023-08-11,44.56,146.2,,31.15,,,0.84,13.73,45.41,,,,141.7,,2023,8,4,Monsoon,154.8,142.3
Delhi,2023-08-12,42.91,143.5,,25.78,,,0.89,10.75,39.87,,,,144.7,,2023,8,5,Monsoon,141.7,144.1
Delhi,2023-08-13,36.04,146.53,,24.32,,,0.74,10.27,47.77,,,,128.8,,2023,8,6,Monsoon,144.7,147.1
Delhi,2023-08-14,38.15,111.75,,32.73,,,0.86,11.28,52.21,,,,118.7,,2023,8,0,Monsoon,128.8,138.4
Delhi,2023-08-15,40.76,121.99,,35.28,,,0.88,10.76,52.19,,,,117.4,,2023,8,1,Monsoon,118.7,130.7
Delhi,2023-08-16,41.25,101.57,,39.57,,,1.09,10.2,49.4,,,,96.6,,2023,8,2,Monsoon,117.4,121.6
Delhi,2023-08-17,46.52,117.55,,41.9,,,1.18,10.47,39.1,,,,96.3,,2023,8,3,Monsoon,96.6,110.9
Delhi,2023-08-18,40.8,116.81,,40.98,,,1.27,10.08,36.37,,,,106.9,,2023,8,4,Monsoon,96.3,103.4
Delhi,2023-08-19,45.22,137.1,,37.1,,,1.25,7.51,36.62,,,,105.7,,2023,8,5,Monsoon,106.9,99.9
Delhi,2023-08-20,41.33,157.73,,32.35,,,1.18,9.25,35.77,,,,125.3,,2023,8,6,Monsoon,105.7,103.0
Delhi,2023-08-21,47.94,144.32,,32.77,,,1.27,10.9,37.4,,,,124.7,,2023,8,0,Monsoon,125.3,112.6
Delhi,2023-08-22,38.31,127.09,,30.53,,,1.15,12.07,37.77,,,,120.5,,2023,8,1,Monsoon,124.7,118.6
Delhi,2023-08-23,36.92,157.08,,35.91,,,1.21,14.05,39.13,,,,141.8,,2023,8,2,Monsoon,120.5,123.5
Delhi,2023-08-24,36.71,133.73,,34.08,,,1.03,13.9,39.46,,,,120.4,,2023,8,3,Monsoon,141.8,129.0
Delhi,2023-08-25,40.77,107.14,,31.96,,,1.22,14.71,41.99,,,,113.0,,2023,8,4,Monsoon,120.4,127.6
Delhi,2023-08-26,38.54,99.25,,31.19,,,1.16,11.32,41.04,,,,96.1,,2023,8,5,Monsoon,113.0,125.1
Delhi,2023-08-27,44.68,118.5,,33.65,,,1.08,10.47,42.95,,,,101.5,,2023,8,6,Monsoon,96.1,109.8
Delhi,2023-08-28,50.01,120.45,,32.88,,,0.86,11.71,46.67,,,,93.9,,2023,8,0,Monsoon,101.5,103.5
Delhi,2023-08-29,49.99,113.86,,35.14,,,0.94,12.88,39.79,,,,90.1,,2023,8,1,Monsoon,93.9,97.2
Delhi,2023-08-30,45.03,87.55,,38.43,,,0.79,12.6,46.94,,,,80.0,,2023,8,2,Monsoon,90.1,95.2
Delhi,2023-08-31,45.34,89.35,,31.74,,,0.8,10.47,49.15,,,,82.9,,2023,8,3,Monsoon,80.0,88.0
Delhi,2023-09-01,49.64,73.94,,37.84,,,0.84,11.65,54.07,,,,89.5,,2023,9,4,Monsoon,82.9,84.4
Delhi,2023-09-02,56.66,87.95,,32.92,,,0.71,13.03,60.75,,,,87.9,,2023,9,5,Monsoon,89.5,84.1
Delhi,2023-09-03,48.61,81.51,,28.79,,,0.77,12.85,46.63,,,,79.3,,2023,9,6,Monsoon,87.9,86.8
Delhi,2023-09-04,43.19,109.88,,31.34,,,0.7,12.43,44.13,,,,83.8,,2023,9,0,Monsoon,79.3,85.6
Delhi,2023-09-05,49.25,121.66,,35.93,,,0.59,12.02,49.99,,,,86.6,,2023,9,1,Monsoon,83.8,83.7
Delhi,2023-09-06,45.09,125.99,,37.22,,,0.66,11.7,45.78,,,,108.6,,2023,9,2,Monsoon,86.6,83.2
Delhi,2023-09-07,48.66,114.21,,33.71,,,0.79,11.84,48.12,,,,107.3,,2023,9,3,Monsoon,108.6,93.0
Delhi,2023-09-08,46.21,115.14,,37.27,,,0.8,10.8,50.3,,,,112.8,,2023,9,4,Monsoon,107.3,100.8
Delhi,2023-09-09,46.76,112.14,,31.45,,,0.97,11.89,61.88,,,,111.2,,2023,9,5,Monsoon,112.8,109.6
Delhi,2023-09-10,47.93,102.16,,25.75,,,1.2,12.15,61.9,,,,112.4,,2023,9,6,Monsoon,111.2,110.4
Delhi,2023-09-11,51.92,119.68,,21.19,,,1.05,13.43,51.72,,,,107.9,,2023,9,0,Monsoon,112.4,112.1
Delhi,2023-09-12,51.09,114.06,,26.65,,,1.03,12.58,40.56,,,,104.1,,2023,9,1,Monsoon,107.9,110.5
Delhi,2023-09-13,46.34,111.61,,30.64,,,0.92,10.69,45.22,,,,91.3,,2023,9,2,Monsoon,104.1,108.2
Delhi,2023-09-14,59.61,139.16,,31.03,,,0.95,10.51,36.56,,,,88.9,,2023,9,3,Monsoon,91.3,101.1
Delhi,2023-09-15,55.5,135.93,,33.32,,,1.1,10.61,30.65,,,,93.2,,2023,9,4,Monsoon,88.9,94.8
Delhi,2023-09-16,56.67,113.8,,29.31,,,0.91,11.25,33.46,,,,91.3,,2023,9,5,Monsoon,93.2,91.1
Delhi,2023-09-17,49.75,84.57,,31.33,,,0.88,9.92,33.09,,,,83.6,,2023,9,6,Monsoon,91.3,91.1
Delhi,2023-09-18,50.86,105.62,,30.67,,,0.71,12.59,35.75,,,,94.8,,2023,9,0,Monsoon,83.6,89.3
Delhi,2023-09-19,55.14,100.86,,29.97,,,0.86,11.46,34.51,,,,95.3,,2023,9,1,Monsoon,94.8,89.9
Delhi,2023-09-20,56.72,150.55,,33.38,,,0.74,10.98,36.39,,,,110.4,,2023,9,2,Monsoon,95.3,91.2
Delhi,2023-09-21,43.66,134.18,,35.55,,,0.92,11.02,30.17,,,,120.0,,2023,9,3,Monsoon,110.4,100.2
Delhi,2023-09-22,52.95,149.92,,30.52,,,0.86,12.12,27.02,,,,122.6,,2023,9,4,Monsoon,120.0,108.5
Delhi,2023-09-23,47.09,155.77,,33.41,,,0.79,10.61,29.67,,,,129.1,,2023,9,5,Monsoon,122.6,117.7
Delhi,2023-09-24,54.15,155.95,,33.69,,,0.63,10.76,41.09,,,,130.0,,2023,9,6,Monsoon,129.1,123.9
Delhi,2023-09-25,63.42,152.06,,41.71,,,0.59,12.33,38.7,,,,131.4,,2023,9,0,Monsoon,130.0,127.2
Delhi,2023-09-26,55.62,140.48,,35.22,,,0.75,12.58,34.89,,,,144.9,,2023,9,1,Monsoon,131.4,130.2
Delhi,2023-09-27,55.89,126.02,,30.09,,,0.79,12.82,42.78,,,,131.2,,2023,9,2,Monsoon,144.9,135.4
Delhi,2023-09-28,48.91,155.89,,33.88,,,0.87,12.57,46.11,,,,123.4,,2023,9,3,Monsoon,131.2,135.8
Delhi,2023-09-29,52.06,141.82,,36.6,,,0.84,11.79,55.17,,,,134.9,,2023,9,4,Monsoon,123.4,133.2
Delhi,2023-09-30,32.91,154.23,,35.33,,,0.74,10.95,44.67,,,,131.0,,2023,9,5,Monsoon,134.9,129.8
Delhi,2023-10-01,47.28,154.73,,36.18,,,0.99,13.31,53.2,,,,133.8,,2023,10,6,Post-Monsoon,131.0,129.8
Delhi,2023-10-02,57.45,208.02,,38.59,,,0.99,15.98,50.71,,,,152.3,,2023,10,0,Post-Monsoon,133.8,133.3
Delhi,2023-10-03,98.33,234.85,,46.0,,,0.88,20.18,46.34,,,,167.3,,2023,10,1,Post-Monsoon,152.3,139.0
Delhi,2023-10-04,82.61,230.33,,54.61,,,1.06,17.97,38.13,,,,176.9,,2023,10,2,Post-Monsoon,167.3,151.1
Delhi,2023-10-05,95.03,260.79,,46.76,,,1.41,16.8,42.82,,,,183.1,,2023,10,3,Post-Monsoon,176.9,165.5
Delhi,2023-10-06,133.21,282.85,,56.14,,,1.72,13.48,43.29,,,,207.6,,2023,10,4,Post-Monsoon,183.1,175.8
Delhi,2023-10-07,119.81,294.77,,54.6,,,1.63,15.27,47.2,,,,223.1,,2023,10,5,Post-Monsoon,207.6,189.2
Delhi,2023-10-08,154.58,243.41,,56.97,,,1.75,16.22,61.38,,,,225.5,,2023,10,6,Post-Monsoon,223.1,204.6
Delhi,2023-10-09,158.97,296.81,,57.45,,,1.62,14.45,51.18,,,,245.1,,2023,10,0,Post-Monsoon,225.5,218.7
Delhi,2023-10-10,171.06,285.28,,48.92,,,1.3,17.46,42.66,,,,248.4,,2023,10,1,Post-Monsoon,245.1,231.3
Delhi,2023-10-11,164.86,291.11,,52.22,,,1.4,20.89,57.38,,,,260.1,,2023,10,2,Post-Monsoon,248.4,239.7
Delhi,2023-10-12,134.12,280.38,,66.82,,,1.34,18.61,60.16,,,,253.3,,2023,10,3,Post-Monsoon,260.1,251.2
Delhi,2023-10-13,122.77,265.72,,72.37,,,1.19,17.85,48.77,,,,265.3,,2023,10,4,Post-Monsoon,253.3,253.9
Delhi,2023-10-14,121.31,271.07,,61.79,,,1.52,17.79,46.39,,,,260.4,,2023,10,5,Post-Monsoon,265.3,259.5
Delhi,2023-10-15,99.92,313.49,,60.82,,,1.44,16.29,45.95,,,,265.4,,2023,10,6,Post-Monsoon,260.4,259.6
Delhi,2023-10-16,71.94,296.69,,59.53,,,1.39,17.6,45.34,,,,266.0,,2023,10,0,Post-Monsoon,265.4,263.7
Delhi,2023-10-17,68.2,291.68,,48.9,,,1.56,19.7,43.73,,,,269.9,,2023,10,1,Post-Monsoon,266.0,264.0
Delhi,2023-10-18,95.58,260.17,,41.07,,,1.43,19.47,58.55,,,,255.7,,2023,10,2,Post-Monsoon,269.9,267.1
Delhi,2023-10-19,99.35,308.52,,50.77,,,1.39,11.4,48.72,,,,258.1,,2023,10,3,Post-Monsoon,255.7,263.9
Delhi,2023-10-20,111.39,304.54,,55.28,,,1.55,15.59,57.71,,,,266.1,,2023,10,4,Post-Monsoon,258.1,261.2
Delhi,2023-10-21,140.03,277.89,,53.41,,,1.69,11.88,56.71,,,,283.2,,2023,10,5,Post-Monsoon,266.1,260.0
Delhi,2023-10-22,129.38,270.5,,56.96,,,1.65,11.07,56.94,,,,264.9,,2023,10,6,Post-Monsoon,283.2,269.1
Delhi,2023-10-23,153.69,248.98,,59.38,,,1.5,16.13,56.21,,,,269.9,,2023,10,0,Post-Monsoon,264.9,271.4
Delhi,2023-10-24,157.42,244.75,,63.96,,,1.26,15.38,68.84,,,,247.6,,2023,10,1,Post-Monsoon,269.9,272.6
Delhi,2023-10-25,194.04,242.41,,74.51,,,1.53,13.3,70.2,,,,271.7,,2023,10,2,Post-Monsoon,247.6,260.8
Delhi,2023-10-26,192.18,240.68,,61.78,,,1.58,14.58,63.45,,,,280.5,,2023,10,3,Post-Monsoon,271.7,263.0
Delhi,2023-10-27,179.94,229.45,,63.2,,,1.45,14.97,68.95,,,,270.1,,2023,10,4,Post-Monsoon,280.5,266.6
Delhi,2023-10-28,154.44,238.6,,68.03,,,1.53,15.67,62.29,,,,254.1,,2023,10,5,Post-Monsoon,270.1,274.1
Delhi,2023-10-29,144.91,249.98,,61.67,,,1.43,18.4,46.89,,,,264.4,,2023,10,6,Post-Monsoon,254.1,268.2
Delhi,2023-10-30,137.85,290.01,,68.87,,,1.44,19.88,54.26,,,,252.8,,2023,10,0,Post-Monsoon,264.4,262.8
Delhi,2023-10-31,173.34,262.94,,64.12,,,1.46,19.15,51.64,,,,266.9,,2023,10,1,Post-Monsoon,252.8,257.1
Delhi,2023-11-01,223.44,310.19,,64.47,,,1.53,21.07,66.74,,,,295.1,,2023,11,2,Post-Monsoon,266.9,261.4
Delhi,2023-11-02,264.07,326.77,,67.78,,,2.0,22.57,76.47,,,,342.5,,2023,11,3,Post-Monsoon,295.1,271.6
Delhi,2023-11-03,272.02,324.81,,71.4,,,2.02,20.05,73.83,,,,353.0,,2023,11,4,Post-Monsoon,342.5,301.5
Delhi,2023-11-04,254.64,343.11,,69.23,,,1.7,19.94,60.73,,,,372.9,,2023,11,5,Post-Monsoon,353.0,330.2
Delhi,2023-11-05,242.25,352.57,,64.8,,,1.34,19.31,65.2,,,,383.5,,2023,11,6,Post-Monsoon,372.9,356.1
Delhi,2023-11-06,210.15,327.53,,70.41,,,1.53,21.84,53.14,,,,354.5,,2023,11,0,Post-Monsoon,383.5,369.8
Delhi,2023-11-07,190.3,320.05,,69.18,,,1.52,19.55,55.73,,,,329.7,,2023,11,1,Post-Monsoon,354.5,370.3
Delhi,2023-11-08,166.04,349.72,,67.88,,,1.77,20.76,52.47,,,,328.6,,2023,11,2,Post-Monsoon,329.7,355.9
Delhi,2023-11-09,167.19,399.07,,64.29,,,1.78,20.94,46.56,,,,348.0,,2023,11,3,Post-Monsoon,328.6,337.6
Delhi,2023-11-10,174.36,333.13,,48.33,,,2.03,19.05,60.93,,,,323.0,,2023,11,4,Post-Monsoon,348.0,335.4
Delhi,2023-11-11,179.25,319.99,,46.06,,,2.08,17.15,62.59,,,,311.2,,2023,11,5,Post-Monsoon,323.0,333.2
Delhi,2023-11-12,154.75,329.79,,38.23,,,2.0,18.85,48.87,,,,318.4,,2023,11,6,Post-Monsoon,311.2,327.4
Delhi,2023-11-13,132.2,360.4,,53.89,,,1.95,17.09,39.26,,,,298.0,,2023,11,0,Post-Monsoon,318.4,317.5
Delhi,2023-11-14,138.54,343.11,,64.65,,,1.94,18.09,38.0,,,,298.1,,2023,11,1,Post-Monsoon,298.0,309.2
Delhi,2023-11-15,146.63,312.15,,63.54,,,1.83,18.75,42.71,,,,296.8,,2023,11,2,Post-Monsoon,298.1,304.8
Delhi,2023-11-16,164.26,288.5,,70.4,,,1.9,19.5,53.37,,,,285.6,,2023,11,3,Post-Monsoon,296.8,297.6
Delhi,2023-11-17,190.98,393.88,,62.75,,,2.04,18.58,56.43,,,,319.2,,2023,11,4,Post-Monsoon,285.6,293.5
Delhi,2023-11-18,205.75,419.1,,57.57,,,2.12,20.6,45.94,,,,347.4,,2023,11,5,Post-Monsoon,319.2,300.5
Delhi,2023-11-19,209.21,371.28,,48.43,,,2.1,18.06,55.33,,,,340.4,,2023,11,6,Post-Monsoon,347.4,317.4
Delhi,2023-11-20,242.92,400.82,,57.9,,,2.09,17.42,60.46,,,,355.4,,2023,11,0,Post-Monsoon,340.4,335.7
Delhi,2023-11-21,266.23,345.21,,59.7,,,2.13,15.08,58.2,,,,376.4,,2023,11,1,Post-Monsoon,355.4,347.8
Delhi,2023-11-22,213.9,398.64,,56.39,,,2.06,17.95,56.91,,,,367.2,,2023,11,2,Post-Monsoon,376.4,357.4
Delhi,2023-11-23,204.03,429.94,,62.14,,,1.94,16.45,58.62,,,,382.3,,2023,11,3,Post-Monsoon,367.2,366.3
Delhi,2023-11-24,198.58,390.87,,65.95,,,1.7,19.0,62.75,,,,366.4,,2023,11,4,Post-Monsoon,382.3,375.3
Delhi,2023-11-25,196.44,437.48,,64.96,,,1.82,19.91,50.29,,,,362.6,,2023,11,5,Post-Monsoon,366.4,372.0
Delhi,2023-11-26,228.06,367.77,,54.7,,,1.62,20.95,45.45,,,,370.2,,2023,11,6,Post-Monsoon,362.6,370.4
Delhi,2023-11-27,183.79,327.17,,57.95,,,1.57,20.09,40.87,,,,352.0,,2023,11,0,Post-Monsoon,370.2,366.4
Delhi,2023-11-28,210.43,360.47,,62.18,,,1.83,20.41,39.19,,,,343.1,,2023,11,1,Post-Monsoon,352.0,361.6
Delhi,2023-11-29,240.23,413.22,,78.57,,,2.03,20.25,24.69,,,,367.0,,2023,11,2,Post-Monsoon,343.1,355.1
Delhi,2023-11-30,218.61,389.62,,79.37,,,2.01,19.78,49.36,,,,357.4,,2023,11,3,Post-Monsoon,367.0,354.0
Delhi,2023-12-01,196.02,424.12,,78.08,,,3.05,21.66,40.2,,,,372.3,,2023,12,4,Winter,357.4,355.8
Delhi,2023-12-02,177.3,390.64,,72.08,,,2.04,17.56,55.75,,,,365.9,,2023,12,5,Winter,372.3,365.6
Delhi,2023-12-03,179.19,414.8,,66.43,,,3.12,16.98,48.99,,,,362.9,,2023,12,6,Winter,365.9,365.2
Delhi,2023-12-04,150.09,370.56,,61.66,,,2.35,17.43,62.49,,,,342.7,,2023,12,0,Winter,362.9,367.0
Delhi,2023-12-05,194.77,371.21,,68.1,,,0.3,18.53,57.23,,,,337.1,,2023,12,1,Winter,342.7,357.2
Delhi,2023-12-06,179.72,377.73,,77.23,,,0.59,14.58,45.82,,,,338.8,,2023,12,2,Winter,337.1,347.6
Delhi,2023-12-07,183.99,354.88,,77.58,,,3.87,17.89,41.67,,,,316.5,,2023,12,3,Winter,338.8,339.6
Delhi,2023-12-08,202.16,396.38,,78.48,,,3.21,20.0,39.82,,,,333.5,,2023,12,4,Winter,316.5,330.8
Delhi,2023-12-09,192.66,389.28,,78.03,,,3.42,20.12,42.82,,,,346.6,,2023,12,5,Winter,333.5,329.6
Delhi,2023-12-10,158.07,373.17,,72.74,,,2.98,19.05,45.98,,,,337.7,,2023,12,6,Winter,346.6,332.2
Delhi,2023-12-11,195.24,379.36,,71.73,,,3.64,17.61,47.9,,,,333.2,,2023,12,0,Winter,337.7,339.3
Delhi,2023-12-12,198.75,387.34,,73.25,,,3.37,18.29,54.46,,,,349.2,,2023,12,1,Winter,333.2,339.2
Delhi,2023-12-13,214.86,361.59,,65.48,,,4.99,17.33,53.9,,,,356.7,,2023,12,2,Winter,349.2,340.0
Delhi,2023-12-14,210.4,353.2,,65.79,,,3.41,17.32,44.28,,,,345.2,,2023,12,3,Winter,356.7,346.4
Delhi,2023-12-15,227.95,416.51,,64.03,,,2.39,16.96,52.75,,,,363.6,,2023,12,4,Winter,345.2,350.4
Delhi,2023-12-16,199.92,362.57,,68.54,,,3.12,17.23,43.92,,,,333.7,,2023,12,5,Winter,363.6,355.2
Delhi,2023-12-17,181.73,367.93,,77.78,,,5.07,16.3,49.27,,,,321.5,,2023,12,6,Winter,333.7,347.5
Delhi,2023-12-18,194.68,385.88,,60.98,,,5.34,17.66,51.29,,,,331.3,,2023,12,0,Winter,321.5,339.6
Delhi,2023-12-19,196.37,369.7,,56.87,,,3.98,16.72,50.75,,,,327.4,,2023,12,1,Winter,331.3,328.8
Delhi,2023-12-20,185.35,384.38,,62.61,,,3.99,16.31,46.74,,,,335.3,,2023,12,2,Winter,327.4,326.8
Delhi,2023-12-21,210.28,359.25,,57.94,,,2.19,16.59,45.26,,,,328.3,,2023,12,3,Winter,335.3,331.4
Delhi,2023-12-22,166.64,371.76,,60.29,,,2.55,18.57,50.86,,,,340.3,,2023,12,4,Winter,328.3,330.4
Delhi,2023-12-23,173.03,356.4,,52.36,,,2.35,19.45,41.9,,,,338.4,,2023,12,5,Winter,340.3,334.7
Delhi,2023-12-24,141.55,335.52,,60.72,,,1.68,17.73,39.89,,,,307.8,,2023,12,6,Winter,338.4,335.7
Delhi,2023-12-25,177.29,339.72,,61.61,,,2.02,17.34,46.84,,,,306.5,,2023,12,0,Winter,307.8,328.8
Delhi,2023-12-26,164.38,360.21,,66.39,,,3.26,17.73,47.32,,,,322.5,,2023,12,1,Winter,306.5,317.6
Delhi,2023-12-27,204.17,373.7,,62.71,,,4.23,17.53,37.75,,,,324.9,,2023,12,2,Winter,322.5,312.3
Delhi,2023-12-28,199.58,345.66,,69.14,,,2.98,18.09,45.14,,,,318.1,,2023,12,3,Winter,324.9,318.0
Delhi,2023-12-29,187.07,331.3,,70.94,,,2.38,19.22,49.54,,,,322.8,,2023,12,4,Winter,318.1,321.8
Delhi,2023-12-30,166.7,339.17,,72.37,,,3.58,18.05,61.78,,,,318.5,,2023,12,5,Winter,322.8,321.9
Delhi,2023-12-31,171.3,360.08,,73.36,,,3.17,13.98,52.95,,,,323.9,,2023,12,6,Winter,318.5,319.8
Delhi,2024-01-01,177.08,339.03,,63.39,,,4.51,15.55,44.27,,,,305.2,,2024,1,0,Winter,323.9,321.7
Delhi,2024-01-02,184.57,326.9,,66.93,,,3.55,13.39,27.04,,,,311.8,,2024,1,1,Winter,305.2,315.9
Delhi,2024-01-03,193.47,307.01,,56.94,,,3.73,11.98,25.12,,,,304.0,,2024,1,2,Winter,311.8,313.7
Delhi,2024-01-04,230.56,297.28,,52.23,,,2.47,13.68,49.06,,,,332.0,,2024,1,3,Winter,304.0,307.0
Delhi,2024-01-05,216.12,275.76,,51.81,,,2.99,13.68,58.56,,,,320.6,,2024,1,4,Winter,332.0,315.9
Delhi,2024-01-06,221.73,295.06,,49.53,,,3.03,11.98,44.63,,,,333.6,,2024,1,5,Winter,320.6,318.8
Delhi,2024-01-07,188.08,305.67,,50.16,,,2.87,11.73,54.65,,,,303.4,,2024,1,6,Winter,333.6,328.7
Delhi,2024-01-08,184.17,285.24,,52.37,,,1.45,11.79,43.53,,,,305.7,,2024,1,0,Winter,303.4,319.2
Delhi,2024-01-09,193.14,298.6,,52.6,,,1.65,12.85,50.39,,,,300.1,,2024,1,1,Winter,305.7,314.2
Delhi,2024-01-10,174.2,308.43,,42.04,,,0.96,14.3,49.3,,,,281.5,,2024,1,2,Winter,300.1,303.1
Delhi,2024-01-11,182.4,323.79,,54.68,,,2.51,12.06,50.62,,,,281.9,,2024,1,3,Winter,281.5,295.8
Delhi,2024-01-12,200.95,311.27,,59.04,,,2.17,11.5,58.72,,,,301.6,,2024,1,4,Winter,281.9,287.8
Delhi,2024-01-13,193.6,224.03,,55.75,,,2.2,12.38,57.18,,,,293.3,,2024,1,5,Winter,301.6,288.3
Delhi,2024-01-14,204.08,212.12,,60.69,,,1.65,15.42,45.04,,,,301.7,,2024,1,6,Winter,293.3,292.3
Delhi,2024-01-15,181.03,231.59,,64.84,,,3.8,16.49,48.2,,,,284.8,,2024,1,0,Winter,301.7,298.9
Delhi,2024-01-16,187.69,253.7,,61.43,,,2.76,15.96,51.25,,,,272.2,,2024,1,1,Winter,284.8,293.3
Delhi,2024-01-17,178.59,268.95,,48.75,,,1.14,16.89,56.69,,,,260.1,,2024,1,2,Winter,272.2,286.2
Delhi,2024-01-18,178.13,296.49,,62.48,,,0.15,16.44,62.75,,,,261.1,,2024,1,3,Winter,260.1,272.4
Delhi,2024-01-19,186.13,315.47,,49.6,,,0.83,15.97,69.08,,,,276.0,,2024,1,4,Winter,261.1,264.5
Delhi,2024-01-20,156.15,338.69,,52.82,,,1.57,12.72,70.14,,,,277.8,,2024,1,5,Winter,276.0,265.8
Delhi,2024-01-21,189.15,277.09,,48.79,,,3.16,11.59,57.23,,,,270.9,,2024,1,6,Winter,277.8,271.7
Delhi,2024-01-22,199.85,305.71,,54.96,,,3.34,12.37,48.81,,,,295.8,,2024,1,0,Winter,270.9,274.9
Delhi,2024-01-23,219.01,335.97,,59.59,,,2.2,14.16,54.77,,,,309.8,,2024,1,1,Winter,295.8,281.5
Delhi,2024-01-24,233.55,348.03,,61.4,,,2.42,11.74,48.04,,,,328.0,,2024,1,2,Winter,309.8,292.2
Delhi,2024-01-25,213.67,325.92,,62.13,,,2.75,12.2,35.09,,,,318.4,,2024,1,3,Winter,328.0,311.2
Delhi,2024-01-26,219.46,285.18,,66.48,,,2.63,14.79,66.94,,,,332.6,,2024,1,4,Winter,318.4,318.7
Delhi,2024-01-27,189.66,304.73,,61.9,,,1.8,13.2,68.39,,,,308.6,,2024,1,5,Winter,332.6,326.4
Delhi,2024-01-28,185.09,271.36,,54.91,,,2.48,13.23,37.4,,,,296.3,,2024,1,6,Winter,308.6,319.9
Delhi,2024-01-29,176.39,322.47,,70.14,,,1.24,13.29,42.76,,,,292.3,,2024,1,0,Winter,296.3,312.5
Delhi,2024-01-30,218.21,363.0,,69.81,,,2.44,12.96,47.56,,,,308.2,,2024,1,1,Winter,292.3,299.1
Delhi,2024-01-31,183.74,372.63,,65.87,,,2.15,13.53,41.25,,,,321.6,,2024,1,2,Winter,308.2,298.9
Delhi,2024-02-01,145.91,344.14,,57.82,,,4.18,11.06,37.74,,,,311.1,,2024,2,3,Winter,321.6,307.4
Delhi,2024-02-02,159.59,346.97,,50.58,,,2.88,11.21,48.34,,,,324.7,,2024,2,4,Winter,311.1,313.6
Delhi,2024-02-03,135.12,333.11,,47.78,,,1.58,12.94,46.27,,,,313.8,,2024,2,5,Winter,324.7,319.1
Delhi,2024-02-04,129.36,303.46,,44.7,,,2.39,12.11,55.44,,,,297.4,,2024,2,6,Winter,313.8,316.5
Delhi,2024-02-05,140.46,298.55,,51.95,,,1.82,11.91,48.17,,,,301.3,,2024,2,0,Winter,297.4,312.0
Delhi,2024-02-06,147.73,289.45,,54.72,,,4.07,11.18,51.84,,,,290.8,,2024,2,1,Winter,301.3,304.2
Delhi,2024-02-07,122.29,289.88,,53.49,,,2.74,10.71,41.7,,,,268.6,,2024,2,2,Winter,290.8,296.5
Delhi,2024-02-08,129.98,266.77,,55.58,,,2.68,15.21,28.06,,,,255.2,,2024,2,3,Winter,268.6,286.9
Delhi,2024-02-09,150.02,257.78,,61.94,,,0.98,16.17,36.12,,,,248.3,,2024,2,4,Winter,255.2,271.5
Delhi,2024-02-10,157.56,283.25,,61.92,,,2.23,16.34,37.99,,,,239.3,,2024,2,5,Winter,248.3,257.4
Delhi,2024-02-11,148.68,270.65,,53.08,,,3.36,17.86,30.56,,,,251.9,,2024,2,6,Winter,239.3,247.6
Delhi,2024-02-12,142.24,246.42,,58.43,,,5.03,17.09,30.83,,,,226.0,,2024,2,0,Winter,251.9,246.5
Delhi,2024-02-13,138.43,262.1,,53.52,,,4.51,14.54,26.61,,,,232.4,,2024,2,1,Winter,226.0,239.1
Delhi,2024-02-14,135.15,266.38,,48.41,,,3.77,17.09,39.87,,,,243.0,,2024,2,2,Winter,232.4,236.8
Delhi,2024-02-15,122.18,276.94,,44.92,,,5.37,14.47,51.0,,,,262.1,,2024,2,3,Winter,243.0,233.8
Delhi,2024-02-16,124.2,268.17,,50.82,,,3.79,14.95,43.8,,,,255.5,,2024,2,4,Winter,262.1,245.8
Delhi,2024-02-17,112.29,231.57,,52.54,,,4.3,14.68,41.14,,,,232.0,,2024,2,5,Winter,255.5,253.5
Delhi,2024-02-18,124.32,213.46,,49.26,,,3.53,13.67,55.2,,,,205.0,,2024,2,6,Winter,232.0,249.9
Delhi,2024-02-19,147.69,239.64,,57.99,,,4.69,19.48,59.62,,,,201.1,,2024,2,0,Winter,205.0,230.9
Delhi,2024-02-20,129.95,249.09,,50.01,,,2.01,19.21,64.12,,,,207.8,,2024,2,1,Winter,201.1,212.7
Delhi,2024-02-21,135.84,233.01,,43.98,,,3.61,20.03,56.25,,,,213.8,,2024,2,2,Winter,207.8,204.7
Delhi,2024-02-22,132.8,243.34,,51.18,,,4.66,19.47,57.38,,,,216.1,,2024,2,3,Winter,213.8,207.6
Delhi,2024-02-23,125.91,234.68,,56.07,,,5.11,15.81,52.37,,,,207.6,,2024,2,4,Winter,216.1,212.6
Delhi,2024-02-24,112.98,245.28,,54.25,,,3.04,17.94,45.61,,,,212.1,,2024,2,5,Winter,207.6,212.5
Delhi,2024-02-25,109.18,238.77,,54.46,,,4.37,17.55,36.0,,,,215.9,,2024,2,6,Winter,212.1,212.0
Delhi,2024-02-26,112.07,249.93,,56.62,,,2.99,15.39,44.17,,,,219.7,,2024,2,0,Winter,215.9,211.9
Delhi,2024-02-27,119.62,261.75,,59.28,,,2.14,14.72,36.73,,,,226.3,,2024,2,1,Winter,219.7,215.9
Delhi,2024-02-28,108.56,258.23,,63.04,,,1.89,14.56,55.32,,,,240.8,,2024,2,2,Winter,226.3,220.7
Delhi,2024-02-29,110.11,256.74,,61.77,,,4.0,15.35,53.68,,,,238.8,,2024,2,3,Winter,240.8,229.0
Delhi,2024-03-01,107.68,252.75,,59.85,,,2.17,16.71,47.64,,,,240.8,,2024,3,4,Summer,238.8,235.3
Delhi,2024-03-02,100.18,238.33,,61.76,,,3.18,14.26,43.39,,,,237.8,,2024,3,5,Summer,240.8,240.2
Delhi,2024-03-03,92.99,252.96,,54.9,,,3.24,13.56,44.37,,,,242.8,,2024,3,6,Summer,237.8,239.2
Delhi,2024-03-04,94.64,274.01,,50.56,,,2.48,14.48,44.89,,,,246.2,,2024,3,0,Summer,242.8,240.5
Delhi,2024-03-05,94.4,243.25,,45.43,,,2.18,13.77,51.29,,,,246.1,,2024,3,1,Summer,246.2,242.3
Delhi,2024-03-06,91.4,204.64,,44.54,,,3.14,18.29,52.06,,,,229.1,,2024,3,2,Summer,246.1,245.1
Delhi,2024-03-07,102.27,175.64,,42.53,,,3.42,16.84,50.32,,,,206.7,,2024,3,3,Summer,229.1,240.5
Delhi,2024-03-08,93.11,203.39,,42.71,,,4.12,17.94,54.67,,,,200.1,,2024,3,4,Summer,206.7,227.3
Delhi,2024-03-09,95.22,223.14,,44.28,,,3.98,15.81,49.63,,,,181.6,,2024,3,5,Summer,200.1,212.0
Delhi,2024-03-10,93.75,205.99,,48.27,,,2.13,14.38,47.54,,,,186.2,,2024,3,6,Summer,181.6,196.2
Delhi,2024-03-11,92.33,198.18,,41.83,,,1.97,14.95,52.62,,,,186.1,,2024,3,0,Summer,186.2,189.3
Delhi,2024-03-12,88.46,224.54,,41.34,,,2.03,16.49,59.13,,,,193.2,,2024,3,1,Summer,186.1,184.6
Delhi,2024-03-13,89.07,207.27,,43.16,,,2.91,18.56,54.15,,,,204.1,,2024,3,2,Summer,193.2,188.5
Delhi,2024-03-14,95.47,190.55,,37.08,,,3.13,17.2,54.19,,,,202.0,,2024,3,3,Summer,204.1,194.5
Delhi,2024-03-15,84.03,179.65,,34.06,,,2.39,14.77,52.89,,,,192.0,,2024,3,4,Summer,202.0,199.8
Delhi,2024-03-16,75.3,160.63,,28.09,,,1.75,15.33,58.24,,,,176.3,,2024,3,5,Summer,192.0,199.4
Delhi,2024-03-17,75.79,151.37,,25.52,,,1.42,13.04,48.16,,,,152.3,,2024,3,6,Summer,176.3,190.1
Delhi,2024-03-18,82.9,171.79,,29.86,,,0.33,17.55,47.19,,,,151.5,,2024,3,0,Summer,152.3,173.5
Delhi,2024-03-19,80.17,162.69,,34.76,,,0.77,16.86,38.78,,,,136.5,,2024,3,1,Summer,151.5,160.0
Delhi,2024-03-20,80.47,162.23,,37.07,,,0.94,16.61,39.54,,,,133.5,,2024,3,2,Summer,136.5,146.8
Delhi,2024-03-21,95.04,154.59,,37.77,,,0.87,15.42,41.4,,,,136.3,,2024,3,3,Summer,133.5,140.5
Delhi,2024-03-22,88.78,159.16,,36.62,,,3.18,16.53,37.45,,,,142.2,,2024,3,4,Summer,136.3,135.4
Delhi,2024-03-23,86.27,174.59,,41.17,,,2.85,16.46,36.16,,,,142.1,,2024,3,5,Summer,142.2,137.3
Delhi,2024-03-24,83.5,148.56,,38.18,,,2.75,17.92,42.94,,,,150.5,,2024,3,6,Summer,142.1,140.2
Delhi,2024-03-25,83.52,164.3,,38.81,,,1.87,16.12,48.31,,,,151.1,,2024,3,0,Summer,150.5,144.9
Delhi,2024-03-26,99.58,188.64,,37.24,,,1.84,17.72,53.95,,,,154.7,,2024,3,1,Summer,151.1,147.9
Delhi,2024-03-27,87.04,171.83,,36.16,,,1.6,15.94,55.55,,,,169.0,,2024,3,2,Summer,154.7,152.1
Delhi,2024-03-28,76.68,198.92,,36.69,,,0.53,16.78,54.67,,,,157.0,,2024,3,3,Summer,169.0,158.3
Delhi,2024-03-29,82.98,197.95,,40.11,,,1.69,15.51,53.34,,,,163.8,,2024,3,4,Summer,157.0,160.2
Delhi,2024-03-30,87.46,185.69,,42.66,,,2.09,15.24,52.29,,,,161.9,,2024,3,5,Summer,163.8,163.3
Delhi,2024-03-31,75.27,184.59,,47.37,,,2.44,15.77,48.06,,,,169.5,,2024,3,6,Summer,161.9,160.9
Delhi,2024-04-01,79.05,187.38,,54.28,,,2.88,16.54,54.69,,,,173.7,,2024,4,0,Summer,169.5,165.1
Delhi,2024-04-02,71.81,200.58,,51.45,,,2.71,17.13,57.57,,,,172.8,,2024,4,1,Summer,173.7,168.4
Delhi,2024-04-03,76.94,202.81,,57.26,,,1.76,18.11,49.45,,,,179.6,,2024,4,2,Summer,172.8,172.0
Delhi,2024-04-04,74.9,225.78,,47.06,,,1.08,18.04,52.74,,,,194.2,,2024,4,3,Summer,179.6,175.3
Delhi,2024-04-05,83.6,199.21,,43.71,,,0.43,19.94,51.99,,,,200.4,,2024,4,4,Summer,194.2,182.2
Delhi,2024-04-06,81.98,166.16,,40.93,,,2.27,18.39,58.14,,,,185.9,,2024,4,5,Summer,200.4,191.4
Delhi,2024-04-07,79.44,208.29,,36.17,,,2.73,21.67,54.39,,,,195.6,,2024,4,6,Summer,185.9,193.5
Delhi,2024-04-08,79.38,183.6,,46.29,,,2.89,21.5,61.86,,,,177.7,,2024,4,0,Summer,195.6,194.0
Delhi,2024-04-09,82.11,234.61,,51.13,,,2.05,19.84,56.7,,,,185.2,,2024,4,1,Summer,177.7,186.4
Delhi,2024-04-10,87.37,232.49,,52.1,,,2.04,18.41,46.82,,,,196.0,,2024,4,2,Summer,185.2,186.2
Delhi,2024-04-11,99.34,195.55,,53.87,,,2.56,18.05,49.85,,,,191.2,,2024,4,3,Summer,196.0,186.3
Delhi,2024-04-12,96.99,236.67,,54.26,,,2.47,17.59,49.57,,,,201.2,,2024,4,4,Summer,191.2,190.8
Delhi,2024-04-13,88.49,209.71,,52.3,,,2.94,18.59,47.69,,,,180.4,,2024,4,5,Summer,201.2,196.1
Delhi,2024-04-14,83.48,169.72,,52.24,,,2.0,14.89,46.69,,,,181.7,,2024,4,6,Summer,180.4,190.9
Delhi,2024-04-15,76.3,188.75,,54.5,,,2.52,21.03,53.76,,,,183.9,,2024,4,0,Summer,181.7,187.8
Delhi,2024-04-16,70.39,209.33,,57.48,,,2.04,18.89,50.26,,,,191.9,,2024,4,1,Summer,183.9,182.0
Delhi,2024-04-17,76.95,206.61,,47.48,,,1.73,19.73,52.44,,,,180.4,,2024,4,2,Summer,191.9,185.8
Delhi,2024-04-18,83.47,202.05,,41.17,,,1.16,17.12,51.95,,,,181.9,,2024,4,3,Summer,180.4,185.4
Delhi,2024-04-19,88.54,216.75,,39.81,,,1.23,21.41,54.43,,,,185.9,,2024,4,4,Summer,181.9,184.7
Delhi,2024-04-20,90.26,207.7,,44.0,,,1.98,20.91,49.13,,,,172.1,,2024,4,5,Summer,185.9,182.7
Delhi,2024-04-21,79.07,232.18,,43.65,,,1.34,20.84,49.45,,,,178.7,,2024,4,6,Summer,172.1,180.0
Delhi,2024-04-22,75.23,219.53,,48.16,,,1.97,22.56,44.11,,,,186.2,,2024,4,0,Summer,178.7,178.9
Delhi,2024-04-23,78.93,184.59,,48.7,,,2.34,21.66,47.76,,,,173.8,,2024,4,1,Summer,186.2,179.0
Delhi,2024-04-24,91.58,145.57,,48.59,,,1.72,17.27,52.02,,,,149.0,,2024,4,2,Summer,173.8,179.5
Delhi,2024-04-25,78.36,229.11,,41.27,,,1.76,23.0,50.32,,,,176.4,,2024,4,3,Summer,149.0,169.7
Delhi,2024-04-26,94.96,199.95,,41.27,,,2.07,24.7,56.15,,,,182.0,,2024,4,4,Summer,176.4,166.4
Delhi,2024-04-27,107.5,206.08,,43.98,,,1.95,23.88,57.35,,,,185.3,,2024,4,5,Summer,182.0,169.1
Delhi,2024-04-28,106.35,228.18,,46.9,,,1.34,23.8,52.17,,,,200.0,,2024,4,6,Summer,185.3,181.2
Delhi,2024-04-29,113.94,180.55,,44.61,,,1.09,23.15,49.14,,,,192.2,,2024,4,0,Summer,200.0,189.1
Delhi,2024-04-30,120.31,147.43,,45.34,,,1.93,23.84,52.04,,,,201.6,,2024,4,1,Summer,192.2,192.5
Delhi,2024-05-01,110.77,210.63,,44.59,,,1.26,22.89,60.2,,,,195.8,,2024,5,2,Summer,201.6,197.9
Delhi,2024-05-02,107.87,213.78,,49.88,,,0.97,23.26,56.51,,,,194.2,,2024,5,3,Summer,195.8,196.5
Delhi,2024-05-03,109.02,266.61,,51.99,,,0.37,25.25,68.55,,,,217.4,,2024,5,4,Summer,194.2,197.2
Delhi,2024-05-04,100.05,246.91,,45.31,,,2.25,20.71,59.92,,,,211.2,,2024,5,5,Summer,217.4,202.5
Delhi,2024-05-05,87.67,209.98,,46.22,,,1.8,23.25,52.43,,,,204.7,,2024,5,6,Summer,211.2,207.6
Delhi,2024-05-06,88.7,244.07,,46.06,,,1.88,21.6,56.48,,,,207.5,,2024,5,0,Summer,204.7,211.1
Delhi,2024-05-07,84.35,199.65,,45.44,,,2.6,23.33,56.37,,,,206.8,,2024,5,1,Summer,207.5,207.8
Delhi,2024-05-08,86.81,182.74,,39.95,,,2.25,25.9,52.66,,,,171.8,,2024,5,2,Summer,206.8,206.3
Delhi,2024-05-09,84.73,212.41,,40.85,,,1.91,21.04,62.28,,,,168.4,,2024,5,3,Summer,171.8,195.4
Delhi,2024-05-10,80.9,250.5,,47.02,,,1.62,21.43,62.59,,,,186.9,,2024,5,4,Summer,168.4,182.3
Delhi,2024-05-11,73.64,215.07,,50.93,,,2.01,20.41,61.63,,,,193.1,,2024,5,5,Summer,186.9,175.7
Delhi,2024-05-12,75.0,206.01,,45.98,,,1.31,15.86,58.48,,,,177.2,,2024,5,6,Summer,193.1,182.8
Delhi,2024-05-13,67.13,242.41,,49.09,,,3.16,16.24,51.91,,,,201.4,,2024,5,0,Summer,177.2,185.7
Delhi,2024-05-14,74.79,260.07,,50.57,,,2.93,12.41,57.34,,,,196.9,,2024,5,1,Summer,201.4,190.6
Delhi,2024-05-15,100.42,260.49,,54.16,,,3.17,11.95,64.57,,,,214.0,,2024,5,2,Summer,196.9,191.8
Delhi,2024-05-16,97.45,232.65,,52.34,,,3.25,13.53,59.77,,,,216.6,,2024,5,3,Summer,214.0,204.1
Delhi,2024-05-17,87.19,229.29,,55.06,,,3.35,14.0,63.52,,,,210.4,,2024,5,4,Summer,216.6,209.2
Delhi,2024-05-18,98.04,228.3,,57.65,,,2.77,20.91,64.65,,,,203.3,,2024,5,5,Summer,210.4,213.7
Delhi,2024-05-19,83.04,221.28,,47.79,,,2.93,17.55,59.72,,,,207.3,,2024,5,6,Summer,203.3,210.1
Delhi,2024-05-20,89.26,271.22,,51.67,,,2.98,21.85,62.3,,,,231.4,,2024,5,0,Summer,207.3,207.0
Delhi,2024-05-21,97.01,265.38,,52.7,,,2.3,22.98,58.97,,,,245.8,,2024,5,1,Summer,231.4,214.0
Delhi,2024-05-22,114.07,235.0,,49.27,,,2.66,25.46,63.6,,,,239.2,,2024,5,2,Summer,245.8,228.1
Delhi,2024-05-23,104.0,244.64,,51.35,,,2.75,21.31,69.36,,,,228.9,,2024,5,3,Summer,239.2,238.8
Delhi,2024-05-24,101.41,248.02,,50.2,,,2.15,23.03,73.57,,,,231.7,,2024,5,4,Summer,228.9,238.0
Delhi,2024-05-25,86.19,278.29,,50.11,,,2.87,19.55,70.45,,,,225.0,,2024,5,5,Summer,231.7,233.3
Delhi,2024-05-26,80.43,264.85,,39.16,,,2.72,19.61,60.21,,,,232.5,,2024,5,6,Summer,225.0,228.5
Delhi,2024-05-27,84.63,228.54,,47.91,,,2.38,22.39,60.12,,,,227.6,,2024,5,0,Summer,232.5,229.7
Delhi,2024-05-28,85.27,187.68,,51.57,,,2.1,19.45,68.18,,,,203.0,,2024,5,1,Summer,227.6,228.4
Delhi,2024-05-29,87.71,218.07,,54.04,,,2.13,17.23,66.46,,,,202.5,,2024,5,2,Summer,203.0,221.1
Delhi,2024-05-30,92.19,286.31,,47.77,,,2.98,21.25,67.57,,,,219.4,,2024,5,3,Summer,202.5,211.1
Delhi,2024-05-31,108.93,219.13,,46.0,,,2.5,24.42,73.7,,,,198.4,,2024,5,4,Summer,219.4,208.3
Delhi,2024-06-01,84.3,190.62,,46.77,,,1.87,19.66,72.08,,,,199.8,,2024,6,5,Monsoon,198.4,206.8
Delhi,2024-06-02,73.95,139.19,,32.57,,,1.88,17.22,64.51,,,,169.4,,2024,6,6,Monsoon,199.8,205.9
Delhi,2024-06-03,66.02,177.26,,46.5,,,1.65,12.57,56.13,,,,153.5,,2024,6,0,Monsoon,169.4,189.2
Delhi,2024-06-04,58.22,194.32,,48.28,,,1.54,14.66,46.9,,,,160.2,,2024,6,1,Monsoon,153.5,174.2
Delhi,2024-06-05,51.07,161.12,,50.44,,,1.67,14.26,47.63,,,,160.4,,2024,6,2,Monsoon,160.2,161.0
Delhi,2024-06-06,54.32,204.41,,50.5,,,1.63,13.44,49.73,,,,182.6,,2024,6,3,Monsoon,160.4,158.0
Delhi,2024-06-07,61.78,201.32,,47.21,,,1.78,14.37,49.87,,,,172.8,,2024,6,4,Monsoon,182.6,167.7
Delhi,2024-06-08,55.36,188.74,,52.87,,,1.36,13.09,41.31,,,,183.7,,2024,6,5,Monsoon,172.8,171.9
Delhi,2024-06-09,63.13,207.93,,54.34,,,1.34,12.38,51.35,,,,186.5,,2024,6,6,Monsoon,183.7,179.7
Delhi,2024-06-10,70.29,227.96,,54.74,,,1.32,12.33,55.98,,,,200.2,,2024,6,0,Monsoon,186.5,181.0
Delhi,2024-06-11,79.66,232.06,,54.73,,,1.1,11.85,58.99,,,,199.1,,2024,6,1,Monsoon,200.2,190.2
Delhi,2024-06-12,76.1,257.84,,58.28,,,1.07,12.58,56.61,,,,219.2,,2024,6,2,Monsoon,199.1,195.3
Delhi,2024-06-13,73.65,220.51,,60.57,,,0.94,12.89,57.96,,,,218.7,,2024,6,3,Monsoon,219.2,206.2
Delhi,2024-06-14,64.17,206.24,,53.71,,,1.3,13.47,53.89,,,,193.5,,2024,6,4,Monsoon,218.7,212.3
Delhi,2024-06-15,72.62,165.81,,50.94,,,1.33,12.67,60.31,,,,200.1,,2024,6,5,Monsoon,193.5,210.5
Delhi,2024-06-16,56.46,198.27,,46.71,,,1.64,13.8,63.32,,,,193.7,,2024,6,6,Monsoon,200.1,204.1
Delhi,2024-06-17,53.96,223.27,,46.78,,,1.35,13.1,64.86,,,,209.4,,2024,6,0,Monsoon,193.7,195.8
Delhi,2024-06-18,49.85,230.99,,44.03,,,1.39,10.93,57.01,,,,196.2,,2024,6,1,Monsoon,209.4,201.1
Delhi,2024-06-19,50.54,189.96,,40.68,,,1.22,9.72,52.49,,,,189.1,,2024,6,2,Monsoon,196.2,199.8
Delhi,2024-06-20,62.15,199.24,,40.84,,,0.95,10.41,49.08,,,,190.8,,2024,6,3,Monsoon,189.1,198.2
Delhi,2024-06-21,50.59,195.75,,40.45,,,0.56,12.06,50.82,,,,187.7,,2024,6,4,Monsoon,190.8,192.0
Delhi,2024-06-22,39.94,160.27,,40.25,,,0.85,12.66,53.08,,,,161.7,,2024,6,5,Monsoon,187.7,189.2
Delhi,2024-06-23,35.58,169.56,,33.64,,,1.32,11.13,52.76,,,,153.5,,2024,6,6,Monsoon,161.7,180.1
Delhi,2024-06-24,41.94,196.05,,38.82,,,0.6,10.0,62.19,,,,152.9,,2024,6,0,Monsoon,153.5,167.6
Delhi,2024-06-25,56.03,238.11,,41.82,,,0.33,10.12,52.37,,,,180.5,,2024,6,1,Monsoon,152.9,156.0
Delhi,2024-06-26,72.69,212.23,,39.76,,,0.43,12.01,54.22,,,,185.0,,2024,6,2,Monsoon,180.5,162.3
Delhi,2024-06-27,68.41,206.02,,51.65,,,1.14,13.11,49.69,,,,193.9,,2024,6,3,Monsoon,185.0,172.8
Delhi,2024-06-28,74.14,160.55,,52.4,,,0.63,12.26,51.78,,,,178.5,,2024,6,4,Monsoon,193.9,186.5
Delhi,2024-06-29,71.95,164.34,,46.66,,,0.4,15.5,55.2,,,,166.4,,2024,6,5,Monsoon,178.5,185.8
Delhi,2024-06-30,62.35,168.49,,36.87,,,0.67,13.35,45.78,,,,164.5,,2024,6,6,Monsoon,166.4,179.6
Delhi,2024-07-01,52.24,130.36,,31.78,,,0.35,16.21,45.48,,,,139.6,,2024,7,0,Monsoon,164.5,169.8
Delhi,2024-07-02,48.54,146.85,,35.03,,,0.28,13.87,45.85,,,,141.1,,2024,7,1,Monsoon,139.6,156.8
Delhi,2024-07-03,46.43,154.31,,33.12,,,0.55,12.14,45.78,,,,142.7,,2024,7,2,Monsoon,141.1,148.4
Delhi,2024-07-04,48.78,135.02,,40.02,,,0.7,11.72,40.17,,,,132.7,,2024,7,3,Monsoon,142.7,141.1
Delhi,2024-07-05,50.41,153.06,,44.43,,,0.89,12.72,39.16,,,,129.4,,2024,7,4,Monsoon,132.7,138.8
Delhi,2024-07-06,52.22,164.58,,35.73,,,1.07,13.32,35.33,,,,141.2,,2024,7,5,Monsoon,129.4,134.9
Delhi,2024-07-07,43.96,104.18,,33.76,,,1.01,13.02,44.9,,,,125.3,,2024,7,6,Monsoon,141.2,134.4
Delhi,2024-07-08,45.48,126.33,,32.32,,,1.11,14.16,44.55,,,,115.6,,2024,7,0,Monsoon,125.3,132.0
Delhi,2024-07-09,38.46,122.04,,34.29,,,1.16,12.89,42.66,,,,116.8,,2024,7,1,Monsoon,115.6,127.4
Delhi,2024-07-10,36.65,133.19,,31.86,,,1.08,10.46,46.79,,,,106.3,,2024,7,2,Monsoon,116.8,119.2
Delhi,2024-07-11,40.6,152.57,,42.08,,,0.93,10.41,41.28,,,,127.9,,2024,7,3,Monsoon,106.3,112.9
Delhi,2024-07-12,38.55,141.72,,32.08,,,1.24,12.4,43.8,,,,114.9,,2024,7,4,Monsoon,127.9,117.0
Delhi,2024-07-13,42.82,104.52,,32.26,,,1.22,12.35,43.34,,,,106.5,,2024,7,5,Monsoon,114.9,116.4
Delhi,2024-07-14,33.58,124.67,,32.54,,,0.77,10.69,46.09,,,,118.6,,2024,7,6,Monsoon,106.5,116.4
Delhi,2024-07-15,41.34,117.45,,23.2,,,0.95,12.41,43.23,,,,122.5,,2024,7,0,Monsoon,118.6,113.3
Delhi,2024-07-16,47.05,129.86,,27.36,,,1.15,12.48,39.9,,,,123.6,,2024,7,1,Monsoon,122.5,115.9
Delhi,2024-07-17,42.5,161.24,,32.07,,,1.13,11.44,37.75,,,,144.3,,2024,7,2,Monsoon,123.6,121.6
Delhi,2024-07-18,51.43,168.77,,39.24,,,1.28,11.99,42.66,,,,147.3,,2024,7,3,Monsoon,144.3,130.1
Delhi,2024-07-19,49.98,178.44,,40.24,,,0.7,11.02,41.6,,,,135.8,,2024,7,4,Monsoon,147.3,138.4
Delhi,2024-07-20,42.77,144.42,,35.05,,,1.03,12.36,41.83,,,,138.5,,2024,7,5,Monsoon,135.8,142.4
Delhi,2024-07-21,45.79,89.72,,34.0,,,1.13,9.39,34.1,,,,114.0,,2024,7,6,Monsoon,138.5,140.5
Delhi,2024-07-22,48.54,85.87,,38.1,,,1.19,11.18,38.68,,,,96.4,,2024,7,0,Monsoon,114.0,129.5
Delhi,2024-07-23,48.48,106.0,,36.86,,,0.86,10.62,38.53,,,,92.9,,2024,7,1,Monsoon,96.4,116.3
Delhi,2024-07-24,44.28,136.0,,31.4,,,1.2,10.99,42.2,,,,114.4,,2024,7,2,Monsoon,92.9,101.1
Delhi,2024-07-25,42.24,154.14,,28.29,,,1.1,11.07,40.09,,,,121.2,,2024,7,3,Monsoon,114.4,101.2
Delhi,2024-07-26,41.37,130.45,,33.97,,,1.13,11.27,40.96,,,,120.1,,2024,7,4,Monsoon,121.2,109.5
Delhi,2024-07-27,42.24,124.65,,38.95,,,1.08,12.43,38.52,,,,116.0,,2024,7,5,Monsoon,120.1,118.6
Delhi,2024-07-28,44.33,157.13,,30.98,,,1.3,13.03,33.78,,,,124.7,,2024,7,6,Monsoon,116.0,119.1
Delhi,2024-07-29,40.05,160.77,,30.85,,,1.12,12.62,38.55,,,,134.5,,2024,7,0,Monsoon,124.7,120.3
Delhi,2024-07-30,43.33,157.71,,34.49,,,1.49,12.15,35.72,,,,123.7,,2024,7,1,Monsoon,134.5,125.1
Delhi,2024-07-31,35.93,110.74,,37.27,,,1.62,13.04,34.42,,,,120.0,,2024,7,2,Monsoon,123.7,127.7
Delhi,2024-08-01,38.73,121.95,,38.41,,,1.83,11.56,42.91,,,,111.7,,2024,8,3,Monsoon,120.0,126.1
Delhi,2024-08-02,36.4,124.74,,37.9,,,1.36,12.99,43.84,,,,99.7,,2024,8,4,Monsoon,111.7,118.5
Delhi,2024-08-03,39.19,122.45,,41.51,,,1.43,10.16,34.57,,,,93.3,,2024,8,5,Monsoon,99.7,110.5
Delhi,2024-08-04,33.36,127.28,,35.11,,,1.3,8.58,37.98,,,,102.1,,2024,8,6,Monsoon,93.3,101.5
Delhi,2024-08-05,36.27,162.08,,35.66,,,1.22,10.71,34.59,,,,124.0,,2024,8,0,Monsoon,102.1,98.4
Delhi,2024-08-06,36.37,150.77,,36.46,,,0.9,8.49,41.17,,,,123.4,,2024,8,1,Monsoon,124.0,106.5
Delhi,2024-08-07,36.58,147.97,,35.04,,,0.93,10.14,42.33,,,,121.7,,2024,8,2,Monsoon,123.4,116.5
Delhi,2024-08-08,39.65,162.73,,33.61,,,0.96,11.87,45.44,,,,132.6,,2024,8,3,Monsoon,121.7,123.0
Delhi,2024-08-09,40.82,158.98,,37.68,,,1.06,12.1,42.63,,,,149.4,,2024,8,4,Monsoon,132.6,125.9
Delhi,2024-08-10,42.81,147.98,,35.58,,,0.92,12.9,33.43,,,,143.5,,2024,8,5,Monsoon,149.4,134.6
Delhi,2024-08-11,46.09,167.57,,34.26,,,1.01,12.2,34.1,,,,150.5,,2024,8,6,Monsoon,143.5,141.8
Delhi,2024-08-12,44.82,173.82,,36.72,,,0.98,13.07,45.3,,,,156.8,,2024,8,0,Monsoon,150.5,147.8
Delhi,2024-08-13,45.2,146.56,,36.02,,,0.87,12.72,42.87,,,,145.5,,2024,8,1,Monsoon,156.8,150.3
Delhi,2024-08-14,44.75,111.14,,35.46,,,0.92,11.85,47.1,,,,143.7,,2024,8,2,Monsoon,145.5,150.9
Delhi,2024-08-15,46.71,97.45,,34.5,,,1.04,12.56,49.64,,,,120.5,,2024,8,3,Monsoon,143.7,148.7
Delhi,2024-08-16,44.22,141.34,,35.02,,,1.27,10.9,40.43,,,,95.2,,2024,8,4,Monsoon,120.5,136.6
Delhi,2024-08-17,45.48,151.23,,35.36,,,1.15,9.12,38.59,,,,107.3,,2024,8,5,Monsoon,95.2,119.8
Delhi,2024-08-18,48.63,123.07,,35.3,,,1.14,11.25,44.04,,,,113.2,,2024,8,6,Monsoon,107.3,107.7
Delhi,2024-08-19,48.33,133.5,,37.09,,,0.89,10.88,47.51,,,,125.3,,2024,8,0,Monsoon,113.2,105.2
Delhi,2024-08-20,47.5,124.11,,32.16,,,0.72,11.26,39.07,,,,119.7,,2024,8,1,Monsoon,125.3,115.3
Delhi,2024-08-21,43.28,133.8,,32.88,,,0.55,10.6,36.37,,,,113.4,,2024,8,2,Monsoon,119.7,119.4
Delhi,2024-08-22,38.87,128.18,,30.58,,,0.76,10.75,34.73,,,,117.6,,2024,8,3,Monsoon,113.4,119.5
Delhi,2024-08-23,35.51,110.69,,31.98,,,0.99,11.97,44.34,,,,107.4,,2024,8,4,Monsoon,117.6,116.9
Delhi,2024-08-24,36.58,96.96,,28.7,,,0.85,11.83,47.74,,,,87.6,,2024,8,5,Monsoon,107.4,112.8
Delhi,2024-08-25,39.49,88.52,,27.78,,,0.77,12.15,42.3,,,,78.0,,2024,8,6,Monsoon,87.6,104.2
Delhi,2024-08-26,47.3,93.65,,30.63,,,0.9,11.71,39.51,,,,78.9,,2024,8,0,Monsoon,78.0,91.0
Delhi,2024-08-27,47.34,92.65,,35.39,,,1.04,13.25,40.69,,,,56.8,,2024,8,1,Monsoon,78.9,81.5
Delhi,2024-08-28,47.48,100.33,,34.74,,,1.11,10.19,34.82,,,,71.1,,2024,8,2,Monsoon,56.8,71.2
Delhi,2024-08-29,49.3,103.95,,38.42,,,1.18,9.72,31.63,,,,88.3,,2024,8,3,Monsoon,71.1,68.9
Delhi,2024-08-30,50.39,122.87,,36.3,,,1.06,8.55,40.12,,,,98.3,,2024,8,4,Monsoon,88.3,72.1
Delhi,2024-08-31,41.09,103.25,,38.54,,,0.82,9.95,31.88,,,,91.1,,2024,8,5,Monsoon,98.3,85.9
Delhi,2024-09-01,34.0,108.44,,45.32,,,0.82,8.62,42.64,,,,99.7,,2024,9,6,Monsoon,91.1,92.6
Delhi,2024-09-02,40.62,115.77,,38.29,,,0.9,9.83,49.68,,,,96.5,,2024,9,0,Monsoon,99.7,96.4
Delhi,2024-09-03,44.7,107.86,,38.49,,,0.99,11.95,41.06,,,,97.9,,2024,9,1,Monsoon,96.5,95.8
Delhi,2024-09-04,44.57,133.67,,37.28,,,0.96,10.39,44.91,,,,108.8,,2024,9,2,Monsoon,97.9,98.1
Delhi,2024-09-05,45.43,125.24,,33.65,,,0.86,10.81,50.37,,,,103.2,,2024,9,3,Monsoon,108.8,101.1
Delhi,2024-09-06,49.6,129.86,,37.96,,,0.97,12.98,50.34,,,,100.3,,2024,9,4,Monsoon,103.2,103.3
Delhi,2024-09-07,43.98,114.85,,39.07,,,1.04,12.73,52.85,,,,95.7,,2024,9,5,Monsoon,100.3,104.1
Delhi,2024-09-08,46.59,118.24,,36.06,,,1.11,11.79,48.97,,,,100.1,,2024,9,6,Monsoon,95.7,99.7
Delhi,2024-09-09,45.09,135.11,,32.79,,,1.11,12.8,44.99,,,,111.2,,2024,9,0,Monsoon,100.1,98.7
Delhi,2024-09-10,49.73,134.8,,34.18,,,1.07,12.96,45.15,,,,106.4,,2024,9,1,Monsoon,111.2,102.3
Delhi,2024-09-11,50.83,139.4,,35.37,,,1.1,14.2,39.86,,,,112.7,,2024,9,2,Monsoon,106.4,105.9
Delhi,2024-09-12,50.64,138.14,,35.81,,,1.07,14.57,48.6,,,,119.3,,2024,9,3,Monsoon,112.7,110.1
Delhi,2024-09-13,47.56,130.01,,38.18,,,0.89,11.97,47.21,,,,126.0,,2024,9,4,Monsoon,119.3,112.8
Delhi,2024-09-14,56.17,124.87,,40.28,,,0.72,12.07,44.95,,,,115.6,,2024,9,5,Monsoon,126.0,119.3
Delhi,2024-09-15,59.56,124.55,,33.56,,,0.77,10.13,29.5,,,,110.0,,2024,9,6,Monsoon,115.6,120.3
Delhi,2024-09-16,59.4,111.86,,38.07,,,0.73,12.67,33.0,,,,114.3,,2024,9,0,Monsoon,110.0,117.2
Delhi,2024-09-17,57.97,98.29,,37.07,,,0.93,11.71,40.52,,,,101.4,,2024,9,1,Monsoon,114.3,113.3
Delhi,2024-09-18,57.86,90.83,,34.32,,,0.95,14.15,47.29,,,,97.4,,2024,9,2,Monsoon,101.4,108.6
Delhi,2024-09-19,64.46,75.08,,34.48,,,1.06,15.86,53.98,,,,97.1,,2024,9,3,Monsoon,97.4,104.4
Delhi,2024-09-20,58.21,80.18,,31.45,,,1.08,15.9,50.26,,,,97.2,,2024,9,4,Monsoon,97.1,98.6
Delhi,2024-09-21,56.47,111.1,,35.53,,,1.04,13.17,37.3,,,,99.4,,2024,9,5,Monsoon,97.2,97.2
Delhi,2024-09-22,57.96,95.26,,33.45,,,1.01,12.77,36.94,,,,85.0,,2024,9,6,Monsoon,99.4,97.9
Delhi,2024-09-23,56.74,83.43,,33.76,,,0.98,12.3,36.33,,,,73.0,,2024,9,0,Monsoon,85.0,93.9
Delhi,2024-09-24,54.17,116.52,,39.12,,,1.16,15.67,32.23,,,,82.5,,2024,9,1,Monsoon,73.0,85.8
Delhi,2024-09-25,54.45,121.99,,38.49,,,0.97,17.82,32.37,,,,106.6,,2024,9,2,Monsoon,82.5,80.2
Delhi,2024-09-26,51.26,133.1,,41.42,,,0.99,16.76,42.04,,,,104.7,,2024,9,3,Monsoon,106.6,87.3
Delhi,2024-09-27,49.87,142.57,,32.6,,,1.01,17.26,43.77,,,,101.1,,2024,9,4,Monsoon,104.7,97.9
Delhi,2024-09-28,42.92,130.17,,35.77,,,1.05,12.77,40.67,,,,105.7,,2024,9,5,Monsoon,101.1,104.1
Delhi,2024-09-29,47.16,132.65,,32.59,,,0.74,13.29,38.14,,,,112.4,,2024,9,6,Monsoon,105.7,103.8
Delhi,2024-09-30,48.06,104.98,,36.62,,,0.81,11.61,41.23,,,,105.4,,2024,9,0,Monsoon,112.4,106.4
Delhi,2024-10-01,100.77,162.25,,47.03,,,1.17,13.47,59.27,,,,124.8,,2024,10,1,Post-Monsoon,105.4,107.9
Delhi,2024-10-02,128.34,236.47,,59.09,,,1.48,14.02,62.01,,,,169.0,,2024,10,2,Post-Monsoon,124.8,114.2
Delhi,2024-10-03,142.57,255.78,,61.67,,,1.55,15.65,60.59,,,,191.4,,2024,10,3,Post-Monsoon,169.0,133.1
Delhi,2024-10-04,172.48,273.29,,57.62,,,1.73,15.65,55.13,,,,206.5,,2024,10,4,Post-Monsoon,191.4,161.7
Delhi,2024-10-05,133.13,222.94,,49.2,,,1.85,13.37,55.28,,,,201.2,,2024,10,5,Post-Monsoon,206.5,189.0
Delhi,2024-10-06,106.95,229.1,,41.22,,,2.05,13.5,60.95,,,,201.5,,2024,10,6,Post-Monsoon,201.2,199.7
Delhi,2024-10-07,130.91,231.44,,43.04,,,1.69,18.21,58.36,,,,206.7,,2024,10,0,Post-Monsoon,201.5,203.1
Delhi,2024-10-08,118.22,261.71,,47.02,,,1.74,19.19,57.56,,,,231.9,,2024,10,1,Post-Monsoon,206.7,203.2
Delhi,2024-10-09,114.66,298.51,,58.05,,,1.7,22.04,52.75,,,,263.2,,2024,10,2,Post-Monsoon,231.9,213.4
Delhi,2024-10-10,118.06,269.4,,57.45,,,1.74,18.4,51.06,,,,252.6,,2024,10,3,Post-Monsoon,263.2,233.9
Delhi,2024-10-11,142.79,285.73,,58.22,,,1.67,18.33,51.33,,,,254.4,,2024,10,4,Post-Monsoon,252.6,249.3
Delhi,2024-10-12,146.68,270.32,,59.37,,,1.49,15.8,47.41,,,,245.4,,2024,10,5,Post-Monsoon,254.4,256.8
Delhi,2024-10-13,162.97,281.21,,51.59,,,1.4,16.69,45.26,,,,236.6,,2024,10,6,Post-Monsoon,245.4,250.8
Delhi,2024-10-14,172.06,244.66,,54.03,,,1.58,14.99,48.33,,,,244.1,,2024,10,0,Post-Monsoon,236.6,245.5
Delhi,2024-10-15,159.41,261.77,,55.99,,,1.49,15.69,40.58,,,,233.2,,2024,10,1,Post-Monsoon,244.1,242.1
Delhi,2024-10-16,165.36,257.97,,53.41,,,1.22,13.43,42.38,,,,246.2,,2024,10,2,Post-Monsoon,233.2,238.0
Delhi,2024-10-17,147.17,272.82,,52.08,,,1.28,16.03,39.41,,,,243.8,,2024,10,3,Post-Monsoon,246.2,241.2
Delhi,2024-10-18,176.7,316.55,,57.42,,,1.43,16.18,49.63,,,,259.9,,2024,10,4,Post-Monsoon,243.8,241.1
Delhi,2024-10-19,167.85,298.56,,54.66,,,1.35,13.68,58.34,,,,263.2,,2024,10,5,Post-Monsoon,259.9,250.0
Delhi,2024-10-20,159.67,274.82,,48.63,,,1.21,13.97,49.2,,,,266.5,,2024,10,6,Post-Monsoon,263.2,255.6
Delhi,2024-10-21,145.84,255.77,,61.61,,,1.27,16.74,56.87,,,,250.1,,2024,10,0,Post-Monsoon,266.5,263.2
Delhi,2024-10-22,132.14,273.21,,59.0,,,1.54,17.06,65.64,,,,244.0,,2024,10,1,Post-Monsoon,250.1,259.9
Delhi,2024-10-23,143.61,245.25,,61.71,,,1.61,17.42,61.86,,,,251.4,,2024,10,2,Post-Monsoon,244.0,253.5
Delhi,2024-10-24,127.08,278.56,,55.03,,,1.68,18.36,62.17,,,,247.1,,2024,10,3,Post-Monsoon,251.4,248.5
Delhi,2024-10-25,134.36,282.93,,66.75,,,1.54,16.22,64.17,,,,248.1,,2024,10,4,Post-Monsoon,247.1,247.5
Delhi,2024-10-26,130.98,297.85,,46.47,,,1.21,14.9,52.13,,,,275.3,,2024,10,5,Post-Monsoon,248.1,248.9
Delhi,2024-10-27,140.85,304.63,,48.88,,,0.99,16.75,61.84,,,,268.3,,2024,10,6,Post-Monsoon,275.3,256.8
Delhi,2024-10-28,131.69,305.72,,54.37,,,0.96,17.09,62.51,,,,278.7,,2024,10,0,Post-Monsoon,268.3,263.9
Delhi,2024-10-29,125.71,326.28,,51.17,,,1.42,17.15,56.81,,,,293.1,,2024,10,1,Post-Monsoon,278.7,274.1
Delhi,2024-10-30,165.18,311.6,,51.06,,,1.69,15.64,68.48,,,,299.6,,2024,10,2,Post-Monsoon,293.1,280.0
Delhi,2024-10-31,156.12,323.31,,53.7,,,1.83,14.44,78.86,,,,288.0,,2024,10,3,Post-Monsoon,299.6,290.5
Delhi,2024-11-01,154.9,340.29,,66.57,,,1.88,14.4,67.13,,,,300.9,,2024,11,4,Post-Monsoon,288.0,293.6
Delhi,2024-11-02,154.4,364.74,,65.61,,,1.84,14.14,47.07,,,,307.4,,2024,11,5,Post-Monsoon,300.9,296.2
Delhi,2024-11-03,186.8,298.18,,49.19,,,2.01,11.68,48.93,,,,292.3,,2024,11,6,Post-Monsoon,307.4,298.8
Delhi,2024-11-04,232.05,309.55,,59.14,,,1.89,14.5,54.76,,,,320.8,,2024,11,0,Post-Monsoon,292.3,300.2
Delhi,2024-11-05,228.89,315.11,,61.6,,,1.93,12.53,46.51,,,,334.8,,2024,11,1,Post-Monsoon,320.8,306.8
Delhi,2024-11-06,229.56,337.07,,70.03,,,1.97,13.5,52.98,,,,337.2,,2024,11,2,Post-Monsoon,334.8,316.0
Delhi,2024-11-07,205.84,367.23,,75.53,,,1.77,15.83,50.81,,,,334.0,,2024,11,3,Post-Monsoon,337.2,330.9
Delhi,2024-11-08,237.03,316.21,,70.81,,,1.79,16.5,43.21,,,,340.9,,2024,11,4,Post-Monsoon,334.0,335.3
Delhi,2024-11-09,221.83,290.43,,68.63,,,1.85,16.16,39.95,,,,338.3,,2024,11,5,Post-Monsoon,340.9,337.4
Delhi,2024-11-10,197.61,287.87,,69.93,,,1.74,17.21,42.76,,,,309.9,,2024,11,6,Post-Monsoon,338.3,337.7
Delhi,2024-11-11,252.26,338.24,,75.13,,,1.69,15.44,45.72,,,,321.9,,2024,11,0,Post-Monsoon,309.9,329.7
Delhi,2024-11-12,273.01,395.83,,87.74,,,1.77,15.19,60.9,,,,354.9,,2024,11,1,Post-Monsoon,321.9,323.4
Delhi,2024-11-13,244.5,325.64,,89.85,,,1.69,16.72,62.46,,,,360.9,,2024,11,2,Post-Monsoon,354.9,328.9
Delhi,2024-11-14,247.16,333.47,,94.43,,,2.02,17.52,65.71,,,,367.6,,2024,11,3,Post-Monsoon,360.9,345.9
Delhi,2024-11-15,240.77,377.17,,87.53,,,1.81,16.73,66.7,,,,357.8,,2024,11,4,Post-Monsoon,367.6,361.1
Delhi,2024-11-16,231.42,397.96,,82.26,,,2.01,16.01,66.69,,,,366.1,,2024,11,5,Post-Monsoon,357.8,362.1
Delhi,2024-11-17,161.78,387.93,,82.35,,,1.67,19.52,71.96,,,,372.5,,2024,11,6,Post-Monsoon,366.1,363.8
Delhi,2024-11-18,130.4,396.51,,82.98,,,1.67,19.02,72.72,,,,361.3,,2024,11,0,Post-Monsoon,372.5,365.4
Delhi,2024-11-19,161.88,412.91,,90.83,,,1.76,20.12,63.73,,,,357.3,,2024,11,1,Post-Monsoon,361.3,366.6
Delhi,2024-11-20,220.59,392.26,,91.98,,,1.7,19.41,65.39,,,,355.0,,2024,11,2,Post-Monsoon,357.3,363.7
Delhi,2024-11-21,192.02,442.72,,81.09,,,1.89,21.01,53.02,,,,364.4,,2024,11,3,Post-Monsoon,355.0,357.9
Delhi,2024-11-22,199.51,388.55,,89.41,,,2.03,20.2,59.17,,,,360.6,,2024,11,4,Post-Monsoon,364.4,358.9
Delhi,2024-11-23,207.56,411.19,,76.09,,,1.72,22.28,63.67,,,,353.2,,2024,11,5,Post-Monsoon,360.6,360.0
Delhi,2024-11-24,202.53,388.83,,69.65,,,1.5,20.51,52.43,,,,355.9,,2024,11,6,Post-Monsoon,353.2,359.4
Delhi,2024-11-25,215.88,359.2,,79.35,,,1.57,18.2,50.63,,,,348.0,,2024,11,0,Post-Monsoon,355.9,356.5
Delhi,2024-11-26,225.1,358.81,,64.91,,,1.64,20.12,54.44,,,,337.8,,2024,11,1,Post-Monsoon,348.0,352.3
Delhi,2024-11-27,203.59,410.67,,55.99,,,1.96,18.22,61.11,,,,347.9,,2024,11,2,Post-Monsoon,337.8,347.2
Delhi,2024-11-28,251.65,410.26,,63.32,,,2.01,19.09,64.37,,,,377.3,,2024,11,3,Post-Monsoon,347.9,344.6
Delhi,2024-11-29,241.34,390.19,,58.47,,,2.26,19.19,70.32,,,,366.9,,2024,11,4,Post-Monsoon,377.3,354.4
Delhi,2024-11-30,234.45,330.13,,55.03,,,1.99,19.04,56.3,,,,364.7,,2024,11,5,Post-Monsoon,366.9,364.0
Delhi,2024-12-01,217.97,289.5,,46.22,,,0.6,17.29,39.84,,,,358.6,,2024,12,6,Winter,364.7,369.6
Delhi,2024-12-02,212.82,306.18,,52.64,,,1.7,15.86,41.73,,,,336.8,,2024,12,0,Winter,358.6,363.4
Delhi,2024-12-03,200.59,292.56,,55.63,,,1.6,16.17,44.16,,,,321.8,,2024,12,1,Winter,336.8,353.4
Delhi,2024-12-04,207.24,338.9,,63.02,,,1.14,17.99,42.1,,,,322.7,,2024,12,2,Winter,321.8,339.1
Delhi,2024-12-05,219.22,327.78,,67.92,,,2.12,16.59,43.87,,,,314.1,,2024,12,3,Winter,322.7,327.1
Delhi,2024-12-06,207.78,393.31,,68.88,,,0.9,20.1,50.06,,,,309.7,,2024,12,4,Winter,314.1,319.5
Delhi,2024-12-07,202.06,386.48,,71.07,,,2.43,17.66,44.43,,,,323.7,,2024,12,5,Winter,309.7,315.5
Delhi,2024-12-08,190.81,337.09,,76.47,,,3.47,17.23,50.99,,,,307.8,,2024,12,6,Winter,323.7,315.8
Delhi,2024-12-09,218.02,356.67,,67.67,,,2.18,17.99,60.22,,,,322.0,,2024,12,0,Winter,307.8,313.7
Delhi,2024-12-10,213.31,388.75,,59.0,,,2.09,16.85,70.3,,,,324.6,,2024,12,1,Winter,322.0,317.8
Delhi,2024-12-11,181.78,340.71,,66.91,,,2.12,16.33,67.31,,,,316.1,,2024,12,2,Winter,324.6,318.1
Delhi,2024-12-12,194.54,359.83,,64.78,,,2.52,16.57,66.05,,,,312.9,,2024,12,3,Winter,316.1,320.9
Delhi,2024-12-13,146.72,375.93,,70.78,,,2.81,17.22,55.96,,,,327.1,,2024,12,4,Winter,312.9,317.9
Delhi,2024-12-14,177.22,360.56,,81.3,,,2.83,14.75,44.12,,,,333.1,,2024,12,5,Winter,327.1,318.7
Delhi,2024-12-15,154.68,315.22,,71.14,,,2.1,15.63,40.24,,,,311.9,,2024,12,6,Winter,333.1,324.3
Delhi,2024-12-16,169.16,367.48,,73.6,,,4.3,15.9,46.02,,,,311.7,,2024,12,0,Winter,311.9,324.0
Delhi,2024-12-17,187.25,377.23,,67.72,,,3.79,15.08,44.26,,,,334.6,,2024,12,1,Winter,311.7,318.9
Delhi,2024-12-18,207.45,353.66,,69.97,,,2.04,17.71,38.83,,,,328.0,,2024,12,2,Winter,334.6,319.4
Delhi,2024-12-19,208.3,353.31,,67.41,,,2.61,17.25,49.26,,,,320.2,,2024,12,3,Winter,328.0,324.8
Delhi,2024-12-20,250.66,404.27,,74.68,,,4.55,18.24,46.82,,,,335.8,,2024,12,4,Winter,320.2,327.6
Delhi,2024-12-21,220.79,352.04,,70.94,,,3.99,17.95,45.7,,,,335.0,,2024,12,5,Winter,335.8,328.0
Delhi,2024-12-22,240.73,359.37,,72.87,,,1.87,17.62,33.31,,,,362.1,,2024,12,6,Winter,335.0,330.3
Delhi,2024-12-23,220.06,342.66,,72.33,,,2.79,18.38,49.82,,,,361.3,,2024,12,0,Winter,362.1,344.3
Delhi,2024-12-24,201.76,372.12,,68.55,,,1.67,17.94,38.1,,,,350.5,,2024,12,1,Winter,361.3,352.8
Delhi,2024-12-25,187.34,390.23,,66.66,,,3.32,18.26,31.84,,,,345.0,,2024,12,2,Winter,350.5,358.0
Delhi,2024-12-26,197.76,386.35,,72.96,,,3.16,19.24,39.34,,,,348.7,,2024,12,3,Winter,345.0,352.3
Delhi,2024-12-27,175.8,371.91,,72.4,,,2.08,19.31,34.04,,,,341.2,,2024,12,4,Winter,348.7,348.1
Delhi,2024-12-28,215.51,335.68,,75.19,,,2.24,20.4,33.07,,,,338.2,,2024,12,5,Winter,341.2,345.0
Delhi,2024-12-29,210.49,311.12,,67.02,,,3.19,19.57,34.75,,,,328.6,,2024,12,6,Winter,338.2,342.7
Delhi,2024-12-30,221.29,322.6,,65.56,,,2.24,17.87,56.55,,,,328.4,,2024,12,0,Winter,328.6,336.0
Delhi,2024-12-31,240.43,377.27,,65.24,,,2.47,18.3,43.0,,,,328.9,,2024,12,1,Winter,328.4,331.7
Delhi,2025-01-01,226.25,340.81,,71.68,,,4.31,16.78,41.11,,,,348.4,,2025,1,2,Winter,328.9,328.6
Delhi,2025-01-02,225.03,344.42,,64.03,,,5.29,17.12,42.84,,,,341.3,,2025,1,3,Winter,348.4,335.2
Delhi,2025-01-03,211.08,375.98,,65.79,,,4.77,18.75,45.6,,,,343.5,,2025,1,4,Winter,341.3,339.5
Delhi,2025-01-04,219.49,336.3,,67.87,,,2.07,17.64,53.53,,,,327.6,,2025,1,5,Winter,343.5,344.4
Delhi,2025-01-05,221.27,342.26,,64.1,,,3.25,17.2,46.39,,,,335.7,,2025,1,6,Winter,327.6,337.5
Delhi,2025-01-06,233.26,378.44,,56.17,,,2.38,17.12,38.61,,,,344.2,,2025,1,0,Winter,335.7,335.6
Delhi,2025-01-07,222.09,384.96,,54.76,,,2.79,16.18,34.82,,,,339.3,,2025,1,1,Winter,344.2,335.9
Delhi,2025-01-08,232.98,342.38,,61.38,,,1.59,16.78,44.77,,,,347.6,,2025,1,2,Winter,339.3,339.8
Delhi,2025-01-09,227.94,325.96,,55.22,,,2.02,18.37,38.63,,,,349.0,,2025,1,3,Winter,347.6,343.7
Delhi,2025-01-10,204.31,292.97,,54.0,,,1.62,16.13,49.7,,,,331.1,,2025,1,4,Winter,349.0,345.3
Delhi,2025-01-11,218.27,265.55,,44.95,,,3.59,15.58,53.05,,,,355.3,,2025,1,5,Winter,331.1,342.5
Delhi,2025-01-12,211.26,277.86,,36.96,,,3.46,15.67,46.87,,,,338.9,,2025,1,6,Winter,355.3,345.1
Delhi,2025-01-13,205.25,282.97,,54.27,,,3.46,14.86,44.27,,,,332.7,,2025,1,0,Winter,338.9,341.7
Delhi,2025-01-14,205.62,283.52,,45.75,,,3.06,15.33,45.64,,,,313.6,,2025,1,1,Winter,332.7,342.3
Delhi,2025-01-15,227.81,315.3,,56.74,,,3.55,17.1,36.89,,,,339.6,,2025,1,2,Winter,313.6,328.4
Delhi,2025-01-16,200.99,304.85,,60.32,,,3.86,17.62,37.82,,,,319.5,,2025,1,3,Winter,339.6,328.6
Delhi,2025-01-17,244.04,304.4,,58.37,,,3.78,15.57,43.75,,,,338.0,,2025,1,4,Winter,319.5,324.2
Delhi,2025-01-18,228.89,345.34,,53.37,,,2.9,15.04,47.08,,,,335.6,,2025,1,5,Winter,338.0,332.3
Delhi,2025-01-19,203.19,282.88,,53.53,,,4.43,15.33,50.8,,,,319.7,,2025,1,6,Winter,335.6,331.0
Delhi,2025-01-20,177.44,257.44,,48.37,,,4.19,18.29,45.23,,,,290.6,,2025,1,0,Winter,319.7,331.1
Delhi,2025-01-21,169.5,257.83,,57.88,,,2.58,17.11,67.39,,,,266.9,,2025,1,1,Winter,290.6,315.3
Delhi,2025-01-22,168.97,311.13,,59.62,,,1.72,15.63,52.6,,,,264.9,,2025,1,2,Winter,266.9,292.4
Delhi,2025-01-23,179.08,314.84,,57.98,,,1.3,15.37,54.21,,,,282.5,,2025,1,3,Winter,264.9,274.1
Delhi,2025-01-24,182.67,306.94,,58.05,,,1.17,17.08,65.57,,,,283.4,,2025,1,4,Winter,282.5,271.5
Delhi,2025-01-25,182.83,331.79,,50.27,,,2.1,16.8,50.3,,,,293.2,,2025,1,5,Winter,283.4,276.9
Delhi,2025-01-26,187.38,309.46,,55.29,,,2.58,14.85,47.53,,,,283.4,,2025,1,6,Winter,293.2,286.4
Delhi,2025-01-27,199.7,302.74,,48.63,,,3.41,12.0,37.43,,,,292.1,,2025,1,0,Winter,283.4,286.7
Delhi,2025-01-28,199.89,293.92,,61.21,,,3.92,13.36,44.27,,,,293.3,,2025,1,1,Winter,292.1,289.6
Delhi,2025-01-29,198.71,338.69,,65.1,,,3.8,17.13,38.37,,,,294.4,,2025,1,2,Winter,293.3,289.6
Delhi,2025-01-30,177.53,348.68,,59.39,,,5.61,11.45,37.26,,,,297.6,,2025,1,3,Winter,294.4,293.3
Delhi,2025-01-31,213.72,300.58,,64.16,,,3.6,11.76,56.82,,,,314.2,,2025,1,4,Winter,297.6,295.1
Delhi,2025-02-01,196.84,281.96,,62.07,,,3.39,10.78,45.99,,,,295.5,,2025,2,5,Winter,314.2,302.0
Delhi,2025-02-02,179.11,285.71,,56.61,,,2.04,11.79,45.67,,,,290.8,,2025,2,6,Winter,295.5,302.4
Delhi,2025-02-03,176.62,282.74,,53.62,,,3.11,12.18,52.61,,,,279.1,,2025,2,0,Winter,290.8,300.2
Delhi,2025-02-04,158.84,293.29,,52.77,,,2.91,14.67,43.76,,,,285.9,,2025,2,1,Winter,279.1,288.5
Delhi,2025-02-05,154.53,262.49,,47.89,,,2.55,13.03,59.37,,,,261.4,,2025,2,2,Winter,285.9,285.3
Delhi,2025-02-06,169.34,254.1,,45.61,,,1.44,13.27,49.53,,,,251.3,,2025,2,3,Winter,261.4,275.5
Delhi,2025-02-07,134.5,281.6,,49.94,,,2.17,13.09,43.28,,,,230.8,,2025,2,4,Winter,251.3,266.2
Delhi,2025-02-08,172.37,266.06,,47.86,,,0.9,10.52,55.74,,,,253.9,,2025,2,5,Winter,230.8,247.8
Delhi,2025-02-09,167.75,229.8,,55.29,,,2.16,12.68,55.16,,,,241.0,,2025,2,6,Winter,253.9,245.4
Delhi,2025-02-10,142.83,225.24,,58.05,,,2.25,11.59,51.68,,,,236.6,,2025,2,0,Winter,241.0,241.9
Delhi,2025-02-11,151.48,212.26,,63.2,,,3.53,11.23,46.73,,,,234.2,,2025,2,1,Winter,236.6,243.8
Delhi,2025-02-12,151.16,228.03,,63.32,,,4.07,13.49,50.8,,,,221.1,,2025,2,2,Winter,234.2,237.2
Delhi,2025-02-13,151.52,223.02,,55.93,,,3.84,13.86,51.91,,,,232.0,,2025,2,3,Winter,221.1,230.6
Delhi,2025-02-14,165.53,237.81,,57.94,,,4.26,14.73,54.33,,,,238.1,,2025,2,4,Winter,232.0,229.1
Delhi,2025-02-15,181.86,222.84,,61.61,,,4.49,12.52,61.36,,,,236.7,,2025,2,5,Winter,238.1,230.4
Delhi,2025-02-16,165.77,238.4,,58.96,,,3.99,13.86,47.74,,,,260.4,,2025,2,6,Winter,236.7,235.6
Delhi,2025-02-17,150.76,249.77,,55.04,,,2.72,10.92,37.72,,,,255.4,,2025,2,0,Winter,260.4,245.1
Delhi,2025-02-18,139.63,238.15,,50.74,,,2.09,12.81,48.74,,,,241.4,,2025,2,1,Winter,255.4,250.9
Delhi,2025-02-19,132.87,257.95,,52.43,,,0.97,13.92,48.26,,,,240.3,,2025,2,2,Winter,241.4,252.4
Delhi,2025-02-20,153.75,238.69,,63.03,,,0.18,15.5,42.39,,,,247.8,,2025,2,3,Winter,240.3,245.7
Delhi,2025-02-21,166.12,241.62,,61.01,,,2.41,13.77,37.54,,,,255.1,,2025,2,4,Winter,247.8,243.2
Delhi,2025-02-22,171.64,237.23,,61.57,,,2.76,17.03,38.87,,,,255.5,,2025,2,5,Winter,255.1,247.7
Delhi,2025-02-23,147.42,218.07,,59.73,,,3.05,15.92,30.28,,,,241.0,,2025,2,6,Winter,255.5,252.8
Delhi,2025-02-24,159.18,205.41,,58.31,,,1.74,12.94,42.58,,,,237.6,,2025,2,0,Winter,241.0,250.5
Delhi,2025-02-25,177.34,228.29,,59.54,,,1.78,12.24,39.5,,,,240.5,,2025,2,1,Winter,237.6,244.7
Delhi,2025-02-26,173.77,251.83,,59.79,,,2.49,12.19,29.02,,,,259.1,,2025,2,2,Winter,240.5,239.7
Delhi,2025-02-27,145.42,227.33,,58.76,,,2.57,13.81,27.98,,,,251.8,,2025,2,3,Winter,259.1,245.7
Delhi,2025-02-28,121.84,204.13,,57.16,,,3.87,12.51,26.81,,,,237.0,,2025,2,4,Winter,251.8,250.5
Delhi,2025-03-01,115.6,214.27,,60.01,,,2.47,13.64,31.15,,,,214.8,,2025,3,5,Summer,237.0,249.3
Delhi,2025-03-02,97.72,200.85,,51.72,,,2.21,12.97,37.71,,,,208.8,,2025,3,6,Summer,214.8,234.5
Delhi,2025-03-03,81.46,188.86,,48.35,,,2.22,12.28,40.92,,,,197.4,,2025,3,0,Summer,208.8,220.2
Delhi,2025-03-04,84.21,170.41,,56.09,,,2.79,15.21,47.93,,,,181.8,,2025,3,1,Summer,197.4,207.0
Delhi,2025-03-05,95.59,175.72,,51.85,,,4.03,16.78,55.39,,,,177.1,,2025,3,2,Summer,181.8,196.0
Delhi,2025-03-06,96.88,190.97,,53.63,,,3.3,18.92,59.13,,,,177.7,,2025,3,3,Summer,177.1,185.4
Delhi,2025-03-07,98.78,213.54,,53.69,,,2.7,19.67,62.6,,,,189.1,,2025,3,4,Summer,177.7,178.9
Delhi,2025-03-08,93.41,217.92,,60.98,,,1.89,16.19,70.42,,,,195.3,,2025,3,5,Summer,189.1,181.3
Delhi,2025-03-09,90.43,198.31,,59.37,,,1.48,20.27,59.53,,,,185.8,,2025,3,6,Summer,195.3,187.4
Delhi,2025-03-10,95.24,215.37,,61.45,,,3.97,20.29,50.95,,,,182.3,,2025,3,0,Summer,185.8,190.1
Delhi,2025-03-11,104.2,206.16,,48.98,,,3.68,18.49,44.97,,,,175.5,,2025,3,1,Summer,182.3,187.8
Delhi,2025-03-12,96.74,178.26,,50.15,,,3.35,14.6,47.77,,,,168.7,,2025,3,2,Summer,175.5,181.2
Delhi,2025-03-13,102.2,154.48,,44.75,,,3.66,14.77,47.86,,,,179.7,,2025,3,3,Summer,168.7,175.5
Delhi,2025-03-14,90.69,138.57,,52.72,,,3.84,13.04,41.05,,,,145.7,,2025,3,4,Summer,179.7,174.7
Delhi,2025-03-15,84.18,165.46,,42.79,,,3.95,14.81,33.69,,,,145.2,,2025,3,5,Summer,145.7,164.7
Delhi,2025-03-16,95.41,178.35,,40.76,,,2.8,15.69,42.61,,,,160.2,,2025,3,6,Summer,145.2,156.9
Delhi,2025-03-17,93.63,184.09,,37.28,,,2.39,13.76,42.75,,,,170.9,,2025,3,0,Summer,160.2,150.3
Delhi,2025-03-18,98.82,186.98,,45.1,,,3.35,13.2,38.81,,,,179.8,,2025,3,1,Summer,170.9,158.8
Delhi,2025-03-19,94.78,148.56,,48.07,,,2.67,15.77,38.65,,,,163.5,,2025,3,2,Summer,179.8,170.3
Delhi,2025-03-20,77.0,116.82,,52.63,,,4.19,14.7,48.55,,,,156.8,,2025,3,3,Summer,163.5,171.4
Delhi,2025-03-21,75.54,110.15,,44.58,,,1.6,14.64,44.39,,,,137.8,,2025,3,4,Summer,156.8,166.7
Delhi,2025-03-22,67.04,111.19,,42.12,,,1.1,15.48,44.84,,,,124.0,,2025,3,5,Summer,137.8,152.7
Delhi,2025-03-23,72.15,119.03,,35.38,,,2.06,18.27,49.24,,,,117.0,,2025,3,6,Summer,124.0,139.5
Delhi,2025-03-24,76.25,150.33,,29.93,,,1.55,15.84,44.95,,,,117.3,,2025,3,0,Summer,117.0,126.3
Delhi,2025-03-25,82.85,163.12,,41.26,,,0.83,20.28,45.62,,,,130.3,,2025,3,1,Summer,117.3,119.4
Delhi,2025-03-26,84.39,149.91,,37.97,,,0.62,19.42,46.13,,,,130.2,,2025,3,2,Summer,130.3,121.5
Delhi,2025-03-27,86.63,143.75,,40.79,,,1.42,16.98,53.23,,,,132.2,,2025,3,3,Summer,130.2,125.9
Delhi,2025-03-28,89.51,172.43,,35.43,,,0.92,19.75,55.21,,,,147.3,,2025,3,4,Summer,132.2,130.9
Delhi,2025-03-29,79.23,189.49,,39.48,,,1.57,21.37,49.58,,,,152.5,,2025,3,5,Summer,147.3,136.6
Delhi,2025-03-30,65.88,176.09,,38.54,,,0.63,19.7,45.17,,,,159.5,,2025,3,6,Summer,152.5,144.0
Delhi,2025-03-31,78.83,144.04,,43.7,,,1.14,18.22,31.34,,,,159.5,,2025,3,0,Summer,159.5,153.1
Delhi,2025-04-01,84.68,135.53,,47.8,,,2.23,20.34,37.79,,,,146.6,,2025,4,1,Summer,159.5,157.2
Delhi,2025-04-02,81.0,180.38,,43.98,,,2.16,18.6,38.07,,,,165.7,,2025,4,2,Summer,146.6,155.2
Delhi,2025-04-03,102.06,184.65,,38.12,,,1.86,20.56,48.5,,,,159.6,,2025,4,3,Summer,165.7,157.3
Delhi,2025-04-04,103.13,200.86,,38.29,,,2.49,21.59,50.63,,,,168.9,,2025,4,4,Summer,159.6,157.3
Delhi,2025-04-05,88.35,229.51,,46.66,,,2.23,20.02,56.19,,,,174.9,,2025,4,5,Summer,168.9,164.7
Delhi,2025-04-06,92.22,207.85,,56.2,,,2.91,20.18,50.51,,,,169.8,,2025,4,6,Summer,174.9,167.8
Delhi,2025-04-07,89.63,219.46,,50.97,,,2.51,22.65,42.7,,,,185.3,,2025,4,0,Summer,169.8,171.2
Delhi,2025-04-08,82.04,212.23,,59.13,,,2.03,26.8,48.96,,,,183.2,,2025,4,1,Summer,185.3,176.6
Delhi,2025-04-09,82.53,201.76,,46.07,,,2.24,25.28,47.7,,,,191.2,,2025,4,2,Summer,183.2,179.4
Delhi,2025-04-10,81.49,194.2,,50.2,,,2.76,20.18,48.03,,,,192.6,,2025,4,3,Summer,191.2,186.6
Delhi,2025-04-11,96.55,219.51,,45.38,,,1.67,17.6,54.66,,,,193.5,,2025,4,4,Summer,192.6,189.0
Delhi,2025-04-12,86.57,211.45,,51.47,,,2.04,20.41,55.49,,,,193.7,,2025,4,5,Summer,193.5,192.4
Delhi,2025-04-13,88.31,214.55,,49.37,,,2.24,22.17,49.55,,,,197.7,,2025,4,6,Summer,193.7,193.2
Delhi,2025-04-14,91.48,232.06,,48.8,,,2.17,24.08,54.04,,,,198.5,,2025,4,0,Summer,197.7,194.9
Delhi,2025-04-15,87.76,243.22,,47.16,,,2.5,28.82,53.97,,,,213.2,,2025,4,1,Summer,198.5,196.6
Delhi,2025-04-16,84.48,258.06,,52.97,,,2.11,29.5,48.61,,,,215.9,,2025,4,2,Summer,213.2,203.1
Delhi,2025-04-17,84.17,285.32,,64.03,,,2.12,27.67,48.84,,,,238.9,,2025,4,3,Summer,215.9,209.2
Delhi,2025-04-18,106.5,305.84,,65.29,,,2.64,28.43,50.29,,,,247.5,,2025,4,4,Summer,238.9,222.7
Delhi,2025-04-19,98.32,280.67,,50.21,,,1.9,25.11,54.25,,,,245.2,,2025,4,5,Summer,247.5,234.1
Delhi,2025-04-20,96.18,237.76,,57.5,,,2.21,19.06,47.06,,,,228.6,,2025,4,6,Summer,245.2,243.9
Delhi,2025-04-21,96.23,238.72,,55.96,,,1.8,20.4,48.63,,,,223.4,,2025,4,0,Summer,228.6,240.4
Delhi,2025-04-22,96.16,231.75,,57.76,,,2.04,21.12,48.72,,,,209.0,,2025,4,1,Summer,223.4,232.4
Delhi,2025-04-23,95.73,257.34,,57.33,,,2.57,19.3,48.98,,,,223.8,,2025,4,2,Summer,209.0,220.3
Delhi,2025-04-24,90.69,253.77,,51.66,,,1.47,18.93,52.76,,,,228.6,,2025,4,3,Summer,223.8,218.7
Delhi,2025-04-25,94.66,249.6,,46.61,,,2.31,22.35,49.67,,,,231.3,,2025,4,4,Summer,228.6,220.5
Delhi,2025-04-26,98.79,223.0,,44.55,,,1.27,22.89,44.88,,,,211.1,,2025,4,5,Summer,231.3,227.9
Delhi,2025-04-27,77.11,242.5,,33.74,,,2.01,22.75,45.16,,,,208.6,,2025,4,6,Summer,211.1,223.7
Delhi,2025-04-28,84.07,235.81,,44.85,,,1.5,15.81,50.49,,,,210.5,,2025,4,0,Summer,208.6,217.0
Delhi,2025-04-29,93.33,237.61,,45.7,,,3.14,17.14,58.11,,,,215.8,,2025,4,1,Summer,210.5,210.1
Delhi,2025-04-30,93.21,245.31,,51.63,,,2.33,19.82,64.12,,,,219.8,,2025,4,2,Summer,215.8,211.6
Delhi,2025-05-01,113.1,248.01,,50.56,,,2.52,24.1,64.3,,,,211.5,,2025,5,3,Summer,219.8,215.3
Delhi,2025-05-02,112.42,233.88,,48.92,,,2.74,21.49,56.24,,,,209.4,,2025,5,4,Summer,211.5,215.7
Delhi,2025-05-03,112.62,200.4,,49.3,,,2.26,18.81,64.86,,,,184.6,,2025,5,5,Summer,209.4,213.6
Delhi,2025-05-04,110.59,196.56,,46.27,,,2.71,15.68,61.43,,,,179.0,,2025,5,6,Summer,184.6,201.9
Delhi,2025-05-05,105.26,207.97,,38.86,,,3.17,16.02,54.52,,,,173.5,,2025,5,0,Summer,179.0,191.0
Delhi,2025-05-06,96.4,202.43,,43.28,,,2.61,14.5,57.16,,,,182.2,,2025,5,1,Summer,173.5,179.0
Delhi,2025-05-07,107.45,209.66,,55.12,,,3.06,16.13,68.58,,,,185.9,,2025,5,2,Summer,182.2,178.2
Delhi,2025-05-08,88.31,222.59,,51.11,,,4.11,16.93,60.55,,,,194.1,,2025,5,3,Summer,185.9,180.5
Delhi,2025-05-09,80.85,221.69,,54.86,,,3.33,19.15,58.14,,,,198.8,,2025,5,4,Summer,194.1,187.4
Delhi,2025-05-10,99.41,200.51,,61.31,,,3.82,22.55,59.51,,,,200.8,,2025,5,5,Summer,198.8,192.9
Delhi,2025-05-11,84.17,192.19,,60.13,,,3.13,22.17,46.63,,,,186.2,,2025,5,6,Summer,200.8,197.9
Delhi,2025-05-12,75.18,220.63,,56.34,,,4.6,19.84,57.36,,,,199.6,,2025,5,0,Summer,186.2,195.3
Delhi,2025-05-13,103.28,246.31,,51.16,,,4.44,17.58,49.16,,,,207.8,,2025,5,1,Summer,199.6,195.5
Delhi,2025-05-14,77.58,246.59,,55.4,,,4.32,19.46,63.54,,,,212.3,,2025,5,2,Summer,207.8,197.9
Delhi,2025-05-15,110.92,249.43,,58.61,,,4.69,18.13,68.36,,,,229.0,,2025,5,3,Summer,212.3,206.6
Delhi,2025-05-16,104.92,217.02,,58.4,,,3.63,14.14,67.33,,,,234.5,,2025,5,4,Summer,229.0,216.4
Delhi,2025-05-17,101.09,221.77,,54.36,,,3.16,11.99,64.48,,,,212.8,,2025,5,5,Summer,234.5,225.3
Delhi,2025-05-18,83.47,210.36,,52.34,,,2.1,13.13,63.53,,,,207.7,,2025,5,6,Summer,212.8,225.4
Delhi,2025-05-19,87.75,207.78,,54.95,,,1.39,15.22,68.33,,,,202.3,,2025,5,0,Summer,207.7,218.3
Delhi,2025-05-20,88.11,182.58,,50.38,,,0.71,22.93,65.15,,,,187.0,,2025,5,1,Summer,202.3,207.6
Delhi,2025-05-21,92.77,167.93,,51.71,,,1.34,17.29,61.12,,,,165.7,,2025,5,2,Summer,187.0,199.0
Delhi,2025-05-22,100.96,187.84,,53.98,,,2.52,19.93,55.77,,,,174.4,,2025,5,3,Summer,165.7,185.0
Delhi,2025-05-23,98.06,197.46,,47.86,,,1.84,21.93,60.75,,,,191.1,,2025,5,4,Summer,174.4,175.7
Delhi,2025-05-24,103.28,238.27,,44.44,,,1.18,23.11,58.55,,,,214.4,,2025,5,5,Summer,191.1,177.1
Delhi,2025-05-25,90.72,258.26,,50.34,,,0.67,24.76,60.84,,,,220.4,,2025,5,6,Summer,214.4,193.3
Delhi,2025-05-26,102.18,213.43,,52.59,,,0.0,23.98,57.17,,,,194.4,,2025,5,0,Summer,220.4,208.6
Delhi,2025-05-27,91.39,235.73,,53.25,,,0.12,23.31,64.61,,,,201.4,,2025,5,1,Summer,194.4,209.7
Delhi,2025-05-28,92.02,259.35,,48.12,,,1.17,23.04,61.29,,,,219.4,,2025,5,2,Summer,201.4,205.4
Delhi,2025-05-29,96.88,250.4,,48.81,,,2.09,23.72,62.11,,,,230.7,,2025,5,3,Summer,219.4,205.1
Delhi,2025-05-30,101.86,205.21,,43.3,,,2.01,26.05,63.14,,,,221.4,,2025,5,4,Summer,230.7,217.2
Delhi,2025-05-31,95.84,211.71,,40.77,,,2.44,24.65,58.42,,,,201.7,,2025,5,5,Summer,221.4,223.9
Delhi,2025-06-01,106.15,198.04,,37.09,,,1.99,21.11,50.11,,,,196.2,,2025,6,6,Monsoon,201.7,218.0
Delhi,2025-06-02,86.55,241.24,,42.67,,,1.79,17.79,55.77,,,,206.0,,2025,6,0,Monsoon,196.2,206.4
Delhi,2025-06-03,97.98,257.02,,46.27,,,1.57,14.72,57.41,,,,209.6,,2025,6,1,Monsoon,206.0,201.3
Delhi,2025-06-04,98.67,208.37,,42.18,,,1.75,13.25,52.31,,,,186.4,,2025,6,2,Monsoon,209.6,203.9
Delhi,2025-06-05,97.46,191.54,,37.07,,,2.23,12.02,49.71,,,,179.8,,2025,6,3,Monsoon,186.4,200.7
Delhi,2025-06-06,84.2,158.59,,35.6,,,2.26,10.46,51.65,,,,184.8,,2025,6,4,Monsoon,179.8,191.9
Delhi,2025-06-07,71.5,142.13,,46.38,,,2.03,12.37,45.58,,,,176.0,,2025,6,5,Monsoon,184.8,183.7
Delhi,2025-06-08,68.41,143.38,,51.16,,,1.32,12.11,47.17,,,,151.0,,2025,6,6,Monsoon,176.0,180.2
Delhi,2025-06-09,44.51,137.09,,45.99,,,1.53,10.73,45.79,,,,143.8,,2025,6,0,Monsoon,151.0,170.6
Delhi,2025-06-10,43.4,182.99,,38.35,,,1.9,8.17,44.51,,,,166.2,,2025,6,1,Monsoon,143.8,156.9
Delhi,2025-06-11,57.28,209.51,,46.64,,,1.74,9.93,53.95,,,,176.0,,2025,6,2,Monsoon,166.2,153.6
Delhi,2025-06-12,55.8,221.04,,34.0,,,2.08,12.75,59.68,,,,194.5,,2025,6,3,Monsoon,176.0,162.0
Delhi,2025-06-13,60.07,209.2,,30.83,,,1.64,15.18,59.29,,,,194.0,,2025,6,4,Monsoon,194.5,178.9
Delhi,2025-06-14,50.68,150.3,,34.56,,,1.45,13.33,61.01,,,,172.3,,2025,6,5,Monsoon,194.0,188.2
Delhi,2025-06-15,61.63,173.15,,35.15,,,1.47,11.38,57.41,,,,173.0,,2025,6,6,Monsoon,172.3,186.9
Delhi,2025-06-16,63.32,172.75,,37.28,,,1.94,10.58,61.65,,,,156.3,,2025,6,0,Monsoon,173.0,179.8
Delhi,2025-06-17,72.17,129.28,,45.6,,,1.85,10.36,49.66,,,,130.7,,2025,6,1,Monsoon,156.3,167.2
Delhi,2025-06-18,75.2,132.97,,40.59,,,2.47,13.14,55.64,,,,117.6,,2025,6,2,Monsoon,130.7,153.4
Delhi,2025-06-19,87.69,111.34,,40.4,,,2.77,13.07,59.41,,,,119.5,,2025,6,3,Monsoon,117.6,134.9
Delhi,2025-06-20,73.81,168.85,,38.96,,,1.76,13.26,60.21,,,,136.4,,2025,6,4,Monsoon,119.5,122.6
Delhi,2025-06-21,60.41,201.58,,42.98,,,1.43,13.75,57.35,,,,154.9,,2025,6,5,Monsoon,136.4,124.5
Delhi,2025-06-22,60.59,198.81,,49.59,,,0.92,14.53,59.36,,,,174.0,,2025,6,6,Monsoon,154.9,136.9
Delhi,2025-06-23,62.64,211.92,,50.8,,,0.92,12.72,61.05,,,,176.7,,2025,6,0,Monsoon,174.0,155.1
Delhi,2025-06-24,73.12,242.68,,55.29,,,1.02,15.48,59.4,,,,196.0,,2025,6,1,Monsoon,176.7,168.6
Delhi,2025-06-25,71.52,241.38,,41.92,,,0.62,14.81,52.84,,,,210.3,,2025,6,2,Monsoon,196.0,182.3
Delhi,2025-06-26,69.36,244.88,,41.74,,,0.78,15.62,43.82,,,,216.2,,2025,6,3,Monsoon,210.3,194.4
Delhi,2025-06-27,51.95,187.12,,37.84,,,0.77,13.21,42.34,,,,185.8,,2025,6,4,Monsoon,216.2,207.5
Delhi,2025-06-28,68.82,165.72,,26.35,,,0.51,12.19,40.62,,,,176.8,,2025,6,5,Monsoon,185.8,204.1
Delhi,2025-06-29,63.62,138.56,,34.16,,,0.95,13.62,31.97,,,,147.1,,2025,6,6,Monsoon,176.8,192.9
Delhi,2025-06-30,66.22,151.75,,36.08,,,0.57,11.95,49.28,,,,143.1,,2025,6,0,Monsoon,147.1,169.9
Delhi,2025-07-01,62.26,148.75,,35.79,,,0.48,12.01,41.85,,,,142.5,,2025,7,1,Monsoon,143.1,155.7
Delhi,2025-07-02,57.56,165.52,,38.36,,,0.94,10.96,43.92,,,,150.6,,2025,7,2,Monsoon,142.5,144.2
Delhi,2025-07-03,64.15,198.62,,39.85,,,1.23,12.29,41.19,,,,157.3,,2025,7,3,Monsoon,150.6,145.4
Delhi,2025-07-04,61.06,161.89,,40.42,,,0.97,12.55,41.25,,,,163.1,,2025,7,4,Monsoon,157.3,150.1
Delhi,2025-07-05,54.99,152.96,,38.77,,,0.89,12.82,41.13,,,,144.5,,2025,7,5,Monsoon,163.1,157.0
Delhi,2025-07-06,46.93,131.93,,38.26,,,0.89,12.56,42.08,,,,137.2,,2025,7,6,Monsoon,144.5,155.0
Delhi,2025-07-07,45.37,114.96,,33.73,,,0.98,10.35,39.14,,,,119.8,,2025,7,0,Monsoon,137.2,148.3
Delhi,2025-07-08,45.11,145.67,,37.8,,,1.3,10.98,33.75,,,,139.3,,2025,7,1,Monsoon,119.8,133.9
Delhi,2025-07-09,48.77,146.74,,33.14,,,1.35,10.83,38.26,,,,141.8,,2025,7,2,Monsoon,139.3,132.1
Delhi,2025-07-10,44.51,126.7,,34.47,,,1.25,12.51,43.76,,,,130.9,,2025,7,3,Monsoon,141.8,133.6
Delhi,2025-07-11,45.15,145.81,,39.44,,,0.92,10.49,41.9,,,,156.3,,2025,7,4,Monsoon,130.9,137.3
Delhi,2025-07-12,43.04,138.32,,39.29,,,0.98,12.24,44.01,,,,134.0,,2025,7,5,Monsoon,156.3,143.0
Delhi,2025-07-13,39.32,159.24,,36.76,,,0.67,10.09,39.4,,,,137.8,,2025,7,6,Monsoon,134.0,140.4
Delhi,2025-07-14,43.96,146.89,,37.58,,,1.09,10.26,47.75,,,,132.4,,2025,7,0,Monsoon,137.8,142.7
Delhi,2025-07-15,47.03,153.46,,37.13,,,1.19,11.96,44.01,,,,145.2,,2025,7,1,Monsoon,132.4,134.7
Delhi,2025-07-16,47.73,142.01,,46.08,,,1.2,11.94,43.54,,,,137.2,,2025,7,2,Monsoon,145.2,138.5
Delhi,2025-07-17,49.34,125.33,,44.49,,,0.85,9.52,48.24,,,,117.4,,2025,7,3,Monsoon,137.2,138.3
Delhi,2025-07-18,39.13,106.73,,48.05,,,0.7,7.9,41.34,,,,106.7,,2025,7,4,Monsoon,117.4,133.3
Delhi,2025-07-19,38.31,105.71,,49.85,,,0.77,7.36,41.15,,,,94.2,,2025,7,5,Monsoon,106.7,120.4
Delhi,2025-07-20,42.1,106.67,,45.08,,,0.37,8.62,43.96,,,,111.5,,2025,7,6,Monsoon,94.2,106.1
Delhi,2025-07-21,42.75,101.29,,47.49,,,0.57,12.71,42.31,,,,102.7,,2025,7,0,Monsoon,111.5,104.1
Delhi,2025-07-22,36.18,109.98,,49.9,,,0.5,12.35,43.41,,,,95.9,,2025,7,1,Monsoon,102.7,102.8
Delhi,2025-07-23,39.42,96.0,,40.42,,,0.72,13.45,40.27,,,,93.0,,2025,7,2,Monsoon,95.9,103.4
Delhi,2025-07-24,39.0,96.65,,43.09,,,0.83,14.22,41.02,,,,90.6,,2025,7,3,Monsoon,93.0,97.2
Delhi,2025-07-25,43.85,96.76,,43.61,,,0.85,14.1,39.59,,,,95.9,,2025,7,4,Monsoon,90.6,93.2
Delhi,2025-07-26,42.72,94.85,,37.98,,,0.52,14.28,37.91,,,,100.2,,2025,7,5,Monsoon,95.9,93.2
Delhi,2025-07-27,41.9,113.12,,40.22,,,0.58,14.58,37.5,,,,108.1,,2025,7,6,Monsoon,100.2,95.6
Delhi,2025-07-28,47.84,121.75,,38.08,,,1.06,14.21,42.01,,,,114.2,,2025,7,0,Monsoon,108.1,101.4
Delhi,2025-07-29,42.27,123.6,,36.0,,,1.0,15.65,45.51,,,,108.5,,2025,7,1,Monsoon,114.2,107.5
Delhi,2025-07-30,41.4,140.0,,41.84,,,0.43,14.2,39.25,,,,117.9,,2025,7,2,Monsoon,108.5,110.3
Delhi,2025-07-31,36.23,123.61,,39.39,,,0.56,9.97,36.38,,,,103.2,,2025,7,3,Monsoon,117.9,113.5
Delhi,2025-08-01,35.82,108.48,,39.35,,,0.66,12.13,35.75,,,,97.7,,2025,8,4,Monsoon,103.2,109.9
Delhi,2025-08-02,33.23,91.0,,32.39,,,1.03,9.89,33.74,,,,67.8,,2025,8,5,Monsoon,97.7,106.3
Delhi,2025-08-03,33.43,74.31,,32.65,,,1.01,10.11,35.28,,,,64.5,,2025,8,6,Monsoon,67.8,89.6
Delhi,2025-08-04,31.63,94.01,,36.51,,,0.97,13.04,37.07,,,,76.5,,2025,8,0,Monsoon,64.5,76.7
Delhi,2025-08-05,41.14,99.54,,38.1,,,1.05,11.47,43.05,,,,71.4,,2025,8,1,Monsoon,76.5,69.6
Delhi,2025-08-06,40.01,128.6,,38.92,,,1.18,12.89,41.2,,,,106.7,,2025,8,2,Monsoon,71.4,70.8
Delhi,2025-08-07,41.67,76.62,,36.93,,,1.25,11.84,39.51,,,,100.4,,2025,8,3,Monsoon,106.7,84.9
Delhi,2025-08-08,44.28,79.15,,36.04,,,1.2,10.75,36.97,,,,89.3,,2025,8,4,Monsoon,100.4,92.9
Delhi,2025-08-09,41.75,92.02,,40.62,,,0.8,10.26,42.0,,,,94.8,,2025,8,5,Monsoon,89.3,98.8
Delhi,2025-08-10,33.93,90.69,,39.06,,,0.85,11.11,40.91,,,,82.0,,2025,8,6,Monsoon,94.8,94.9
Delhi,2025-08-11,28.54,142.2,,35.09,,,0.89,11.53,45.22,,,,101.3,,2025,8,0,Monsoon,82.0,88.7
Delhi,2025-08-12,34.28,92.9,,32.89,,,1.04,12.55,39.93,,,,81.6,,2025,8,1,Monsoon,101.3,92.7
Delhi,2025-08-13,37.91,56.04,,30.58,,,1.27,14.55,42.8,,,,74.2,,2025,8,2,Monsoon,81.6,88.3
Delhi,2025-08-14,32.76,70.37,,31.47,,,1.13,12.59,48.21,,,,65.5,,2025,8,3,Monsoon,74.2,85.7
Delhi,2025-08-15,35.23,105.83,,28.89,,,0.97,11.15,46.28,,,,74.6,,2025,8,4,Monsoon,65.5,73.8
Delhi,2025-08-16,35.72,100.31,,27.2,,,0.91,11.8,46.32,,,,72.0,,2025,8,5,Monsoon,74.6,71.4
Delhi,2025-08-17,34.77,104.55,,28.76,,,0.85,12.41,46.91,,,,83.8,,2025,8,6,Monsoon,72.0,70.7
Delhi,2025-08-18,37.38,98.18,,33.24,,,0.91,10.93,44.96,,,,84.0,,2025,8,0,Monsoon,83.8,76.8
Delhi,2025-08-19,38.06,96.31,,29.49,,,0.87,13.02,43.37,,,,84.0,,2025,8,1,Monsoon,84.0,79.9
Delhi,2025-08-20,43.88,143.79,,32.04,,,0.74,12.34,36.58,,,,88.0,,2025,8,2,Monsoon,84.0,83.9
Delhi,2025-08-21,40.81,103.54,,36.28,,,0.8,12.65,43.34,,,,81.5,,2025,8,3,Monsoon,88.0,85.3
Delhi,2025-08-22,38.73,80.16,,38.19,,,0.88,11.23,47.26,,,,88.7,,2025,8,4,Monsoon,81.5,84.5
Delhi,2025-08-23,39.03,102.16,,33.71,,,0.88,13.27,44.6,,,,86.8,,2025,8,5,Monsoon,88.7,86.1
Delhi,2025-08-24,43.66,113.19,,35.48,,,0.86,12.84,46.59,,,,95.6,,2025,8,6,Monsoon,86.8,85.7
Delhi,2025-08-25,40.07,103.12,,35.91,,,1.19,13.62,37.21,,,,94.7,,2025,8,0,Monsoon,95.6,90.3
Delhi,2025-08-26,42.99,119.28,,38.6,,,0.97,13.79,34.45,,,,102.2,,2025,8,1,Monsoon,94.7,92.3
Delhi,2025-08-27,46.7,127.09,,33.08,,,1.1,11.66,35.57,,,,108.0,,2025,8,2,Monsoon,102.2,97.5
Delhi,2025-08-28,49.38,108.39,,32.77,,,1.13,10.97,41.21,,,,92.0,,2025,8,3,Monsoon,108.0,101.6
Delhi,2025-08-29,47.25,132.84,,28.51,,,0.9,11.12,38.68,,,,83.0,,2025,8,4,Monsoon,92.0,100.8
Delhi,2025-08-30,49.71,123.32,,27.7,,,0.75,11.41,33.7,,,,106.3,,2025,8,5,Monsoon,83.0,94.3
Delhi,2025-08-31,52.81,112.96,,32.43,,,0.59,11.64,31.37,,,,116.8,,2025,8,6,Monsoon,106.3,93.8
Delhi,2025-09-01,45.58,157.04,,31.93,,,0.68,14.14,40.58,,,,137.8,,2025,9,0,Monsoon,116.8,102.0
Delhi,2025-09-02,56.91,140.44,,30.62,,,0.64,13.65,43.32,,,,126.7,,2025,9,1,Monsoon,137.8,120.3
Delhi,2025-09-03,62.52,129.88,,26.71,,,0.77,15.22,43.89,,,,131.5,,2025,9,2,Monsoon,126.7,127.1
Delhi,2025-09-04,64.97,119.99,,28.63,,,0.68,13.03,47.44,,,,125.2,,2025,9,3,Monsoon,131.5,132.0
Delhi,2025-09-05,65.93,145.83,,34.11,,,0.55,14.14,44.61,,,,135.4,,2025,9,4,Monsoon,125.2,127.8
Delhi,2025-09-06,54.03,140.02,,35.76,,,0.71,13.95,46.78,,,,133.1,,2025,9,5,Monsoon,135.4,130.7
Delhi,2025-09-07,44.62,142.81,,36.02,,,0.92,11.41,47.82,,,,120.2,,2025,9,6,Monsoon,133.1,131.2
Delhi,2025-09-08,43.72,131.52,,34.29,,,0.83,12.35,53.18,,,,127.8,,2025,9,0,Monsoon,120.2,129.5
Delhi,2025-09-09,51.31,133.78,,38.35,,,0.8,12.24,57.02,,,,127.4,,2025,9,1,Monsoon,127.8,127.0
Delhi,2025-09-10,48.83,127.96,,35.2,,,0.85,15.1,53.54,,,,128.3,,2025,9,2,Monsoon,127.4,125.2
Delhi,2025-09-11,44.2,148.08,,33.61,,,0.86,16.71,56.37,,,,110.3,,2025,9,3,Monsoon,128.3,127.8
Delhi,2025-09-12,41.42,139.22,,27.65,,,0.93,16.19,46.45,,,,116.2,,2025,9,4,Monsoon,110.3,122.0
Delhi,2025-09-13,49.33,101.08,,25.37,,,0.91,14.29,44.17,,,,113.2,,2025,9,5,Monsoon,116.2,118.3
Delhi,2025-09-14,52.6,120.49,,23.49,,,0.87,13.67,51.5,,,,112.7,,2025,9,6,Monsoon,113.2,113.2
Delhi,2025-09-15,49.75,139.37,,30.04,,,0.86,12.4,47.11,,,,127.6,,2025,9,0,Monsoon,112.7,114.0
Delhi,2025-09-16,52.87,149.67,,30.64,,,1.04,13.05,44.08,,,,131.4,,2025,9,1,Monsoon,127.6,117.8
Delhi,2025-09-17,45.98,132.79,,31.58,,,1.16,11.69,39.35,,,,132.9,,2025,9,2,Monsoon,131.4,123.9
Delhi,2025-09-18,50.32,134.4,,38.48,,,1.07,9.27,34.87,,,,112.4,,2025,9,3,Monsoon,132.9,130.6
Delhi,2025-09-19,45.28,135.23,,35.33,,,1.01,11.73,36.34,,,,113.6,,2025,9,4,Monsoon,112.4,125.6
Delhi,2025-09-20,46.69,125.08,,31.82,,,0.9,13.09,35.71,,,,116.6,,2025,9,5,Monsoon,113.6,119.7
Delhi,2025-09-21,49.99,110.99,,35.09,,,0.91,13.39,35.02,,,,106.7,,2025,9,6,Monsoon,116.6,114.2
Delhi,2025-09-22,50.71,100.29,,35.49,,,1.02,14.4,36.11,,,,108.6,,2025,9,0,Monsoon,106.7,112.3
Delhi,2025-09-23,63.18,107.79,,38.28,,,0.86,11.04,39.56,,,,95.9,,2025,9,1,Monsoon,108.6,110.6
Delhi,2025-09-24,72.04,127.1,,41.04,,,0.79,11.7,38.26,,,,105.3,,2025,9,2,Monsoon,95.9,103.7
Delhi,2025-09-25,62.56,140.81,,41.96,,,0.65,12.17,50.37,,,,112.2,,2025,9,3,Monsoon,105.3,103.3
Delhi,2025-09-26,75.45,149.43,,39.37,,,0.54,13.04,54.25,,,,141.6,,2025,9,4,Monsoon,112.2,104.5
Delhi,2025-09-27,54.98,136.38,,37.02,,,0.89,13.79,51.79,,,,151.2,,2025,9,5,Monsoon,141.6,119.7
Delhi,2025-09-28,54.53,139.56,,36.99,,,0.84,14.72,52.72,,,,131.1,,2025,9,6,Monsoon,151.2,135.0
Delhi,2025-09-29,53.19,128.26,,37.17,,,1.01,13.72,44.73,,,,111.0,,2025,9,0,Monsoon,131.1,141.3
Delhi,2025-09-30,46.23,146.66,,33.64,,,0.96,13.99,49.41,,,,117.6,,2025,9,1,Monsoon,111.0,131.1
Delhi,2025-10-01,127.17,237.19,,40.87,,,1.69,14.22,45.18,,,,155.5,,2025,10,2,Post-Monsoon,117.6,119.9
Delhi,2025-10-02,132.37,249.44,,37.47,,,1.48,16.27,62.17,,,,171.4,,2025,10,3,Post-Monsoon,155.5,128.0
Delhi,2025-10-03,136.39,203.12,,32.89,,,1.39,14.93,73.44,,,,184.4,,2025,10,4,Post-Monsoon,171.4,148.2
Delhi,2025-10-04,156.37,210.41,,43.96,,,1.27,13.81,53.25,,,,207.1,,2025,10,5,Post-Monsoon,184.4,170.4
Delhi,2025-10-05,151.55,243.52,,48.93,,,1.35,18.57,62.2,,,,212.6,,2025,10,6,Post-Monsoon,207.1,187.6
Delhi,2025-10-06,132.12,271.21,,52.09,,,1.48,19.76,55.74,,,,233.8,,2025,10,0,Post-Monsoon,212.6,201.4
Delhi,2025-10-07,120.13,286.94,,61.95,,,1.7,18.11,60.88,,,,250.4,,2025,10,1,Post-Monsoon,233.8,217.8
Delhi,2025-10-08,112.93,287.09,,53.05,,,1.31,21.21,58.31,,,,246.1,,2025,10,2,Post-Monsoon,250.4,232.3
Delhi,2025-10-09,134.39,329.1,,59.0,,,1.17,25.73,49.22,,,,259.0,,2025,10,3,Post-Monsoon,246.1,243.4
Delhi,2025-10-10,138.77,284.06,,54.87,,,1.09,23.99,44.62,,,,254.5,,2025,10,4,Post-Monsoon,259.0,251.8
Delhi,2025-10-11,130.31,297.1,,49.67,,,1.31,19.71,55.1,,,,271.1,,2025,10,5,Post-Monsoon,254.5,253.2
Delhi,2025-10-12,138.19,284.01,,54.69,,,1.3,17.83,41.7,,,,272.0,,2025,10,6,Post-Monsoon,271.1,261.5
Delhi,2025-10-13,142.8,298.98,,40.32,,,1.25,17.52,60.42,,,,275.8,,2025,10,0,Post-Monsoon,272.0,265.9
Delhi,2025-10-14,146.19,279.07,,49.27,,,1.34,15.57,56.26,,,,284.1,,2025,10,1,Post-Monsoon,275.8,273.0
Delhi,2025-10-15,169.76,302.78,,44.34,,,1.44,17.88,67.7,,,,282.0,,2025,10,2,Post-Monsoon,284.1,277.3
Delhi,2025-10-16,159.55,297.86,,39.34,,,1.54,16.12,74.48,,,,272.0,,2025,10,3,Post-Monsoon,282.0,280.6
Delhi,2025-10-17,152.32,249.67,,54.67,,,1.66,18.73,73.13,,,,267.0,,2025,10,4,Post-Monsoon,272.0,279.4
Delhi,2025-10-18,130.46,227.59,,60.71,,,1.38,19.71,63.17,,,,255.7,,2025,10,5,Post-Monsoon,267.0,273.7
Delhi,2025-10-19,137.29,254.93,,52.0,,,1.16,19.67,45.33,,,,251.0,,2025,10,6,Post-Monsoon,255.7,264.9
Delhi,2025-10-20,163.36,254.8,,51.48,,,1.26,22.23,50.47,,,,262.2,,2025,10,0,Post-Monsoon,251.0,257.9
Delhi,2025-10-21,149.39,244.91,,58.9,,,1.34,19.06,43.98,,,,248.4,,2025,10,1,Post-Monsoon,262.2,256.3
Delhi,2025-10-22,147.6,278.25,,63.96,,,1.48,19.52,49.54,,,,254.1,,2025,10,2,Post-Monsoon,248.4,253.9
Delhi,2025-10-23,126.03,218.58,,68.98,,,1.48,20.06,62.16,,,,225.3,,2025,10,3,Post-Monsoon,254.1,254.9
Delhi,2025-10-24,119.04,216.7,,68.86,,,1.38,15.92,64.21,,,,203.6,,2025,10,4,Post-Monsoon,225.3,242.6
Delhi,2025-10-25,111.33,174.32,,67.34,,,1.21,14.52,51.38,,,,185.6,,2025,10,5,Post-Monsoon,203.6,227.6
Delhi,2025-10-26,90.41,248.63,,49.33,,,1.31,14.09,47.11,,,,202.6,,2025,10,6,Post-Monsoon,185.6,204.8
Delhi,2025-10-27,94.26,294.45,,46.5,,,1.18,10.5,55.19,,,,226.6,,2025,10,0,Post-Monsoon,202.6,197.2
Delhi,2025-10-28,123.59,299.02,,47.4,,,1.24,11.88,72.19,,,,249.1,,2025,10,1,Post-Monsoon,226.6,204.9
Delhi,2025-10-29,162.37,310.3,,51.24,,,1.39,11.72,67.97,,,,260.4,,2025,10,2,Post-Monsoon,249.1,226.1
Delhi,2025-10-30,151.24,246.69,,61.28,,,1.21,13.55,69.49,,,,240.2,,2025,10,3,Post-Monsoon,260.4,245.4
Delhi,2025-10-31,157.35,277.29,,66.43,,,1.26,14.52,61.79,,,,238.1,,2025,10,4,Post-Monsoon,240.2,249.9
Delhi,2025-11-01,178.49,291.98,,61.15,,,1.41,13.88,55.64,,,,240.8,,2025,11,5,Post-Monsoon,238.1,246.2
Delhi,2025-11-02,216.68,365.77,,69.42,,,1.51,14.16,67.45,,,,266.8,,2025,11,6,Post-Monsoon,240.8,239.7
Delhi,2025-11-03,246.78,319.65,,81.56,,,2.0,15.37,78.28,,,,307.3,,2025,11,0,Post-Monsoon,266.8,248.6
Delhi,2025-11-04,223.06,342.92,,77.24,,,1.69,16.21,67.36,,,,309.3,,2025,11,1,Post-Monsoon,307.3,271.6
Delhi,2025-11-05,244.27,383.87,,80.46,,,1.62,17.97,66.03,,,,338.5,,2025,11,2,Post-Monsoon,309.3,294.5
Delhi,2025-11-06,225.27,382.21,,76.75,,,1.84,21.28,68.39,,,,327.0,,2025,11,3,Post-Monsoon,338.5,318.4
Delhi,2025-11-07,234.79,372.25,,74.22,,,1.68,18.14,64.51,,,,346.0,,2025,11,4,Post-Monsoon,327.0,324.9
Delhi,2025-11-08,212.31,347.53,,83.28,,,1.68,17.62,59.96,,,,324.2,,2025,11,5,Post-Monsoon,346.0,337.1
Delhi,2025-11-09,231.2,323.26,,77.31,,,2.01,18.51,47.38,,,,340.2,,2025,11,6,Post-Monsoon,324.2,332.4
Delhi,2025-11-10,258.7,318.27,,79.58,,,1.84,21.6,53.33,,,,362.6,,2025,11,0,Post-Monsoon,340.2,336.8
Delhi,2025-11-11,266.94,360.66,,78.22,,,1.7,21.75,56.57,,,,373.9,,2025,11,1,Post-Monsoon,362.6,342.3
Delhi,2025-11-12,221.45,346.76,,78.02,,,1.56,21.72,49.87,,,,363.0,,2025,11,2,Post-Monsoon,373.9,358.9
Delhi,2025-11-13,241.97,382.99,,85.07,,,1.6,21.87,53.93,,,,376.3,,2025,11,3,Post-Monsoon,363.0,366.5
Delhi,2025-11-14,320.35,392.8,,84.21,,,1.7,22.28,64.97,,,,426.0,,2025,11,4,Post-Monsoon,376.3,371.0
Delhi,2025-11-15,295.16,363.54,,68.15,,,1.75,22.01,55.28,,,,423.7,,2025,11,5,Post-Monsoon,426.0,388.4
Delhi,2025-11-16,287.63,302.93,,69.64,,,1.83,22.01,51.75,,,,416.8,,2025,11,6,Post-Monsoon,423.7,408.7
Delhi,2025-11-17,287.27,364.66,,66.92,,,2.1,22.01,56.95,,,,419.3,,2025,11,0,Post-Monsoon,416.8,422.2
Delhi,2025-11-18,300.11,341.96,,60.41,,,1.96,22.51,55.08,,,,426.6,,2025,11,1,Post-Monsoon,419.3,419.9
Delhi,2025-11-19,264.83,396.59,,75.55,,,2.1,24.45,60.14,,,,403.4,,2025,11,2,Post-Monsoon,426.6,420.9
Delhi,2025-11-20,250.12,456.54,,71.66,,,2.03,25.25,38.25,,,,411.5,,2025,11,3,Post-Monsoon,403.4,416.4
Delhi,2025-11-21,282.46,424.0,,80.06,,,1.76,20.55,47.1,,,,420.2,,2025,11,4,Post-Monsoon,411.5,413.8
Delhi,2025-11-22,299.42,414.85,,67.6,,,1.84,20.03,34.56,,,,431.4,,2025,11,5,Post-Monsoon,420.2,411.7
Delhi,2025-11-23,261.66,366.96,,70.58,,,1.87,17.45,45.89,,,,424.5,,2025,11,6,Post-Monsoon,431.4,421.1
Delhi,2025-11-24,221.09,318.57,,73.11,,,2.34,17.75,54.1,,,,387.8,,2025,11,0,Post-Monsoon,424.5,425.4
Delhi,2025-11-25,222.11,296.43,,76.62,,,2.16,18.28,56.52,,,,367.7,,2025,11,1,Post-Monsoon,387.8,414.6
Delhi,2025-11-26,177.63,348.65,,69.67,,,2.27,18.53,71.58,,,,332.6,,2025,11,2,Post-Monsoon,367.7,393.4
Delhi,2025-11-27,199.72,364.31,,60.82,,,2.15,20.23,68.68,,,,323.3,,2025,11,3,Post-Monsoon,332.6,362.7
Delhi,2025-11-28,225.1,392.81,,65.77,,,1.98,19.18,67.01,,,,335.8,,2025,11,4,Post-Monsoon,323.3,341.2
Delhi,2025-11-29,249.11,358.29,,58.15,,,1.82,19.38,68.78,,,,351.0,,2025,11,5,Post-Monsoon,335.8,330.6
Delhi,2025-11-30,257.51,318.54,,62.11,,,1.59,17.77,56.76,,,,360.8,,2025,11,6,Post-Monsoon,351.0,336.7
Delhi,2025-12-01,261.88,317.29,,57.08,,,1.97,17.91,50.39,,,,372.3,,2025,12,0,Winter,360.8,349.2
Delhi,2025-12-02,260.04,348.05,,63.91,,,4.98,16.21,56.24,,,,383.5,,2025,12,1,Winter,372.3,361.4
Delhi,2025-12-03,221.6,375.09,,62.44,,,2.53,16.45,45.2,,,,368.7,,2025,12,2,Winter,383.5,372.2
Delhi,2025-12-04,234.39,385.98,,67.75,,,2.17,16.79,47.93,,,,368.4,,2025,12,3,Winter,368.7,374.8
Delhi,2025-12-05,225.27,406.42,,66.5,,,2.31,15.75,48.52,,,,366.7,,2025,12,4,Winter,368.4,373.5
Delhi,2025-12-06,235.72,399.43,,57.17,,,0.0,18.02,60.81,,,,361.5,,2025,12,5,Winter,366.7,367.9
Delhi,2025-12-07,216.93,372.88,,61.0,,,0.71,17.4,63.35,,,,355.7,,2025,12,6,Winter,361.5,365.5
Delhi,2025-12-08,197.15,385.96,,66.13,,,2.14,16.75,56.84,,,,350.6,,2025,12,0,Winter,355.7,361.3
Delhi,2025-12-09,196.65,313.88,,63.74,,,2.28,18.04,45.31,,,,336.1,,2025,12,1,Winter,350.6,355.9
Delhi,2025-12-10,195.46,297.72,,77.07,,,3.25,16.47,41.15,,,,320.0,,2025,12,2,Winter,336.1,347.4
Delhi,2025-12-11,184.19,286.76,,76.56,,,4.13,17.44,43.21,,,,320.3,,2025,12,3,Winter,320.0,335.5
Delhi,2025-12-12,197.23,325.56,,66.0,,,4.1,16.68,44.22,,,,312.0,,2025,12,4,Winter,320.3,325.4
Delhi,2025-12-13,181.0,329.49,,65.28,,,4.12,14.92,33.09,,,,307.3,,2025,12,5,Winter,312.0,317.4
Delhi,2025-12-14,215.38,346.25,,67.84,,,5.23,14.16,45.76,,,,306.9,,2025,12,6,Winter,307.3,313.2
Delhi,2025-12-15,204.57,381.72,,77.5,,,3.34,13.66,45.5,,,,304.2,,2025,12,0,Winter,306.9,308.7
Delhi,2025-12-16,206.14,403.03,,66.17,,,2.53,15.23,56.87,,,,323.0,,2025,12,1,Winter,304.2,306.1
Delhi,2025-12-17,233.26,371.53,,70.84,,,2.42,16.42,48.53,,,,336.4,,2025,12,2,Winter,323.0,311.3
Delhi,2025-12-18,216.79,348.71,,77.68,,,3.11,17.6,45.69,,,,330.4,,2025,12,3,Winter,336.4,321.2
Delhi,2025-12-19,209.42,359.99,,77.62,,,2.17,17.58,51.3,,,,328.1,,2025,12,4,Winter,330.4,329.9
Delhi,2025-12-20,178.06,294.47,,73.81,,,2.67,15.98,43.67,,,,304.8,,2025,12,5,Winter,328.1,331.6
Delhi,2025-12-21,176.16,350.73,,74.88,,,2.6,17.91,49.06,,,,309.9,,2025,12,6,Winter,304.8,321.1
Delhi,2025-12-22,212.91,350.89,,64.7,,,4.21,15.1,51.67,,,,318.0,,2025,12,0,Winter,309.9,314.2
Delhi,2025-12-23,237.15,310.83,,63.73,,,4.37,15.67,45.78,,,,323.5,,2025,12,1,Winter,318.0,310.9
Delhi,2025-12-24,205.92,356.02,,61.01,,,4.36,15.61,41.91,,,,308.6,,2025,12,2,Winter,323.5,317.1
Delhi,2025-12-25,179.16,354.73,,65.99,,,4.17,16.05,33.49,,,,300.5,,2025,12,3,Winter,308.6,316.7
Delhi,2025-12-26,228.51,386.68,,70.71,,,3.39,15.72,38.44,,,,330.0,,2025,12,4,Winter,300.5,310.9
Delhi,2025-12-27,222.55,379.49,,66.78,,,3.34,16.98,40.62,,,,328.7,,2025,12,5,Winter,330.0,313.1
Delhi,2025-12-28,209.69,333.99,,64.93,,,0.69,16.85,40.26,,,,313.6,,2025,12,6,Winter,328.7,319.7
Delhi,2025-12-29,217.81,358.05,,63.51,,,1.93,17.88,41.36,,,,331.1,,2025,12,0,Winter,313.6,324.1
Delhi,2025-12-30,201.79,394.91,,63.68,,,1.83,16.65,36.45,,,,347.1,,2025,12,1,Winter,331.1,324.5
Delhi,2025-12-31,176.11,416.78,,59.93,,,2.13,18.15,42.13,,,,353.6,,2025,12,2,Winter,347.1,330.6
Mumbai,2020-01-01,104.06,183.88,40.17,46.39,85.81,15.69,1.22,10.98,45.97,8.16,4.66,0.18,194.0,Moderate,2020,1,2,Winter,159.0,166.66666666666666
Mumbai,2020-01-02,107.87,171.73,14.73,41.14,55.87,16.86,1.02,8.03,48.34,6.89,4.66,0.18,260.0,Poor,2020,1,3,Winter,194.0,178.0
Mumbai,2020-01-03,93.64,157.8,18.77,40.42,59.18,15.47,0.97,7.94,48.31,6.12,4.66,0.18,221.0,Poor,2020,1,4,Winter,260.0,204.33333333333334
Mumbai,2020-01-04,94.05,158.44,13.92,39.68,53.59,15.1,0.96,6.66,49.76,5.86,4.66,0.18,225.0,Poor,2020,1,5,Winter,221.0,225.0
Mumbai,2020-01-05,91.04,162.68,28.01,39.93,67.61,16.3,1.1,7.9,39.59,3.51,4.66,0.18,229.0,Poor,2020,1,6,Winter,225.0,235.33333333333334
Mumbai,2020-01-06,70.2,142.64,24.3,38.91,63.21,18.3,1.01,8.68,43.46,3.18,4.66,0.18,157.0,Moderate,2020,1,0,Winter,229.0,225.0
Mumbai,2020-01-07,87.2,165.84,44.5,42.33,85.98,21.67,1.29,9.46,31.33,4.81,4.66,0.18,177.0,Moderate,2020,1,1,Winter,157.0,203.66666666666666
Mumbai,2020-01-08,64.97,120.55,23.68,29.07,50.91,18.76,0.89,7.73,36.12,2.91,4.66,0.18,166.0,Moderate,2020,1,2,Winter,177.0,187.66666666666666
Mumbai,2020-01-09,59.98,126.87,16.13,38.98,54.9,15.59,0.85,8.96,39.85,2.53,4.66,0.18,122.0,Moderate,2020,1,3,Winter,166.0,166.66666666666666
Mumbai,2020-01-10,65.06,143.74,22.62,43.01,65.51,14.29,0.93,10.04,36.59,5.41,4.66,0.18,127.0,Moderate,2020,1,4,Winter,122.0,155.0
Mumbai,2020-01-11,76.71,162.07,31.83,43.56,72.78,22.54,1.08,10.12,38.7,6.42,4.66,0.18,151.0,Moderate,2020,1,5,Winter,127.0,138.33333333333334
Mumbai,2020-01-12,98.12,194.66,57.3,38.02,92.98,26.77,1.47,10.84,33.46,8.98,4.66,0.18,211.0,Poor,2020,1,6,Winter,151.0,133.33333333333334
Mumbai,2020-01-13,68.39,120.46,18.8,29.65,47.02,23.91,0.84,6.73,28.54,5.24,4.66,0.18,178.0,Moderate,2020,1,0,Winter,211.0,163.0
Mumbai,2020-01-14,36.33,97.67,21.17,26.54,46.51,18.73,0.7,6.28,30.25,4.48,4.66,0.18,100.0,Satisfactory,2020,1,1,Winter,178.0,180.0
Mumbai,2020-01-15,30.53,91.62,18.69,30.43,49.11,15.37,0.65,6.32,37.85,3.56,4.66,0.18,97.0,Satisfactory,2020,1,2,Winter,100.0,163.0
Mumbai,2020-01-16,34.16,84.73,15.66,31.54,47.2,16.18,0.66,5.95,37.14,3.36,4.66,0.18,90.0,Satisfactory,2020,1,3,Winter,97.0,125.0
Mumbai,2020-01-17,51.0,115.87,21.31,41.19,62.5,15.45,0.68,6.3,38.68,3.72,4.66,0.18,93.0,Satisfactory,2020,1,4,Winter,90.0,95.66666666666667
Mumbai,2020-01-18,87.28,167.77,21.29,55.99,77.28,18.35,0.98,7.63,37.57,3.82,4.66,0.18,160.0,Moderate,2020,1,5,Winter,93.0,93.33333333333333
Mumbai,2020-01-19,96.1,195.03,48.56,48.29,93.9,20.81,1.12,8.28,35.96,5.51,4.66,0.18,213.0,Poor,2020,1,6,Winter,160.0,114.33333333333333
Mumbai,2020-01-20,89.26,181.54,49.49,47.23,93.54,22.7,1.3,10.52,41.83,5.53,4.66,0.18,205.0,Poor,2020,1,0,Winter,213.0,155.33333333333334
Mumbai,2020-01-21,96.99,207.73,65.0,44.95,104.64,23.11,1.58,10.32,37.38,9.97,4.66,0.18,227.0,Poor,2020,1,1,Winter,205.0,192.66666666666666
Mumbai,2020-01-22,78.69,173.23,71.62,42.07,110.22,22.24,1.49,11.8,37.74,7.48,4.66,0.18,192.0,Moderate,2020,1,2,Winter,227.0,215.0
Mumbai,2020-01-23,87.78,189.99,39.85,44.52,84.15,22.07,1.24,11.77,40.14,4.65,4.66,0.18,196.0,Moderate,2020,1,3,Winter,192.0,208.0
Mumbai,2020-01-24,73.57,163.95,36.83,40.8,76.32,20.89,1.17,11.7,39.02,4.24,4.66,0.18,172.0,Moderate,2020,1,4,Winter,196.0,205.0
Mumbai,2020-01-25,91.57,192.11,43.7,43.88,85.32,22.38,1.32,14.01,47.99,3.41,4.66,0.18,182.0,Moderate,2020,1,5,Winter,172.0,186.66666666666666
Mumbai,2020-01-26,103.35,210.51,47.34,43.92,88.43,22.89,1.4,13.46,39.74,4.32,4.66,0.18,253.0,Poor,2020,1,6,Winter,182.0,183.33333333333334
Mumbai,2020-01-27,57.22,120.42,21.19,29.0,50.18,22.26,0.76,10.5,35.14,1.99,4.66,0.18,183.0,Moderate,2020,1,0,Winter,253.0,202.33333333333334
Mumbai,2020-01-28,25.47,81.69,27.08,21.6,45.51,19.6,0.64,8.01,22.79,3.72,4.66,0.18,94.0,Satisfactory,2020,1,1,Winter,183.0,206.0
Mumbai,2020-01-29,19.77,97.0,13.46,22.88,34.71,16.2,0.56,4.22,37.65,1.54,4.66,0.18,85.0,Satisfactory,2020,1,2,Winter,94.0,176.66666666666666
Mumbai,2020-01-30,52.66,141.65,25.75,38.17,62.06,17.89,0.84,8.11,42.4,2.9,4.66,0.18,123.0,Moderate,2020,1,3,Winter,85.0,120.66666666666667
Mumbai,2020-01-31,65.97,158.62,30.65,43.82,70.91,18.82,1.03,8.65,42.66,3.17,4.66,0.18,145.0,Moderate,2020,1,4,Winter,123.0,100.66666666666667
Mumbai,2020-02-01,72.14,168.79,31.63,46.68,75.13,19.18,1.12,7.48,41.77,3.24,4.66,0.18,154.0,Moderate,2020,2,5,Winter,145.0,117.66666666666667
Mumbai,2020-02-02,80.79,186.22,51.93,38.05,81.8,22.59,1.31,8.75,37.43,5.04,4.66,0.18,183.0,Moderate,2020,2,6,Winter,154.0,140.66666666666666
Mumbai,2020-02-03,83.47,165.19,36.72,35.54,67.27,23.47,1.28,6.21,35.33,3.86,4.66,0.18,192.0,Moderate,2020,2,0,Winter,183.0,160.66666666666666
Mumbai,2020-02-04,77.73,151.8,16.67,40.07,55.74,21.14,0.77,7.25,55.83,2.96,4.66,0.18,178.0,Moderate,2020,2,1,Winter,192.0,176.33333333333334
Mumbai,2020-02-05,60.91,153.38,36.17,47.47,82.28,20.72,0.96,9.38,41.6,2.78,4.66,0.18,151.0,Moderate,2020,2,2,Winter,178.0,184.33333333333334
Mumbai,2020-02-06,47.67,127.57,16.91,36.64,51.75,21.09,0.87,7.87,52.05,2.41,4.66,0.18,138.0,Moderate,2020,2,3,Winter,151.0,173.66666666666666
Mumbai,2020-02-07,49.35,136.21,32.11,39.96,68.25,20.77,0.9,9.22,46.27,2.57,4.66,0.18,129.0,Moderate,2020,2,4,Winter,138.0,155.66666666666666
Mumbai,2020-02-08,68.47,151.73,24.39,39.85,61.71,21.46,1.0,7.72,47.02,3.5,4.66,0.18,133.0,Moderate,2020,2,5,Winter,129.0,139.33333333333334
Mumbai,2020-02-09,68.29,144.61,14.68,31.18,44.17,20.06,1.03,9.26,44.3,1.76,4.66,0.18,142.0,Moderate,2020,2,6,Winter,133.0,133.33333333333334
Mumbai,2020-02-10,56.58,129.32,17.49,36.19,51.98,18.16,0.93,8.38,45.84,1.93,4.66,0.18,134.0,Moderate,2020,2,0,Winter,142.0,134.66666666666666
Mumbai,2020-02-11,60.95,143.87,26.37,38.82,62.47,19.31,1.05,8.71,39.01,3.32,4.66,0.18,130.0,Moderate,2020,2,1,Winter,134.0,136.33333333333334
Mumbai,2020-02-12,60.53,145.25,31.29,48.17,76.66,19.98,1.1,8.9,38.14,3.02,4.66,0.18,136.0,Moderate,2020,2,2,Winter,130.0,135.33333333333334
Mumbai,2020-02-13,67.91,152.14,43.06,52.26,94.87,20.6,1.11,8.5,41.11,2.61,4.66,0.18,144.0,Moderate,2020,2,3,Winter,136.0,133.33333333333334
Mumbai,2020-02-14,58.14,149.22,33.45,48.61,82.04,19.47,0.87,9.01,46.83,4.08,4.66,0.18,141.0,Moderate,2020,2,4,Winter,144.0,136.66666666666666
Mumbai,2020-02-15,53.27,151.37,37.35,45.62,82.97,19.77,0.88,9.59,36.31,4.41,4.66,0.18,141.0,Moderate,2020,2,5,Winter,141.0,140.33333333333334
Mumbai,2020-02-16,68.93,165.51,26.61,47.33,73.92,18.7,0.95,10.41,54.41,5.14,4.66,0.18,147.0,Moderate,2020,2,6,Winter,141.0,142.0
Mumbai,2020-02-17,102.48,212.49,40.65,54.75,95.3,21.74,1.3,9.46,54.43,8.23,4.66,0.18,234.0,Poor,2020,2,0,Winter,147.0,143.0
Mumbai,2020-02-18,88.15,201.4,40.77,61.16,101.97,23.17,1.25,12.09,51.79,11.52,4.66,0.18,217.0,Poor,2020,2,1,Winter,234.0,174.0
Mumbai,2020-02-19,92.5,212.28,52.42,59.13,110.76,30.49,1.32,14.81,47.26,14.4,4.66,0.18,224.0,Poor,2020,2,2,Winter,217.0,199.33333333333334
Mumbai,2020-02-20,62.8,146.64,37.9,46.33,84.24,23.47,1.0,10.38,27.28,9.24,4.66,0.18,175.0,Moderate,2020,2,3,Winter,224.0,225.0
Mumbai,2020-02-21,39.37,100.68,26.82,35.82,62.63,23.77,0.75,9.11,23.71,4.69,4.66,0.18,110.0,Moderate,2020,2,4,Winter,175.0,205.33333333333334
Mumbai,2020-02-22,65.93,157.96,27.56,53.25,80.8,21.75,0.97,12.37,43.03,7.55,4.66,0.18,121.0,Moderate,2020,2,5,Winter,110.0,169.66666666666666
Mumbai,2020-02-23,77.63,194.83,37.84,57.94,95.9,21.11,1.19,13.28,47.06,9.84,4.66,0.18,185.0,Moderate,2020,2,6,Winter,121.0,135.33333333333334
Mumbai,2020-02-24,84.7,185.63,35.27,56.76,92.03,21.9,1.22,12.73,46.95,9.79,4.66,0.18,176.0,Moderate,2020,2,0,Winter,185.0,138.66666666666666
Mumbai,2020-02-25,48.01,152.41,38.95,49.44,86.91,20.22,0.95,11.32,32.01,6.25,4.66,0.18,170.0,Moderate,2020,2,1,Winter,176.0,160.66666666666666
Mumbai,2020-02-26,41.03,131.59,17.35,50.32,67.68,21.45,0.75,14.57,46.17,5.06,4.66,0.18,130.0,Moderate,2020,2,2,Winter,170.0,177.0
Mumbai,2020-02-27,51.74,144.95,27.45,57.91,85.28,23.77,0.92,15.46,50.93,6.58,4.66,0.18,136.0,Moderate,2020,2,3,Winter,130.0,158.66666666666666
Mumbai,2020-02-28,77.61,185.24,63.03,71.94,132.6,23.88,1.37,16.66,43.82,12.56,4.66,0.18,173.0,Moderate,2020,2,4,Winter,136.0,145.33333333333334
Mumbai,2020-02-29,74.98,183.77,61.44,58.47,120.01,26.05,1.24,16.08,27.98,12.57,4.66,0.18,193.0,Moderate,2020,2,5,Winter,173.0,146.33333333333334
Mumbai,2020-03-01,43.39,121.29,23.67,32.11,55.78,28.59,0.65,13.19,23.93,4.06,4.66,0.18,125.0,Moderate,2020,3,6,Summer,193.0,167.33333333333334
Mumbai,2020-03-02,52.18,142.49,49.03,28.46,77.28,21.12,0.77,16.93,19.25,7.63,4.66,0.18,123.0,Moderate,2020,3,0,Summer,125.0,163.66666666666666
Mumbai,2020-03-03,43.68,137.1,20.36,26.55,46.47,21.76,0.46,17.25,27.79,4.32,4.66,0.18,127.0,Moderate,2020,3,1,Summer,123.0,147.0
Mumbai,2020-03-04,36.73,122.49,21.57,27.93,48.46,19.32,0.52,15.98,27.16,5.11,4.66,0.18,118.0,Moderate,2020,3,2,Summer,127.0,125.0
Mumbai,2020-03-05,32.59,108.48,17.09,26.95,43.7,19.16,0.53,17.87,21.06,4.07,4.66,0.18,108.0,Moderate,2020,3,3,Summer,118.0,122.66666666666667
Mumbai,2020-03-06,20.15,105.77,21.05,19.07,40.01,17.49,0.43,17.17,18.27,3.78,4.66,0.18,102.0,Moderate,2020,3,4,Summer,108.0,117.66666666666667
Mumbai,2020-03-07,24.45,131.04,14.59,23.93,38.51,16.16,0.48,9.15,27.96,3.57,4.66,0.18,107.0,Moderate,2020,3,5,Summer,102.0,109.33333333333333
Mumbai,2020-03-08,27.0,125.15,20.26,31.81,52.07,14.65,0.57,9.73,30.18,4.24,4.66,0.18,122.0,Moderate,2020,3,6,Summer,107.0,105.66666666666667
Mumbai,2020-03-09,35.03,134.18,17.46,31.06,48.52,16.27,0.67,9.61,28.36,4.54,4.66,0.18,121.0,Moderate,2020,3,0,Summer,122.0,110.33333333333333
Mumbai,2020-03-10,40.47,125.98,19.71,20.36,39.93,18.29,0.77,12.7,22.31,6.98,4.66,0.18,128.0,Moderate,2020,3,1,Summer,121.0,116.66666666666667
Mumbai,2020-03-11,16.04,74.65,13.42,19.18,32.6,14.87,0.43,11.07,24.98,3.28,4.66,0.18,88.0,Satisfactory,2020,3,2,Summer,128.0,123.66666666666667
Mumbai,2020-03-12,18.59,80.55,17.93,24.74,42.67,14.78,0.49,10.72,22.72,3.65,4.66,0.18,80.0,Satisfactory,2020,3,3,Summer,88.0,112.33333333333333
Mumbai,2020-03-13,23.81,108.48,12.31,30.64,42.95,14.74,0.5,7.84,34.81,3.03,4.66,0.18,84.0,Satisfactory,2020,3,4,Summer,80.0,98.66666666666667
Mumbai,2020-03-14,30.33,126.36,11.69,34.81,46.5,15.92,0.58,7.96,41.79,5.85,4.66,0.18,117.0,Moderate,2020,3,5,Summer,84.0,84.0
Mumbai,2020-03-15,49.84,175.84,42.39,41.75,84.12,17.02,1.01,12.24,36.0,7.16,4.66,0.18,143.0,Moderate,2020,3,6,Summer,117.0,93.66666666666667
Mumbai,2020-03-16,57.99,190.49,42.84,53.12,95.94,22.98,1.24,14.86,40.61,12.13,4.66,0.18,154.0,Moderate,2020,3,0,Summer,143.0,114.66666666666667
Mumbai,2020-03-17,78.54,204.96,73.59,52.95,125.6,19.98,1.66,15.1,45.85,13.17,4.66,0.18,191.0,Moderate,2020,3,1,Summer,154.0,138.0
Mumbai,2020-03-18,52.03,150.71,47.33,42.38,89.72,20.92,1.02,11.79,40.01,13.75,4.66,0.18,167.0,Moderate,2020,3,2,Summer,191.0,162.66666666666666
Mumbai,2020-03-19,30.33,99.38,24.02,26.7,49.39,23.04,0.6,7.97,31.9,9.12,4.66,0.18,113.0,Moderate,2020,3,3,Summer,167.0,170.66666666666666
Mumbai,2020-03-20,21.08,84.44,32.78,14.85,45.69,22.48,0.5,6.6,19.03,7.94,4.66,0.18,91.0,Satisfactory,2020,3,4,Summer,113.0,157.0
Mumbai,2020-03-21,20.14,67.91,23.5,16.51,38.19,20.59,0.47,11.0,24.3,4.4,4.66,0.18,82.0,Satisfactory,2020,3,5,Summer,91.0,123.66666666666667
Mumbai,2020-03-22,16.75,53.27,12.44,9.46,20.96,16.68,0.36,12.08,27.87,3.0,4.66,0.18,67.0,Satisfactory,2020,3,6,Summer,82.0,95.33333333333333
Mumbai,2020-03-23,23.48,64.7,9.84,11.07,20.27,14.84,0.42,12.02,32.77,3.54,4.66,0.18,66.0,Satisfactory,2020,3,0,Summer,67.0,80.0
Mumbai,2020-03-24,35.58,92.81,10.91,12.34,22.74,13.82,0.52,8.75,38.04,4.72,4.66,0.18,86.0,Satisfactory,2020,3,1,Summer,66.0,71.66666666666667
Mumbai,2020-03-25,30.86,77.24,10.93,11.34,21.67,11.97,0.5,8.32,31.58,5.05,4.66,0.18,91.0,Satisfactory,2020,3,2,Summer,86.0,73.0
Mumbai,2020-03-26,27.82,65.48,11.52,11.3,21.6,11.6,0.43,10.16,26.73,6.4,4.66,0.18,71.0,Satisfactory,2020,3,3,Summer,91.0,81.0
Mumbai,2020-03-27,24.81,69.65,8.32,8.64,16.85,11.1,0.4,7.19,35.76,3.78,4.66,0.18,70.0,Satisfactory,2020,3,4,Summer,71.0,82.66666666666667
Mumbai,2020-03-28,28.14,67.46,7.49,11.9,19.07,11.2,0.48,7.55,38.94,3.96,4.66,0.18,78.0,Satisfactory,2020,3,5,Summer,70.0,77.33333333333333
Mumbai,2020-03-29,23.43,66.1,6.46,9.89,16.35,9.98,0.42,7.27,47.85,4.05,4.66,0.18,78.0,Satisfactory,2020,3,6,Summer,78.0,73.0
Mumbai,2020-03-30,23.57,63.65,7.59,9.66,17.25,9.82,0.43,6.86,39.26,4.34,4.66,0.18,77.0,Satisfactory,2020,3,0,Summer,78.0,75.33333333333333
Mumbai,2020-03-31,25.36,63.61,9.69,9.0,18.14,10.37,0.46,7.26,29.17,3.88,4.66,0.18,69.0,Satisfactory,2020,3,1,Summer,77.0,77.66666666666667
Mumbai,2020-04-01,20.08,58.94,9.72,7.77,17.03,10.35,0.4,6.55,31.73,3.3,4.66,0.18,63.0,Satisfactory,2020,4,2,Summer,69.0,74.66666666666667
Mumbai,2020-04-02,26.27,77.19,8.63,8.62,16.94,9.96,0.43,6.84,37.54,3.7,4.66,0.18,78.0,Satisfactory,2020,4,3,Summer,63.0,69.66666666666667
Mumbai,2020-04-03,24.33,83.88,8.18,7.58,15.5,9.2,0.39,6.49,29.94,3.31,4.66,0.18,85.0,Satisfactory,2020,4,4,Summer,78.0,70.0
Mumbai,2020-04-04,24.7,78.44,9.35,7.94,16.89,8.72,0.42,6.47,28.5,3.52,4.66,0.18,83.0,Satisfactory,2020,4,5,Summer,85.0,75.33333333333333
Mumbai,2020-04-05,27.36,73.53,10.76,8.48,18.47,8.25,0.44,6.67,28.81,3.65,4.66,0.18,78.0,Satisfactory,2020,4,6,Summer,83.0,82.0
Mumbai,2020-04-06,20.82,54.45,10.49,6.55,16.46,7.73,0.36,7.06,23.34,3.76,4.66,0.18,67.0,Satisfactory,2020,4,0,Summer,78.0,82.0
Mumbai,2020-04-07,24.1,79.61,12.88,6.24,18.28,7.31,0.36,7.06,18.93,3.68,4.66,0.18,62.0,Satisfactory,2020,4,1,Summer,67.0,76.0
Mumbai,2020-04-08,29.52,98.54,14.47,6.72,20.06,7.97,0.37,6.95,14.77,4.37,4.66,0.18,93.0,Satisfactory,2020,4,2,Summer,62.0,69.0
Mumbai,2020-04-09,28.3,93.39,14.81,6.81,20.89,9.05,0.38,8.89,15.14,3.24,4.66,0.18,95.0,Satisfactory,2020,4,3,Summer,93.0,74.0
Mumbai,2020-04-10,25.89,83.39,12.95,6.96,19.36,8.32,0.37,8.49,20.75,3.34,4.66,0.18,87.0,Satisfactory,2020,4,4,Summer,95.0,83.33333333333333
Mumbai,2020-04-11,29.54,82.21,12.22,7.98,19.82,6.82,0.44,7.97,21.8,2.65,4.66,0.18,81.0,Satisfactory,2020,4,5,Summer,87.0,91.66666666666667
Mumbai,2020-04-12,28.26,81.99,12.69,9.13,21.29,6.12,0.45,7.79,20.04,4.69,4.66,0.18,86.0,Satisfactory,2020,4,6,Summer,81.0,87.66666666666667
Mumbai,2020-04-13,25.58,75.31,14.18,9.18,22.44,6.31,0.44,7.39,16.16,4.16,4.66,0.18,79.0,Satisfactory,2020,4,0,Summer,86.0,84.66666666666667
Mumbai,2020-04-14,26.89,81.61,14.12,10.47,23.66,7.83,0.53,7.61,18.91,4.12,4.66,0.18,87.0,Satisfactory,2020,4,1,Summer,79.0,82.0
Mumbai,2020-04-15,26.61,66.58,14.66,9.77,23.66,8.03,0.72,7.78,19.93,6.08,4.66,0.18,85.0,Satisfactory,2020,4,2,Summer,87.0,84.0
Mumbai,2020-04-16,20.55,55.03,12.42,9.16,21.06,6.81,0.59,6.73,19.32,6.9,4.66,0.18,75.0,Satisfactory,2020,4,3,Summer,85.0,83.66666666666667
Mumbai,2020-04-17,20.54,53.53,15.73,7.89,22.75,6.21,0.64,6.36,16.09,7.81,4.66,0.18,73.0,Satisfactory,2020,4,4,Summer,75.0,82.33333333333333
Mumbai,2020-04-18,18.48,52.34,14.47,8.08,21.9,7.02,0.63,6.34,16.7,4.53,4.66,0.18,70.0,Satisfactory,2020,4,5,Summer,73.0,77.66666666666667
Mumbai,2020-04-19,19.99,63.75,12.36,9.07,21.07,7.11,0.65,6.79,21.48,6.9,4.66,0.18,74.0,Satisfactory,2020,4,6,Summer,70.0,72.66666666666667
Mumbai,2020-04-20,25.7,81.0,13.28,10.38,23.34,9.29,0.7,7.88,20.19,5.79,4.66,0.18,82.0,Satisfactory,2020,4,0,Summer,74.0,72.33333333333333
Mumbai,2020-04-21,18.64,54.81,15.42,6.97,21.67,10.49,0.57,7.59,23.39,5.45,4.66,0.18,76.0,Satisfactory,2020,4,1,Summer,82.0,75.33333333333333
Mumbai,2020-04-22,18.03,52.92,17.22,6.11,22.57,8.12,0.41,8.4,22.45,4.32,4.66,0.18,61.0,Satisfactory,2020,4,2,Summer,76.0,77.33333333333333
Mumbai,2020-04-23,19.8,54.84,18.58,6.99,24.9,7.04,0.4,10.28,19.66,3.45,4.66,0.18,67.0,Satisfactory,2020,4,3,Summer,61.0,73.0
Mumbai,2020-04-24,20.82,47.88,17.53,6.09,22.62,6.92,0.38,11.57,18.66,4.22,4.66,0.18,58.0,Satisfactory,2020,4,4,Summer,67.0,68.0
Mumbai,2020-04-25,16.78,44.63,15.01,6.5,20.87,6.74,0.32,12.46,23.08,5.06,4.66,0.18,57.0,Satisfactory,2020,4,5,Summer,58.0,62.0
Mumbai,2020-04-26,19.05,51.09,17.43,8.25,24.82,6.13,0.36,14.12,22.98,14.21,4.66,0.18,63.0,Satisfactory,2020,4,6,Summer,57.0,60.666666666666664
Mumbai,2020-04-27,17.23,45.04,15.92,5.72,20.66,6.06,0.34,14.37,17.94,8.98,4.66,0.18,60.0,Satisfactory,2020,4,0,Summer,63.0,59.333333333333336
Mumbai,2020-04-28,19.82,50.93,13.63,7.66,20.73,6.12,0.35,13.98,25.02,16.93,4.66,0.18,60.0,Satisfactory,2020,4,1,Summer,60.0,60.0
Mumbai,2020-04-29,21.01,57.68,19.66,6.68,28.03,5.42,0.36,14.49,24.01,13.9,4.66,0.18,77.0,Satisfactory,2020,4,2,Summer,60.0,61.0
Mumbai,2020-04-30,20.8,53.42,15.49,6.96,21.92,5.42,0.33,15.2,17.54,4.34,4.66,0.18,68.0,Satisfactory,2020,4,3,Summer,77.0,65.66666666666667
Mumbai,2020-05-01,15.53,43.76,14.86,5.54,19.46,5.4,0.31,14.47,18.53,2.59,4.66,0.18,61.0,Satisfactory,2020,5,4,Summer,68.0,68.33333333333333
Mumbai,2020-05-02,13.15,39.87,17.89,5.44,24.58,4.84,0.28,12.43,16.06,2.28,4.66,0.18,53.0,Satisfactory,2020,5,5,Summer,61.0,68.66666666666667
Mumbai,2020-05-03,12.02,34.64,15.73,5.28,19.74,5.47,0.27,12.04,15.22,2.57,4.66,0.18,53.0,Satisfactory,2020,5,6,Summer,53.0,60.666666666666664
Mumbai,2020-05-04,11.51,33.77,19.77,5.21,23.67,5.86,0.28,11.52,14.68,2.52,4.66,0.18,47.0,Good,2020,5,0,Summer,53.0,55.666666666666664
Mumbai,2020-05-05,11.2,42.66,24.49,6.59,28.82,6.16,0.29,10.62,16.25,2.83,4.66,0.18,51.0,Satisfactory,2020,5,1,Summer,47.0,51.0
Mumbai,2020-05-06,12.09,55.6,22.12,6.71,26.12,5.28,0.3,12.95,17.43,2.19,4.66,0.18,61.0,Satisfactory,2020,5,2,Summer,51.0,50.333333333333336
Mumbai,2020-05-07,14.3,52.48,23.01,6.24,25.71,4.3,0.35,20.98,19.58,2.77,4.66,0.18,65.0,Satisfactory,2020,5,3,Summer,61.0,53.0
Mumbai,2020-05-08,15.26,60.85,20.66,5.62,22.25,3.93,0.38,29.68,21.41,2.9,4.66,0.18,69.0,Satisfactory,2020,5,4,Summer,65.0,59.0
Mumbai,2020-05-09,14.21,54.67,17.02,5.12,18.7,4.03,0.3,32.49,21.56,3.11,4.66,0.18,67.0,Satisfactory,2020,5,5,Summer,69.0,65.0
Mumbai,2020-05-10,13.08,49.13,26.93,3.32,27.04,3.19,0.3,32.18,19.12,2.98,4.66,0.18,70.0,Satisfactory,2020,5,6,Summer,67.0,67.0
Mumbai,2020-05-11,16.85,57.84,28.97,6.4,32.83,3.6,0.36,28.8,18.86,3.15,4.66,0.18,75.0,Satisfactory,2020,5,0,Summer,70.0,68.66666666666667
Mumbai,2020-05-12,13.72,51.68,32.32,5.73,35.71,3.53,0.34,37.37,18.22,2.8,4.66,0.18,81.0,Satisfactory,2020,5,1,Summer,75.0,70.66666666666667
Mumbai,2020-05-13,14.67,53.52,21.01,7.35,27.59,3.73,0.28,29.05,19.43,2.08,4.66,0.18,74.0,Satisfactory,2020,5,2,Summer,81.0,75.33333333333333
Mumbai,2020-05-14,15.23,56.14,21.05,9.24,29.15,2.91,0.29,21.85,15.53,2.3,4.66,0.18,65.0,Satisfactory,2020,5,3,Summer,74.0,76.66666666666667
Mumbai,2020-05-15,17.67,62.36,19.37,9.47,28.12,4.07,0.31,26.61,15.69,3.23,4.66,0.18,70.0,Satisfactory,2020,5,4,Summer,65.0,73.33333333333333
Mumbai,2020-05-16,30.44,109.67,29.33,9.88,37.14,4.49,0.31,14.56,18.71,2.7,4.66,0.18,79.0,Satisfactory,2020,5,5,Summer,70.0,69.66666666666667
Mumbai,2020-05-17,29.74,110.21,17.76,8.21,23.7,4.38,0.28,13.73,23.93,2.47,4.66,0.18,119.0,Moderate,2020,5,6,Summer,79.0,71.33333333333333
Mumbai,2020-05-18,21.3,74.82,15.73,9.61,22.49,4.34,0.26,15.6,24.78,2.11,4.66,0.18,86.0,Satisfactory,2020,5,0,Summer,119.0,89.33333333333333
Mumbai,2020-05-19,15.36,65.41,22.2,9.44,28.68,4.19,0.28,14.24,19.74,1.68,4.66,0.18,74.0,Satisfactory,2020,5,1,Summer,86.0,94.66666666666667
Mumbai,2020-05-20,14.14,48.48,22.15,11.07,31.18,5.56,0.28,14.07,19.82,2.2,4.66,0.18,66.0,Satisfactory,2020,5,2,Summer,74.0,93.0
Mumbai,2020-05-21,16.44,43.01,15.41,12.93,26.23,4.12,0.27,12.22,20.84,1.89,4.66,0.18,57.0,Satisfactory,2020,5,3,Summer,66.0,75.33333333333333
Mumbai,2020-05-22,14.78,43.77,13.97,11.9,24.26,3.23,0.26,12.06,21.34,0.8,4.66,0.18,51.0,Satisfactory,2020,5,4,Summer,57.0,65.66666666666667
Mumbai,2020-05-23,15.18,52.48,16.39,10.89,27.1,3.29,0.29,10.33,18.87,1.0,4.66,0.18,55.0,Satisfactory,2020,5,5,Summer,51.0,58.0
Mumbai,2020-05-24,12.33,44.41,14.5,10.01,24.05,3.11,0.25,9.66,18.56,0.64,4.66,0.18,55.0,Satisfactory,2020,5,6,Summer,55.0,54.333333333333336
Mumbai,2020-05-25,11.81,53.97,13.1,9.36,21.39,3.07,0.25,8.85,19.15,0.7,4.66,0.18,54.0,Satisfactory,2020,5,0,Summer,55.0,53.666666666666664
Mumbai,2020-05-26,12.64,60.01,15.81,8.14,23.68,3.08,0.24,8.57,18.75,0.62,4.66,0.18,57.0,Satisfactory,2020,5,1,Summer,54.0,54.666666666666664
Mumbai,2020-05-27,11.7,49.07,16.71,8.74,25.38,4.51,0.21,6.44,19.01,0.71,4.66,0.18,59.0,Satisfactory,2020,5,2,Summer,57.0,55.333333333333336
Mumbai,2020-05-28,12.21,46.97,15.52,7.43,22.69,4.61,0.22,6.76,18.17,0.52,4.66,0.18,56.0,Satisfactory,2020,5,3,Summer,59.0,56.666666666666664
Mumbai,2020-05-29,7.33,30.7,14.79,7.02,21.64,3.74,0.26,7.58,17.14,0.63,4.66,0.18,50.0,Good,2020,5,4,Summer,56.0,57.333333333333336
Mumbai,2020-05-30,10.08,42.19,15.83,6.63,22.16,3.61,0.27,6.93,14.37,0.8,4.66,0.18,49.0,Good,2020,5,5,Summer,50.0,55.0
Mumbai,2020-05-31,8.99,41.07,13.06,6.51,19.4,3.39,0.31,6.9,15.63,1.56,4.66,0.18,53.0,Satisfactory,2020,5,6,Summer,49.0,51.666666666666664
Mumbai,2020-06-01,17.27,44.22,15.13,13.22,28.31,3.4,0.33,7.68,25.44,2.39,4.66,0.18,48.0,Good,2020,6,0,Monsoon,53.0,50.666666666666664
Mumbai,2020-06-02,21.94,46.59,13.56,16.61,30.17,4.66,0.43,7.71,23.44,1.92,4.66,0.18,52.0,Satisfactory,2020,6,1,Monsoon,48.0,50.0
Mumbai,2020-06-03,8.38,19.05,11.06,12.38,23.44,6.58,0.28,7.7,22.89,1.18,4.66,0.18,50.0,Good,2020,6,2,Monsoon,52.0,51.0
Mumbai,2020-06-04,20.53,47.52,14.01,15.73,29.74,6.41,0.34,10.03,17.66,1.67,4.66,0.18,48.0,Good,2020,6,3,Monsoon,50.0,50.0
Mumbai,2020-06-05,11.26,33.01,16.89,16.35,33.24,13.01,0.31,11.64,23.29,1.54,4.66,0.18,66.0,Satisfactory,2020,6,4,Monsoon,48.0,50.0
Mumbai,2020-06-06,9.38,30.27,16.51,10.81,27.32,12.51,0.28,11.76,14.98,1.83,4.66,0.18,46.0,Good,2020,6,5,Monsoon,66.0,54.666666666666664
Mumbai,2020-06-07,10.85,35.86,18.3,10.79,28.76,11.73,0.31,10.8,14.68,1.95,4.66,0.18,49.0,Good,2020,6,6,Monsoon,46.0,53.333333333333336
Mumbai,2020-06-08,8.92,25.63,13.86,13.93,27.72,11.24,0.33,11.19,20.42,1.29,4.66,0.18,50.0,Good,2020,6,0,Monsoon,49.0,53.666666666666664
Mumbai,2020-06-09,8.93,28.08,16.24,10.65,26.88,9.74,0.33,11.95,15.69,2.03,4.66,0.18,47.0,Good,2020,6,1,Monsoon,50.0,48.333333333333336
Mumbai,2020-06-10,10.43,34.98,18.59,8.75,27.17,7.54,0.33,12.71,12.88,1.83,4.66,0.18,48.0,Good,2020,6,2,Monsoon,47.0,48.666666666666664
Mumbai,2020-06-11,9.0,28.18,18.46,8.24,26.64,6.45,0.32,12.79,12.38,1.21,4.66,0.18,48.0,Good,2020,6,3,Monsoon,48.0,48.333333333333336
Mumbai,2020-06-12,10.46,31.78,20.73,11.19,31.51,8.08,0.38,13.66,10.47,1.8,4.66,0.18,52.0,Satisfactory,2020,6,4,Monsoon,48.0,47.666666666666664
Mumbai,2020-06-13,10.36,27.75,21.91,12.43,34.3,11.9,0.39,13.49,10.05,1.62,4.66,0.18,54.0,Satisfactory,2020,6,5,Monsoon,52.0,49.333333333333336
Mumbai,2020-06-14,9.87,25.02,18.38,12.87,31.24,10.7,0.38,10.2,10.15,1.88,4.66,0.18,51.0,Satisfactory,2020,6,6,Monsoon,54.0,51.333333333333336
Mumbai,2020-06-15,10.58,27.54,17.7,14.08,31.75,10.34,0.4,11.14,9.59,2.47,4.66,0.18,49.0,Good,2020,6,0,Monsoon,51.0,52.333333333333336
Mumbai,2020-06-16,9.59,22.68,16.53,13.97,30.5,10.33,0.44,11.24,13.5,1.88,4.66,0.18,54.0,Satisfactory,2020,6,1,Monsoon,49.0,51.333333333333336
Mumbai,2020-06-17,6.62,21.38,15.53,14.26,29.79,10.46,0.41,11.22,10.55,2.32,4.66,0.18,46.0,Good,2020,6,2,Monsoon,54.0,51.333333333333336
Mumbai,2020-06-18,7.46,26.97,20.39,16.02,36.41,10.77,0.43,10.89,8.84,2.34,4.66,0.18,50.0,Good,2020,6,3,Monsoon,46.0,49.666666666666664
Mumbai,2020-06-19,14.69,54.73,20.58,11.74,32.26,12.19,0.42,10.96,8.68,2.49,4.66,0.18,58.0,Satisfactory,2020,6,4,Monsoon,50.0,50.0
Mumbai,2020-06-20,11.97,52.15,14.78,8.43,23.03,10.46,0.34,10.72,8.3,0.9,4.66,0.18,61.0,Satisfactory,2020,6,5,Monsoon,58.0,51.333333333333336
Mumbai,2020-06-21,9.27,41.0,11.95,9.94,21.69,9.36,0.32,11.43,9.32,1.11,4.66,0.18,55.0,Satisfactory,2020,6,6,Monsoon,61.0,56.333333333333336
Mumbai,2020-06-22,12.61,47.23,15.68,10.56,26.17,9.03,0.39,8.82,8.49,2.26,4.66,0.18,51.0,Satisfactory,2020,6,0,Monsoon,55.0,58.0
Mumbai,2020-06-23,9.56,32.9,17.96,14.83,32.78,13.97,0.38,5.01,9.94,1.4,4.66,0.18,59.0,Satisfactory,2020,6,1,Monsoon,51.0,55.666666666666664
Mumbai,2020-06-24,8.73,30.22,22.24,11.76,34.0,12.7,0.4,4.77,9.34,1.89,4.66,0.18,55.0,Satisfactory,2020,6,2,Monsoon,59.0,55.0
Mumbai,2020-06-25,11.84,43.79,23.7,9.81,32.92,8.94,0.4,5.19,7.88,1.7,4.66,0.18,59.0,Satisfactory,2020,6,3,Monsoon,55.0,55.0
Mumbai,2020-06-26,13.82,47.1,25.81,8.6,33.63,17.45,0.42,7.66,6.02,0.73,4.66,0.18,57.0,Satisfactory,2020,6,4,Monsoon,59.0,57.666666666666664
Mumbai,2020-06-27,18.04,63.72,28.29,8.58,36.07,26.69,0.43,10.36,5.68,0.82,4.66,0.18,64.0,Satisfactory,2020,6,5,Monsoon,57.0,57.0
Mumbai,2020-06-28,12.33,44.84,27.15,8.06,34.78,26.5,0.38,10.58,5.76,0.85,4.66,0.18,64.0,Satisfactory,2020,6,6,Monsoon,64.0,60.0
Mumbai,2020-06-29,7.88,27.51,26.58,7.94,34.42,23.94,0.38,11.11,5.84,0.47,4.66,0.18,54.0,Satisfactory,2020,6,0,Monsoon,64.0,61.666666666666664
Mumbai,2020-06-30,4.66,13.87,25.25,8.02,33.25,19.89,0.36,13.4,6.94,0.73,4.66,0.18,54.0,Satisfactory,2020,6,1,Monsoon,54.0,60.666666666666664
Mumbai,2020-07-01,3.84,11.28,27.64,5.57,33.21,23.6,0.37,13.18,6.68,0.78,4.66,0.18,53.0,Satisfactory,2020,7,2,Monsoon,54.0,57.333333333333336
Mumbai,2020-07-02,7.95,26.66,,7.13,,,0.47,11.81,9.92,,,,51.4,,2020,7,3,Monsoon,53.0,53.7
Mumbai,2020-07-03,10.15,32.78,,9.23,,,0.57,11.23,11.5,,,,36.1,,2020,7,4,Monsoon,51.4,52.8
Mumbai,2020-07-04,12.23,39.35,,10.57,,,0.63,10.87,13.39,,,,40.0,,2020,7,5,Monsoon,36.1,46.9
Mumbai,2020-07-05,13.13,36.16,,11.46,,,0.73,9.65,16.19,,,,32.1,,2020,7,6,Monsoon,40.0,42.5
Mumbai,2020-07-06,13.35,33.28,,13.71,,,0.87,10.62,19.72,,,,21.5,,2020,7,0,Monsoon,32.1,36.1
Mumbai,2020-07-07,14.87,46.68,,12.37,,,0.82,10.68,20.99,,,,20.0,,2020,7,1,Monsoon,21.5,31.2
Mumbai,2020-07-08,17.14,48.62,,14.23,,,0.86,10.78,16.69,,,,26.4,,2020,7,2,Monsoon,20.0,24.5
Mumbai,2020-07-09,17.28,51.59,,12.55,,,0.77,10.93,16.18,,,,22.3,,2020,7,3,Monsoon,26.4,22.6
Mumbai,2020-07-10,17.06,57.03,,15.71,,,0.86,10.02,18.66,,,,29.2,,2020,7,4,Monsoon,22.3,22.9
Mumbai,2020-07-11,14.4,49.71,,14.36,,,0.95,10.22,20.16,,,,22.5,,2020,7,5,Monsoon,29.2,26.0
Mumbai,2020-07-12,12.85,55.09,,13.25,,,0.72,10.18,21.22,,,,20.0,,2020,7,6,Monsoon,22.5,24.7
Mumbai,2020-07-13,11.06,59.04,,15.94,,,0.75,10.31,22.05,,,,35.6,,2020,7,0,Monsoon,20.0,23.9
Mumbai,2020-07-14,11.65,55.07,,13.74,,,0.76,10.74,20.42,,,,33.2,,2020,7,1,Monsoon,35.6,26.0
Mumbai,2020-07-15,11.31,57.18,,15.08,,,0.74,10.65,18.69,,,,48.0,,2020,7,2,Monsoon,33.2,29.6
Mumbai,2020-07-16,12.36,57.49,,15.36,,,0.66,10.6,17.33,,,,58.5,,2020,7,3,Monsoon,48.0,38.9
Mumbai,2020-07-17,12.01,54.38,,13.86,,,0.64,9.97,20.79,,,,59.9,,2020,7,4,Monsoon,58.5,46.5
Mumbai,2020-07-18,11.66,57.21,,13.58,,,0.89,10.95,21.42,,,,57.3,,2020,7,5,Monsoon,59.9,55.5
Mumbai,2020-07-19,13.11,54.51,,11.49,,,0.75,10.26,19.08,,,,68.4,,2020,7,6,Monsoon,57.3,58.6
Mumbai,2020-07-20,15.04,56.06,,13.54,,,0.84,9.3,20.71,,,,43.3,,2020,7,0,Monsoon,68.4,61.9
Mumbai,2020-07-21,15.8,49.15,,11.73,,,0.74,10.81,19.1,,,,51.6,,2020,7,1,Monsoon,43.3,56.3
Mumbai,2020-07-22,14.83,49.94,,12.55,,,0.74,11.14,19.39,,,,44.9,,2020,7,2,Monsoon,51.6,54.4
Mumbai,2020-07-23,15.09,52.55,,15.46,,,0.75,10.87,19.78,,,,53.6,,2020,7,3,Monsoon,44.9,46.6
Mumbai,2020-07-24,13.28,53.36,,12.36,,,0.88,10.77,18.48,,,,52.8,,2020,7,4,Monsoon,53.6,50.0
Mumbai,2020-07-25,12.48,48.29,,13.88,,,0.86,9.88,18.76,,,,42.2,,2020,7,5,Monsoon,52.8,50.4
Mumbai,2020-07-26,12.9,44.67,,14.35,,,0.79,9.13,18.04,,,,50.3,,2020,7,6,Monsoon,42.2,49.5
Mumbai,2020-07-27,13.55,51.85,,15.11,,,0.77,10.18,20.17,,,,46.0,,2020,7,0,Monsoon,50.3,48.4
Mumbai,2020-07-28,11.4,51.55,,15.49,,,0.7,9.44,17.91,,,,52.5,,2020,7,1,Monsoon,46.0,46.2
Mumbai,2020-07-29,14.69,51.38,,15.82,,,0.89,10.35,17.38,,,,48.2,,2020,7,2,Monsoon,52.5,49.6
Mumbai,2020-07-30,14.05,52.47,,18.27,,,0.78,10.63,16.23,,,,57.8,,2020,7,3,Monsoon,48.2,48.9
Mumbai,2020-07-31,12.92,55.69,,16.26,,,0.85,9.96,16.32,,,,58.2,,2020,7,4,Monsoon,57.8,52.8
Mumbai,2020-08-01,15.33,56.1,,15.54,,,0.74,10.56,9.12,,,,60.7,,2020,8,5,Monsoon,58.2,54.7
Mumbai,2020-08-02,16.04,52.37,,12.41,,,0.76,8.93,20.58,,,,54.2,,2020,8,6,Monsoon,60.7,58.9
Mumbai,2020-08-03,15.65,53.54,,18.94,,,0.7,10.25,22.37,,,,54.4,,2020,8,0,Monsoon,54.2,57.7
Mumbai,2020-08-04,13.61,57.01,,16.55,,,0.76,9.43,23.09,,,,53.2,,2020,8,1,Monsoon,54.4,56.5
Mumbai,2020-08-05,13.03,54.48,,19.3,,,0.7,10.35,16.21,,,,44.2,,2020,8,2,Monsoon,53.2,53.9
Mumbai,2020-08-06,15.02,52.81,,17.02,,,0.75,10.18,22.5,,,,45.5,,2020,8,3,Monsoon,44.2,50.6
Mumbai,2020-08-07,16.06,53.13,,16.01,,,0.85,11.17,31.55,,,,51.3,,2020,8,4,Monsoon,45.5,47.6
Mumbai,2020-08-08,14.82,49.42,,18.08,,,0.89,10.23,25.69,,,,51.4,,2020,8,5,Monsoon,51.3,47.0
Mumbai,2020-08-09,12.57,52.84,,14.59,,,0.83,10.43,25.26,,,,46.7,,2020,8,6,Monsoon,51.4,49.4
Mumbai,2020-08-10,13.24,54.46,,13.31,,,0.8,9.92,23.73,,,,39.6,,2020,8,0,Monsoon,46.7,49.8
Mumbai,2020-08-11,17.12,53.83,,14.2,,,1.0,9.35,33.86,,,,36.9,,2020,8,1,Monsoon,39.6,45.9
Mumbai,2020-08-12,20.41,54.25,,18.83,,,0.95,10.22,21.05,,,,34.6,,2020,8,2,Monsoon,36.9,41.0
Mumbai,2020-08-13,19.46,55.53,,15.6,,,0.96,9.99,17.11,,,,41.8,,2020,8,3,Monsoon,34.6,37.0
Mumbai,2020-08-14,21.96,57.01,,16.93,,,0.85,8.88,28.09,,,,40.8,,2020,8,4,Monsoon,41.8,37.8
Mumbai,2020-08-15,23.17,52.96,,15.95,,,0.83,9.73,27.92,,,,37.0,,2020,8,5,Monsoon,40.8,39.1
Mumbai,2020-08-16,17.8,49.38,,14.76,,,0.9,9.73,26.66,,,,43.9,,2020,8,6,Monsoon,37.0,39.9
Mumbai,2020-08-17,18.08,47.82,,15.68,,,0.95,10.31,22.0,,,,27.2,,2020,8,0,Monsoon,43.9,40.6
Mumbai,2020-08-18,18.35,51.89,,15.84,,,0.99,10.61,21.37,,,,32.8,,2020,8,1,Monsoon,27.2,36.0
Mumbai,2020-08-19,18.27,49.1,,16.01,,,1.08,10.74,21.6,,,,38.9,,2020,8,2,Monsoon,32.8,34.6
Mumbai,2020-08-20,20.37,48.6,,19.5,,,1.0,12.18,20.79,,,,53.9,,2020,8,3,Monsoon,38.9,33.0
Mumbai,2020-08-21,21.42,51.46,,21.88,,,0.91,12.79,23.37,,,,55.5,,2020,8,4,Monsoon,53.9,41.9
Mumbai,2020-08-22,19.65,46.66,,17.71,,,0.91,10.88,18.7,,,,51.6,,2020,8,5,Monsoon,55.5,49.4
Mumbai,2020-08-23,23.12,53.28,,13.01,,,0.79,9.7,15.72,,,,36.9,,2020,8,6,Monsoon,51.6,53.7
Mumbai,2020-08-24,21.14,56.65,,16.62,,,0.79,9.84,20.49,,,,41.7,,2020,8,0,Monsoon,36.9,48.0
Mumbai,2020-08-25,21.96,57.89,,16.02,,,0.94,8.9,19.5,,,,48.7,,2020,8,1,Monsoon,41.7,43.4
Mumbai,2020-08-26,15.51,57.17,,16.68,,,1.17,9.79,19.07,,,,56.4,,2020,8,2,Monsoon,48.7,42.4
Mumbai,2020-08-27,17.57,54.4,,18.67,,,1.13,10.13,28.99,,,,54.6,,2020,8,3,Monsoon,56.4,48.9
Mumbai,2020-08-28,16.84,58.58,,21.27,,,0.99,9.82,30.38,,,,52.8,,2020,8,4,Monsoon,54.6,53.2
Mumbai,2020-08-29,14.16,57.96,,20.88,,,0.92,9.71,25.64,,,,43.8,,2020,8,5,Monsoon,52.8,54.6
Mumbai,2020-08-30,13.58,55.95,,15.87,,,0.88,9.57,29.54,,,,43.9,,2020,8,6,Monsoon,43.8,50.4
Mumbai,2020-08-31,11.78,55.22,,15.11,,,0.84,10.52,17.41,,,,75.8,,2020,8,0,Monsoon,43.9,46.8
Mumbai,2020-09-01,15.26,55.76,,14.01,,,0.89,10.09,21.24,,,,71.1,,2020,9,1,Monsoon,75.8,54.5
Mumbai,2020-09-02,17.78,48.37,,11.48,,,0.87,10.88,17.18,,,,66.7,,2020,9,2,Monsoon,71.1,63.6
Mumbai,2020-09-03,14.57,54.51,,11.9,,,1.05,11.58,18.33,,,,73.2,,2020,9,3,Monsoon,66.7,71.2
Mumbai,2020-09-04,21.83,56.2,,15.84,,,1.11,12.77,22.25,,,,59.9,,2020,9,4,Monsoon,73.2,70.3
Mumbai,2020-09-05,16.32,45.86,,21.3,,,1.02,12.61,27.51,,,,46.5,,2020,9,5,Monsoon,59.9,66.6
Mumbai,2020-09-06,18.81,48.06,,21.23,,,0.87,11.98,22.37,,,,38.9,,2020,9,6,Monsoon,46.5,59.9
Mumbai,2020-09-07,19.45,41.11,,18.54,,,0.91,12.3,23.87,,,,37.8,,2020,9,0,Monsoon,38.9,48.4
Mumbai,2020-09-08,26.61,46.82,,18.43,,,1.09,12.48,23.86,,,,45.0,,2020,9,1,Monsoon,37.8,41.1
Mumbai,2020-09-09,25.58,47.99,,19.27,,,1.1,13.78,20.01,,,,41.7,,2020,9,2,Monsoon,45.0,40.6
Mumbai,2020-09-10,18.19,51.36,,22.08,,,1.09,12.3,25.6,,,,52.3,,2020,9,3,Monsoon,41.7,41.5
Mumbai,2020-09-11,22.48,41.36,,22.39,,,0.94,11.21,28.55,,,,47.5,,2020,9,4,Monsoon,52.3,46.3
Mumbai,2020-09-12,23.2,39.02,,23.85,,,1.06,11.88,21.99,,,,51.9,,2020,9,5,Monsoon,47.5,47.2
Mumbai,2020-09-13,20.88,39.43,,23.2,,,0.91,12.23,30.59,,,,59.9,,2020,9,6,Monsoon,51.9,50.6
Mumbai,2020-09-14,22.42,47.57,,22.79,,,0.96,11.13,28.84,,,,48.4,,2020,9,0,Monsoon,59.9,53.1
Mumbai,2020-09-15,20.97,35.78,,19.84,,,1.22,12.37,23.43,,,,43.4,,2020,9,1,Monsoon,48.4,53.4
Mumbai,2020-09-16,23.79,39.42,,21.25,,,1.31,12.42,18.52,,,,31.5,,2020,9,2,Monsoon,43.4,50.6
Mumbai,2020-09-17,23.44,45.53,,20.8,,,1.09,12.93,14.97,,,,31.3,,2020,9,3,Monsoon,31.5,41.1
Mumbai,2020-09-18,21.42,47.2,,22.99,,,1.14,13.42,19.19,,,,32.3,,2020,9,4,Monsoon,31.3,35.4
Mumbai,2020-09-19,18.28,41.19,,20.16,,,0.92,12.74,21.03,,,,32.6,,2020,9,5,Monsoon,32.3,31.7
Mumbai,2020-09-20,17.47,51.61,,15.0,,,0.62,12.03,22.51,,,,44.3,,2020,9,6,Monsoon,32.6,32.1
Mumbai,2020-09-21,14.96,45.44,,13.64,,,0.72,12.27,22.04,,,,40.0,,2020,9,0,Monsoon,44.3,36.4
Mumbai,2020-09-22,14.34,55.74,,16.47,,,0.73,11.44,19.3,,,,55.3,,2020,9,1,Monsoon,40.0,39.0
Mumbai,2020-09-23,18.45,54.79,,21.0,,,0.81,12.99,19.41,,,,50.0,,2020,9,2,Monsoon,55.3,46.5
Mumbai,2020-09-24,16.67,65.48,,18.85,,,0.98,13.53,19.91,,,,68.1,,2020,9,3,Monsoon,50.0,48.4
Mumbai,2020-09-25,13.88,61.4,,18.42,,,1.04,13.96,14.41,,,,72.9,,2020,9,4,Monsoon,68.1,57.8
Mumbai,2020-09-26,16.97,51.4,,17.84,,,0.99,12.1,17.85,,,,59.5,,2020,9,5,Monsoon,72.9,63.6
Mumbai,2020-09-27,16.47,41.39,,18.75,,,0.98,10.39,12.09,,,,51.0,,2020,9,6,Monsoon,59.5,66.8
Mumbai,2020-09-28,17.92,48.68,,20.9,,,0.78,11.99,16.17,,,,64.2,,2020,9,0,Monsoon,51.0,61.1
Mumbai,2020-09-29,19.19,45.92,,20.52,,,0.71,11.89,22.62,,,,59.7,,2020,9,1,Monsoon,64.2,58.3
Mumbai,2020-09-30,16.12,48.61,,19.36,,,0.64,10.87,18.06,,,,52.9,,2020,9,2,Monsoon,59.7,58.3
Mumbai,2020-10-01,23.05,57.46,,21.24,,,0.98,13.08,27.93,,,,50.6,,2020,10,3,Post-Monsoon,52.9,59.0
Mumbai,2020-10-02,34.43,75.55,,22.3,,,0.95,13.8,27.86,,,,61.0,,2020,10,4,Post-Monsoon,50.6,54.4
Mumbai,2020-10-03,37.39,77.36,,27.72,,,0.83,13.56,34.45,,,,69.3,,2020,10,5,Post-Monsoon,61.0,54.8
Mumbai,2020-10-04,38.05,78.02,,27.27,,,1.04,15.36,25.43,,,,42.0,,2020,10,6,Post-Monsoon,69.3,60.3
Mumbai,2020-10-05,40.12,76.33,,26.88,,,1.05,14.29,23.95,,,,47.3,,2020,10,0,Post-Monsoon,42.0,57.4
Mumbai,2020-10-06,42.77,89.94,,24.75,,,1.25,13.31,32.01,,,,69.1,,2020,10,1,Post-Monsoon,47.3,52.9
Mumbai,2020-10-07,38.55,102.71,,22.39,,,1.39,13.62,21.72,,,,95.2,,2020,10,2,Post-Monsoon,69.1,52.8
Mumbai,2020-10-08,43.58,107.78,,22.24,,,1.54,13.98,19.77,,,,94.4,,2020,10,3,Post-Monsoon,95.2,70.5
Mumbai,2020-10-09,45.47,90.87,,24.35,,,1.36,12.36,21.57,,,,93.5,,2020,10,4,Post-Monsoon,94.4,86.2
Mumbai,2020-10-10,40.19,92.38,,23.24,,,1.54,12.23,18.64,,,,95.4,,2020,10,5,Post-Monsoon,93.5,94.4
Mumbai,2020-10-11,39.09,86.74,,21.62,,,1.36,11.47,21.7,,,,93.3,,2020,10,6,Post-Monsoon,95.4,94.5
Mumbai,2020-10-12,38.51,89.09,,23.23,,,1.49,13.17,18.45,,,,85.8,,2020,10,0,Post-Monsoon,93.3,94.1
Mumbai,2020-10-13,43.22,80.41,,24.55,,,1.39,13.57,31.1,,,,80.7,,2020,10,1,Post-Monsoon,85.8,91.5
Mumbai,2020-10-14,47.24,87.24,,26.07,,,1.33,13.38,33.47,,,,83.3,,2020,10,2,Post-Monsoon,80.7,86.6
Mumbai,2020-10-15,46.8,95.17,,24.0,,,1.5,13.01,23.27,,,,86.6,,2020,10,3,Post-Monsoon,83.3,83.3
Mumbai,2020-10-16,44.15,104.79,,25.63,,,1.37,12.92,23.75,,,,94.3,,2020,10,4,Post-Monsoon,86.6,83.5
Mumbai,2020-10-17,33.98,101.72,,23.74,,,1.41,13.39,17.52,,,,91.4,,2020,10,5,Post-Monsoon,94.3,88.0
Mumbai,2020-10-18,35.58,99.07,,23.8,,,1.22,12.14,14.88,,,,94.9,,2020,10,6,Post-Monsoon,91.4,90.7
Mumbai,2020-10-19,36.84,98.82,,21.9,,,1.4,13.05,11.76,,,,88.2,,2020,10,0,Post-Monsoon,94.9,93.5
Mumbai,2020-10-20,32.8,95.19,,22.03,,,1.44,14.09,25.27,,,,86.8,,2020,10,1,Post-Monsoon,88.2,91.5
Mumbai,2020-10-21,36.55,91.53,,21.77,,,1.64,15.27,31.15,,,,86.1,,2020,10,2,Post-Monsoon,86.8,90.0
Mumbai,2020-10-22,34.61,105.18,,24.46,,,1.4,17.34,35.74,,,,93.9,,2020,10,3,Post-Monsoon,86.1,87.0
Mumbai,2020-10-23,35.45,116.15,,25.91,,,1.4,15.44,29.75,,,,94.4,,2020,10,4,Post-Monsoon,93.9,88.9
Mumbai,2020-10-24,38.36,116.95,,25.8,,,1.43,13.99,33.25,,,,83.0,,2020,10,5,Post-Monsoon,94.4,91.5
Mumbai,2020-10-25,38.3,106.35,,26.97,,,1.47,14.3,29.55,,,,88.1,,2020,10,6,Post-Monsoon,83.0,90.4
Mumbai,2020-10-26,42.14,103.43,,27.15,,,1.46,12.8,20.45,,,,86.0,,2020,10,0,Post-Monsoon,88.1,88.5
Mumbai,2020-10-27,41.7,109.38,,25.28,,,1.68,13.93,21.34,,,,78.6,,2020,10,1,Post-Monsoon,86.0,85.7
Mumbai,2020-10-28,42.17,94.77,,24.36,,,1.89,15.26,20.13,,,,75.4,,2020,10,2,Post-Monsoon,78.6,84.2
Mumbai,2020-10-29,40.04,91.35,,28.45,,,1.68,14.53,32.32,,,,82.7,,2020,10,3,Post-Monsoon,75.4,80.0
Mumbai,2020-10-30,43.42,85.74,,26.91,,,1.72,13.5,38.3,,,,75.7,,2020,10,4,Post-Monsoon,82.7,78.9
Mumbai,2020-10-31,39.98,84.83,,23.45,,,1.7,12.82,30.88,,,,76.7,,2020,10,5,Post-Monsoon,75.7,77.9
Mumbai,2020-11-01,37.51,97.44,,27.38,,,1.81,11.96,37.1,,,,73.3,,2020,11,6,Post-Monsoon,76.7,78.4
Mumbai,2020-11-02,44.36,111.72,,27.91,,,2.04,11.6,33.48,,,,94.3,,2020,11,0,Post-Monsoon,73.3,75.2
Mumbai,2020-11-03,41.83,128.38,,32.11,,,2.3,13.45,30.25,,,,107.5,,2020,11,1,Post-Monsoon,94.3,81.4
Mumbai,2020-11-04,51.94,171.58,,32.87,,,2.25,13.88,33.01,,,,122.6,,2020,11,2,Post-Monsoon,107.5,91.7
Mumbai,2020-11-05,61.01,156.18,,33.85,,,2.13,16.47,34.29,,,,126.9,,2020,11,3,Post-Monsoon,122.6,108.1
Mumbai,2020-11-06,55.32,158.07,,35.84,,,1.7,15.6,38.36,,,,129.0,,2020,11,4,Post-Monsoon,126.9,119.0
Mumbai,2020-11-07,43.11,132.32,,36.28,,,1.59,15.5,36.3,,,,113.2,,2020,11,5,Post-Monsoon,129.0,126.2
Mumbai,2020-11-08,42.23,144.25,,39.81,,,1.68,16.77,40.89,,,,110.9,,2020,11,6,Post-Monsoon,113.2,123.0
Mumbai,2020-11-09,48.97,128.16,,37.81,,,1.88,17.73,39.96,,,,125.9,,2020,11,0,Post-Monsoon,110.9,117.7
Mumbai,2020-11-10,54.47,121.83,,36.56,,,1.83,19.47,43.36,,,,98.1,,2020,11,1,Post-Monsoon,125.9,116.7
Mumbai,2020-11-11,58.24,120.89,,34.96,,,2.01,18.75,52.89,,,,104.3,,2020,11,2,Post-Monsoon,98.1,111.6
Mumbai,2020-11-12,54.79,117.19,,39.95,,,2.02,16.7,50.0,,,,106.2,,2020,11,3,Post-Monsoon,104.3,109.4
Mumbai,2020-11-13,47.23,119.74,,36.99,,,2.09,16.06,52.44,,,,108.6,,2020,11,4,Post-Monsoon,106.2,102.9
Mumbai,2020-11-14,46.79,140.92,,36.13,,,2.05,14.21,49.32,,,,111.5,,2020,11,5,Post-Monsoon,108.6,106.4
Mumbai,2020-11-15,50.65,140.93,,37.59,,,1.76,15.73,47.61,,,,117.8,,2020,11,6,Post-Monsoon,111.5,108.8
Mumbai,2020-11-16,51.32,136.51,,38.94,,,1.6,13.97,45.52,,,,109.0,,2020,11,0,Post-Monsoon,117.8,112.6
Mumbai,2020-11-17,50.85,165.22,,37.18,,,1.45,14.63,43.32,,,,118.4,,2020,11,1,Post-Monsoon,109.0,112.8
Mumbai,2020-11-18,52.87,146.61,,41.63,,,1.32,15.86,46.3,,,,116.1,,2020,11,2,Post-Monsoon,118.4,115.1
Mumbai,2020-11-19,46.0,143.11,,46.7,,,1.16,13.4,47.83,,,,116.1,,2020,11,3,Post-Monsoon,116.1,114.5
Mumbai,2020-11-20,55.01,130.82,,45.48,,,1.09,17.89,50.08,,,,122.2,,2020,11,4,Post-Monsoon,116.1,116.9
Mumbai,2020-11-21,46.16,135.77,,43.32,,,1.32,17.49,44.06,,,,122.7,,2020,11,5,Post-Monsoon,122.2,118.1
Mumbai,2020-11-22,51.11,141.23,,37.83,,,1.16,19.28,45.28,,,,125.1,,2020,11,6,Post-Monsoon,122.7,120.3
Mumbai,2020-11-23,46.62,145.99,,36.93,,,1.19,20.56,36.81,,,,139.9,,2020,11,0,Post-Monsoon,125.1,123.3
Mumbai,2020-11-24,52.75,153.16,,36.59,,,1.71,16.35,38.17,,,,143.0,,2020,11,1,Post-Monsoon,139.9,129.3
Mumbai,2020-11-25,59.67,143.38,,39.12,,,1.69,19.55,43.42,,,,121.5,,2020,11,2,Post-Monsoon,143.0,136.0
Mumbai,2020-11-26,67.06,122.77,,42.77,,,1.67,19.58,42.03,,,,115.1,,2020,11,3,Post-Monsoon,121.5,134.8
Mumbai,2020-11-27,59.84,125.18,,48.21,,,1.49,21.15,42.82,,,,114.9,,2020,11,4,Post-Monsoon,115.1,126.5
Mumbai,2020-11-28,57.63,113.35,,46.06,,,1.33,20.9,49.97,,,,121.9,,2020,11,5,Post-Monsoon,114.9,117.1
Mumbai,2020-11-29,60.47,102.91,,44.54,,,1.51,19.77,52.94,,,,108.8,,2020,11,6,Post-Monsoon,121.9,117.3
Mumbai,2020-11-30,73.3,119.62,,42.97,,,1.74,23.15,46.58,,,,109.9,,2020,11,0,Post-Monsoon,108.8,115.2
Mumbai,2020-12-01,76.31,132.1,,45.2,,,1.44,19.6,45.09,,,,114.6,,2020,12,1,Winter,109.9,113.5
Mumbai,2020-12-02,77.77,137.3,,41.41,,,1.67,17.06,41.69,,,,114.7,,2020,12,2,Winter,114.6,111.1
Mumbai,2020-12-03,74.85,140.39,,41.24,,,1.87,15.56,43.71,,,,129.3,,2020,12,3,Winter,114.7,113.1
Mumbai,2020-12-04,81.07,130.53,,44.82,,,1.96,15.03,40.55,,,,117.8,,2020,12,4,Winter,129.3,119.5
Mumbai,2020-12-05,69.78,133.72,,47.83,,,1.61,15.57,46.44,,,,124.0,,2020,12,5,Winter,117.8,120.6
Mumbai,2020-12-06,72.62,146.68,,40.71,,,1.7,14.05,40.96,,,,125.0,,2020,12,6,Winter,124.0,123.7
Mumbai,2020-12-07,72.58,141.97,,41.97,,,1.79,16.45,44.59,,,,134.2,,2020,12,0,Winter,125.0,122.3
Mumbai,2020-12-08,74.79,149.9,,44.97,,,1.57,15.55,41.29,,,,131.9,,2020,12,1,Winter,134.2,127.7
Mumbai,2020-12-09,71.34,155.65,,46.74,,,1.65,16.46,45.07,,,,135.1,,2020,12,2,Winter,131.9,130.4
Mumbai,2020-12-10,76.75,160.1,,51.18,,,1.73,19.13,44.1,,,,139.5,,2020,12,3,Winter,135.1,133.7
Mumbai,2020-12-11,73.47,155.99,,53.26,,,1.94,16.75,42.66,,,,162.7,,2020,12,4,Winter,139.5,135.5
Mumbai,2020-12-12,68.24,154.06,,48.82,,,1.95,15.01,37.57,,,,147.7,,2020,12,5,Winter,162.7,145.8
Mumbai,2020-12-13,70.74,156.2,,42.24,,,1.81,16.08,34.85,,,,138.5,,2020,12,6,Winter,147.7,150.0
Mumbai,2020-12-14,62.36,168.68,,47.85,,,1.87,14.25,35.32,,,,151.2,,2020,12,0,Winter,138.5,149.7
Mumbai,2020-12-15,63.99,162.53,,46.87,,,2.01,14.07,40.26,,,,150.1,,2020,12,1,Winter,151.2,145.8
Mumbai,2020-12-16,72.05,149.88,,42.89,,,1.99,15.76,41.52,,,,128.9,,2020,12,2,Winter,150.1,146.6
Mumbai,2020-12-17,67.69,155.66,,53.29,,,2.11,18.04,42.53,,,,136.1,,2020,12,3,Winter,128.9,143.4
Mumbai,2020-12-18,64.98,163.08,,51.17,,,1.94,18.69,43.0,,,,139.6,,2020,12,4,Winter,136.1,138.4
Mumbai,2020-12-19,66.95,163.81,,44.21,,,1.85,15.16,45.79,,,,156.3,,2020,12,5,Winter,139.6,134.9
Mumbai,2020-12-20,61.56,154.67,,38.93,,,1.9,14.36,43.04,,,,146.5,,2020,12,6,Winter,156.3,144.0
Mumbai,2020-12-21,68.27,150.47,,47.75,,,1.74,15.2,44.3,,,,149.6,,2020,12,0,Winter,146.5,147.5
Mumbai,2020-12-22,77.46,151.75,,51.69,,,1.61,15.9,40.82,,,,135.6,,2020,12,1,Winter,149.6,150.8
Mumbai,2020-12-23,72.68,161.66,,52.9,,,1.34,14.21,37.51,,,,133.3,,2020,12,2,Winter,135.6,143.9
Mumbai,2020-12-24,71.59,168.5,,49.23,,,1.18,17.78,37.76,,,,146.9,,2020,12,3,Winter,133.3,139.5
Mumbai,2020-12-25,76.17,162.61,,52.35,,,1.23,18.71,40.01,,,,152.3,,2020,12,4,Winter,146.9,138.6
Mumbai,2020-12-26,70.38,168.25,,46.51,,,1.13,17.78,39.65,,,,143.4,,2020,12,5,Winter,152.3,144.2
Mumbai,2020-12-27,68.08,149.45,,48.52,,,1.43,17.51,37.99,,,,148.9,,2020,12,6,Winter,143.4,147.6
Mumbai,2020-12-28,70.17,153.3,,55.83,,,1.69,16.47,40.68,,,,140.0,,2020,12,0,Winter,148.9,148.2
Mumbai,2020-12-29,65.3,147.95,,57.1,,,1.68,19.33,41.37,,,,143.5,,2020,12,1,Winter,140.0,144.1
Mumbai,2020-12-30,68.52,159.08,,54.94,,,1.55,18.64,38.39,,,,118.1,,2020,12,2,Winter,143.5,144.1
Mumbai,2020-12-31,75.96,157.78,,51.08,,,1.48,14.86,37.0,,,,121.3,,2020,12,3,Winter,118.1,133.8
Mumbai,2021-01-01,75.52,164.56,,44.23,,,1.3,12.46,46.83,,,,144.0,,2021,1,4,Winter,121.3,127.6
Mumbai,2021-01-02,66.63,137.36,,43.58,,,1.51,13.49,47.91,,,,139.4,,2021,1,5,Winter,144.0,127.8
Mumbai,2021-01-03,59.36,148.63,,45.61,,,1.64,12.41,43.73,,,,153.1,,2021,1,6,Winter,139.4,134.9
Mumbai,2021-01-04,55.4,171.79,,39.63,,,1.44,17.87,45.09,,,,140.7,,2021,1,0,Winter,153.1,145.5
Mumbai,2021-01-05,52.69,183.55,,44.89,,,1.75,17.9,49.2,,,,145.0,,2021,1,1,Winter,140.7,144.4
Mumbai,2021-01-06,50.66,179.57,,42.86,,,1.9,18.26,45.36,,,,157.3,,2021,1,2,Winter,145.0,146.3
Mumbai,2021-01-07,60.88,186.38,,42.12,,,2.0,19.38,47.85,,,,174.9,,2021,1,3,Winter,157.3,147.7
Mumbai,2021-01-08,65.69,173.85,,39.26,,,2.02,20.89,53.35,,,,151.3,,2021,1,4,Winter,174.9,159.1
Mumbai,2021-01-09,70.15,165.27,,38.71,,,2.11,17.13,51.67,,,,141.1,,2021,1,5,Winter,151.3,161.2
Mumbai,2021-01-10,68.86,172.04,,40.16,,,1.89,18.93,39.75,,,,148.1,,2021,1,6,Winter,141.1,155.8
Mumbai,2021-01-11,70.05,176.23,,45.5,,,1.82,13.62,38.3,,,,142.6,,2021,1,0,Winter,148.1,146.8
Mumbai,2021-01-12,69.4,183.94,,46.24,,,1.79,13.04,44.36,,,,157.3,,2021,1,1,Winter,142.6,144.0
Mumbai,2021-01-13,66.28,172.12,,39.88,,,1.4,13.24,52.58,,,,149.5,,2021,1,2,Winter,157.3,149.3
Mumbai,2021-01-14,73.59,195.5,,42.3,,,1.24,14.12,48.22,,,,172.9,,2021,1,3,Winter,149.5,149.8
Mumbai,2021-01-15,74.08,187.88,,47.59,,,1.41,16.5,48.11,,,,165.2,,2021,1,4,Winter,172.9,159.9
Mumbai,2021-01-16,67.33,175.09,,47.21,,,1.53,13.18,44.47,,,,155.0,,2021,1,5,Winter,165.2,162.5
Mumbai,2021-01-17,63.94,139.81,,42.51,,,1.52,11.36,34.98,,,,144.8,,2021,1,6,Winter,155.0,164.4
Mumbai,2021-01-18,70.95,149.82,,44.97,,,1.27,11.96,38.69,,,,146.3,,2021,1,0,Winter,144.8,155.0
Mumbai,2021-01-19,62.94,151.89,,44.04,,,1.51,19.98,33.91,,,,125.2,,2021,1,1,Winter,146.3,148.7
Mumbai,2021-01-20,69.3,190.86,,43.32,,,1.72,17.96,34.97,,,,123.5,,2021,1,2,Winter,125.2,138.8
Mumbai,2021-01-21,75.15,176.67,,47.36,,,1.79,15.69,41.91,,,,146.3,,2021,1,3,Winter,123.5,131.7
Mumbai,2021-01-22,74.43,177.61,,48.53,,,1.5,16.99,38.39,,,,134.8,,2021,1,4,Winter,146.3,131.7
Mumbai,2021-01-23,75.02,166.0,,48.71,,,1.34,17.24,39.17,,,,137.0,,2021,1,5,Winter,134.8,134.9
Mumbai,2021-01-24,67.67,175.18,,54.57,,,1.45,19.02,44.89,,,,159.0,,2021,1,6,Winter,137.0,139.4
Mumbai,2021-01-25,60.43,189.92,,53.72,,,1.77,20.8,44.27,,,,180.0,,2021,1,0,Winter,159.0,143.6
Mumbai,2021-01-26,65.46,178.35,,52.28,,,1.81,21.46,46.21,,,,172.9,,2021,1,1,Winter,180.0,158.7
Mumbai,2021-01-27,63.11,165.88,,44.87,,,1.77,23.13,33.05,,,,166.6,,2021,1,2,Winter,172.9,170.6
Mumbai,2021-01-28,67.41,144.46,,41.99,,,1.62,18.79,42.01,,,,150.8,,2021,1,3,Winter,166.6,173.2
Mumbai,2021-01-29,65.69,168.65,,44.62,,,1.55,14.01,44.47,,,,143.7,,2021,1,4,Winter,150.8,163.5
Mumbai,2021-01-30,76.45,166.67,,40.84,,,1.81,11.85,41.13,,,,149.3,,2021,1,5,Winter,143.7,153.7
Mumbai,2021-01-31,65.55,164.83,,38.78,,,1.58,12.27,45.28,,,,145.0,,2021,1,6,Winter,149.3,147.9
Mumbai,2021-02-01,63.25,162.02,,43.88,,,1.75,14.16,41.54,,,,140.1,,2021,2,0,Winter,145.0,146.0
Mumbai,2021-02-02,68.09,149.55,,42.43,,,1.54,12.73,51.85,,,,143.6,,2021,2,1,Winter,140.1,144.8
Mumbai,2021-02-03,70.26,160.79,,40.8,,,1.5,12.31,51.23,,,,158.3,,2021,2,2,Winter,143.6,142.9
Mumbai,2021-02-04,60.63,154.86,,37.33,,,1.89,14.41,52.79,,,,153.8,,2021,2,3,Winter,158.3,147.3
Mumbai,2021-02-05,61.17,160.81,,40.32,,,1.9,14.92,55.62,,,,136.0,,2021,2,4,Winter,153.8,151.9
Mumbai,2021-02-06,59.39,158.91,,40.06,,,1.8,14.04,50.15,,,,124.6,,2021,2,5,Winter,136.0,149.4
Mumbai,2021-02-07,62.9,143.42,,38.1,,,1.99,12.68,49.11,,,,123.9,,2021,2,6,Winter,124.6,138.1
Mumbai,2021-02-08,65.77,170.39,,39.68,,,2.0,12.7,44.05,,,,136.1,,2021,2,0,Winter,123.9,128.2
Mumbai,2021-02-09,73.56,168.14,,39.78,,,1.8,13.26,48.14,,,,148.4,,2021,2,1,Winter,136.1,128.2
Mumbai,2021-02-10,67.56,140.46,,40.96,,,1.68,16.49,43.82,,,,145.0,,2021,2,2,Winter,148.4,136.1
Mumbai,2021-02-11,73.54,152.36,,45.64,,,1.8,16.77,44.73,,,,144.1,,2021,2,3,Winter,145.0,143.1
Mumbai,2021-02-12,68.98,154.23,,42.53,,,1.51,16.18,50.53,,,,135.0,,2021,2,4,Winter,144.1,145.8
Mumbai,2021-02-13,63.26,154.88,,37.32,,,1.44,12.42,44.07,,,,142.4,,2021,2,5,Winter,135.0,141.4
Mumbai,2021-02-14,55.25,166.73,,36.8,,,1.1,12.73,46.02,,,,144.8,,2021,2,6,Winter,142.4,140.5
Mumbai,2021-02-15,51.05,165.06,,36.33,,,1.3,12.95,46.35,,,,148.3,,2021,2,0,Winter,144.8,140.8
Mumbai,2021-02-16,54.09,167.79,,35.62,,,1.29,11.94,54.05,,,,157.0,,2021,2,1,Winter,148.3,145.2
Mumbai,2021-02-17,62.26,177.59,,35.36,,,1.43,13.14,55.99,,,,155.8,,2021,2,2,Winter,157.0,150.1
Mumbai,2021-02-18,62.23,171.97,,38.29,,,1.52,14.4,55.15,,,,157.2,,2021,2,3,Winter,155.8,153.7
Mumbai,2021-02-19,69.61,150.48,,35.52,,,1.62,15.25,55.16,,,,153.8,,2021,2,4,Winter,157.2,156.7
Mumbai,2021-02-20,65.88,143.64,,37.61,,,1.5,14.52,55.37,,,,149.2,,2021,2,5,Winter,153.8,155.6
Mumbai,2021-02-21,63.46,161.72,,41.13,,,1.98,15.37,52.23,,,,144.0,,2021,2,6,Winter,149.2,153.4
Mumbai,2021-02-22,66.67,158.44,,40.43,,,1.97,13.62,46.48,,,,142.7,,2021,2,0,Winter,144.0,149.0
Mumbai,2021-02-23,64.59,154.49,,34.46,,,1.72,11.43,50.6,,,,143.5,,2021,2,1,Winter,142.7,145.3
Mumbai,2021-02-24,63.23,147.49,,37.11,,,1.26,9.96,50.22,,,,134.9,,2021,2,2,Winter,143.5,143.4
Mumbai,2021-02-25,67.24,153.26,,42.91,,,1.48,10.7,49.93,,,,147.1,,2021,2,3,Winter,134.9,140.4
Mumbai,2021-02-26,64.06,163.9,,38.19,,,1.53,11.36,55.67,,,,129.7,,2021,2,4,Winter,147.1,141.8
Mumbai,2021-02-27,59.67,154.26,,30.92,,,1.24,11.33,43.89,,,,131.3,,2021,2,5,Winter,129.7,137.2
Mumbai,2021-02-28,56.99,149.21,,33.45,,,1.67,10.74,45.22,,,,142.8,,2021,2,6,Winter,131.3,136.0
Mumbai,2021-03-01,42.95,128.54,,30.58,,,1.32,10.38,34.97,,,,137.8,,2021,3,0,Summer,142.8,134.6
Mumbai,2021-03-02,40.96,125.6,,25.26,,,1.27,8.52,31.32,,,,121.9,,2021,3,1,Summer,137.8,137.3
Mumbai,2021-03-03,41.53,103.29,,25.23,,,1.37,12.08,38.8,,,,106.6,,2021,3,2,Summer,121.9,134.1
Mumbai,2021-03-04,36.07,84.91,,23.34,,,1.19,10.92,41.26,,,,95.0,,2021,3,3,Summer,106.6,122.1
Mumbai,2021-03-05,32.54,110.6,,24.14,,,1.18,12.55,45.92,,,,89.7,,2021,3,4,Summer,95.0,107.8
Mumbai,2021-03-06,33.36,106.41,,18.99,,,1.1,11.62,58.07,,,,95.6,,2021,3,5,Summer,89.7,97.1
Mumbai,2021-03-07,36.68,116.7,,18.74,,,0.81,10.25,47.6,,,,104.7,,2021,3,6,Summer,95.6,93.4
Mumbai,2021-03-08,33.97,119.2,,13.07,,,1.12,11.3,36.88,,,,108.7,,2021,3,0,Summer,104.7,96.6
Mumbai,2021-03-09,37.24,133.54,,13.86,,,1.38,12.57,42.44,,,,123.6,,2021,3,1,Summer,108.7,103.0
Mumbai,2021-03-10,35.14,130.33,,14.02,,,1.39,11.68,39.73,,,,119.3,,2021,3,2,Summer,123.6,112.3
Mumbai,2021-03-11,36.22,144.4,,9.95,,,1.27,15.01,47.53,,,,132.8,,2021,3,3,Summer,119.3,117.2
Mumbai,2021-03-12,39.38,126.45,,12.64,,,1.19,13.47,54.64,,,,124.6,,2021,3,4,Summer,132.8,125.2
Mumbai,2021-03-13,30.8,112.53,,9.88,,,1.26,11.84,46.61,,,,112.1,,2021,3,5,Summer,124.6,125.6
Mumbai,2021-03-14,29.35,111.03,,14.22,,,1.58,12.67,45.87,,,,113.1,,2021,3,6,Summer,112.1,123.2
Mumbai,2021-03-15,25.26,108.16,,15.28,,,1.35,10.19,45.35,,,,102.8,,2021,3,0,Summer,113.1,116.6
Mumbai,2021-03-16,35.43,114.98,,22.62,,,1.19,13.16,45.85,,,,99.6,,2021,3,1,Summer,102.8,109.3
Mumbai,2021-03-17,33.58,104.91,,20.24,,,1.24,13.02,47.42,,,,97.0,,2021,3,2,Summer,99.6,105.1
Mumbai,2021-03-18,35.51,105.37,,24.06,,,1.33,8.9,49.79,,,,90.8,,2021,3,3,Summer,97.0,99.8
Mumbai,2021-03-19,33.04,112.7,,25.15,,,1.39,6.4,45.88,,,,104.0,,2021,3,4,Summer,90.8,95.8
Mumbai,2021-03-20,26.01,133.6,,20.04,,,1.27,10.27,39.98,,,,112.6,,2021,3,5,Summer,104.0,97.3
Mumbai,2021-03-21,30.22,108.22,,21.36,,,1.31,10.16,40.91,,,,102.0,,2021,3,6,Summer,112.6,102.5
Mumbai,2021-03-22,27.28,116.58,,22.67,,,1.34,11.62,48.18,,,,114.4,,2021,3,0,Summer,102.0,106.2
Mumbai,2021-03-23,23.04,92.64,,26.59,,,1.1,8.92,45.82,,,,88.8,,2021,3,1,Summer,114.4,109.7
Mumbai,2021-03-24,24.85,90.66,,23.43,,,1.08,10.11,43.67,,,,88.0,,2021,3,2,Summer,88.8,101.7
Mumbai,2021-03-25,30.4,114.24,,21.43,,,1.26,13.71,37.45,,,,83.8,,2021,3,3,Summer,88.0,97.0
Mumbai,2021-03-26,29.04,128.02,,19.29,,,1.2,9.27,29.11,,,,87.9,,2021,3,4,Summer,83.8,86.8
Mumbai,2021-03-27,27.24,121.18,,21.82,,,0.97,10.8,31.64,,,,97.0,,2021,3,5,Summer,87.9,86.6
Mumbai,2021-03-28,27.07,112.65,,15.43,,,0.94,8.42,17.64,,,,103.9,,2021,3,6,Summer,97.0,89.6
Mumbai,2021-03-29,24.44,119.6,,18.61,,,1.2,8.29,31.89,,,,102.9,,2021,3,0,Summer,103.9,96.3
Mumbai,2021-03-30,25.64,128.12,,19.61,,,0.8,11.1,37.45,,,,95.3,,2021,3,1,Summer,102.9,101.3
Mumbai,2021-03-31,27.63,129.92,,24.67,,,0.85,9.31,39.95,,,,96.1,,2021,3,2,Summer,95.3,100.7
Mumbai,2021-04-01,26.59,109.37,,21.61,,,0.93,12.76,32.63,,,,96.5,,2021,4,3,Summer,96.1,98.1
Mumbai,2021-04-02,23.98,96.76,,21.57,,,0.74,11.65,29.29,,,,86.6,,2021,4,4,Summer,96.5,96.0
Mumbai,2021-04-03,22.61,87.45,,14.15,,,0.64,13.97,26.36,,,,78.2,,2021,4,5,Summer,86.6,93.1
Mumbai,2021-04-04,21.11,87.18,,14.79,,,0.81,15.87,25.52,,,,81.6,,2021,4,6,Summer,78.2,87.1
Mumbai,2021-04-05,21.59,86.55,,15.27,,,1.09,20.12,22.72,,,,78.7,,2021,4,0,Summer,81.6,82.1
Mumbai,2021-04-06,22.05,81.66,,16.75,,,0.87,20.11,24.88,,,,72.7,,2021,4,1,Summer,78.7,79.5
Mumbai,2021-04-07,21.3,75.77,,17.99,,,0.84,18.13,23.47,,,,56.5,,2021,4,2,Summer,72.7,77.7
Mumbai,2021-04-08,20.55,69.25,,16.41,,,1.04,18.57,25.33,,,,67.1,,2021,4,3,Summer,56.5,69.3
Mumbai,2021-04-09,20.4,70.31,,15.9,,,0.86,13.61,24.19,,,,64.2,,2021,4,4,Summer,67.1,65.4
Mumbai,2021-04-10,20.79,70.86,,11.29,,,0.95,14.92,24.11,,,,72.6,,2021,4,5,Summer,64.2,62.6
Mumbai,2021-04-11,20.35,74.51,,10.25,,,1.06,13.04,22.43,,,,72.5,,2021,4,6,Summer,72.6,68.0
Mumbai,2021-04-12,22.93,75.3,,12.44,,,0.79,12.41,22.46,,,,79.1,,2021,4,0,Summer,72.5,69.7
Mumbai,2021-04-13,22.16,75.86,,16.56,,,0.98,16.22,22.88,,,,62.6,,2021,4,1,Summer,79.1,74.7
Mumbai,2021-04-14,21.34,73.34,,14.18,,,1.37,16.56,25.37,,,,65.9,,2021,4,2,Summer,62.6,71.4
Mumbai,2021-04-15,22.29,69.82,,17.77,,,1.44,13.4,25.31,,,,58.6,,2021,4,3,Summer,65.9,69.2
Mumbai,2021-04-16,21.87,65.82,,14.44,,,1.47,11.3,26.44,,,,41.6,,2021,4,4,Summer,58.6,62.4
Mumbai,2021-04-17,23.15,65.93,,14.91,,,1.55,9.7,24.88,,,,57.8,,2021,4,5,Summer,41.6,55.4
Mumbai,2021-04-18,23.32,71.68,,13.14,,,1.26,11.03,25.0,,,,63.1,,2021,4,6,Summer,57.8,52.7
Mumbai,2021-04-19,23.89,76.5,,10.02,,,1.38,15.23,23.65,,,,68.2,,2021,4,0,Summer,63.1,54.2
Mumbai,2021-04-20,22.99,77.54,,11.0,,,1.3,16.34,22.66,,,,70.4,,2021,4,1,Summer,68.2,63.1
Mumbai,2021-04-21,25.4,72.73,,11.9,,,1.15,14.93,24.08,,,,74.1,,2021,4,2,Summer,70.4,67.2
Mumbai,2021-04-22,24.1,76.82,,14.8,,,0.87,14.95,25.02,,,,73.5,,2021,4,3,Summer,74.1,70.9
Mumbai,2021-04-23,23.29,73.18,,16.58,,,0.92,15.92,22.25,,,,79.0,,2021,4,4,Summer,73.5,72.7
Mumbai,2021-04-24,22.77,71.85,,9.77,,,0.92,15.38,20.81,,,,79.3,,2021,4,5,Summer,79.0,75.5
Mumbai,2021-04-25,22.54,71.74,,13.53,,,0.88,13.2,21.01,,,,68.4,,2021,4,6,Summer,79.3,77.3
Mumbai,2021-04-26,23.02,69.65,,16.98,,,1.34,12.39,25.0,,,,65.4,,2021,4,0,Summer,68.4,75.6
Mumbai,2021-04-27,23.77,68.8,,18.6,,,1.04,13.28,18.44,,,,61.8,,2021,4,1,Summer,65.4,71.0
Mumbai,2021-04-28,23.34,75.55,,17.48,,,1.0,16.05,19.43,,,,72.7,,2021,4,2,Summer,61.8,65.2
Mumbai,2021-04-29,20.17,74.38,,15.78,,,0.95,18.52,21.48,,,,77.8,,2021,4,3,Summer,72.7,66.6
Mumbai,2021-04-30,19.13,72.98,,14.61,,,1.13,19.35,21.58,,,,64.6,,2021,4,4,Summer,77.8,70.8
Mumbai,2021-05-01,19.06,66.28,,11.32,,,1.14,16.04,16.52,,,,77.5,,2021,5,5,Summer,64.6,71.7
Mumbai,2021-05-02,16.66,62.26,,11.98,,,0.74,15.22,20.59,,,,62.9,,2021,5,6,Summer,77.5,73.3
Mumbai,2021-05-03,16.83,60.71,,12.96,,,0.77,19.01,20.69,,,,46.3,,2021,5,0,Summer,62.9,68.3
Mumbai,2021-05-04,16.56,62.37,,12.42,,,0.84,19.58,16.58,,,,52.7,,2021,5,1,Summer,46.3,62.2
Mumbai,2021-05-05,16.38,62.0,,11.93,,,0.94,18.17,19.29,,,,67.7,,2021,5,2,Summer,52.7,53.9
Mumbai,2021-05-06,17.45,63.89,,12.23,,,0.86,14.97,18.95,,,,61.4,,2021,5,3,Summer,67.7,55.6
Mumbai,2021-05-07,17.16,65.67,,13.14,,,0.88,18.19,23.27,,,,63.3,,2021,5,4,Summer,61.4,60.6
Mumbai,2021-05-08,16.84,68.29,,14.18,,,0.89,15.63,23.95,,,,79.8,,2021,5,5,Summer,63.3,64.1
Mumbai,2021-05-09,15.94,58.65,,14.29,,,0.91,16.99,23.35,,,,76.6,,2021,5,6,Summer,79.8,68.1
Mumbai,2021-05-10,15.21,57.26,,13.22,,,1.0,19.39,19.5,,,,58.8,,2021,5,0,Summer,76.6,73.2
Mumbai,2021-05-11,17.96,63.5,,14.68,,,1.25,19.15,16.8,,,,64.2,,2021,5,1,Summer,58.8,71.7
Mumbai,2021-05-12,17.01,60.88,,15.44,,,1.11,18.74,18.1,,,,44.5,,2021,5,2,Summer,64.2,66.5
Mumbai,2021-05-13,17.82,55.38,,17.72,,,1.29,18.23,12.36,,,,52.5,,2021,5,3,Summer,44.5,55.8
Mumbai,2021-05-14,18.61,63.38,,13.87,,,1.29,17.21,18.44,,,,56.7,,2021,5,4,Summer,52.5,53.7
Mumbai,2021-05-15,17.06,68.15,,17.5,,,1.25,17.37,21.16,,,,68.8,,2021,5,5,Summer,56.7,51.2
Mumbai,2021-05-16,17.46,58.14,,14.79,,,1.56,15.62,25.83,,,,57.4,,2021,5,6,Summer,68.8,59.3
Mumbai,2021-05-17,16.41,62.68,,15.79,,,1.32,18.01,27.98,,,,57.9,,2021,5,0,Summer,57.4,61.0
Mumbai,2021-05-18,15.41,56.95,,15.67,,,1.31,18.56,31.82,,,,67.3,,2021,5,1,Summer,57.9,61.4
Mumbai,2021-05-19,14.95,61.03,,16.12,,,1.24,18.07,28.91,,,,79.2,,2021,5,2,Summer,67.3,60.9
Mumbai,2021-05-20,15.7,62.78,,14.82,,,0.98,17.48,33.97,,,,76.3,,2021,5,3,Summer,79.2,68.1
Mumbai,2021-05-21,15.71,57.14,,14.67,,,0.97,17.06,25.4,,,,68.1,,2021,5,4,Summer,76.3,74.2
Mumbai,2021-05-22,15.88,61.81,,13.68,,,0.73,16.54,30.92,,,,70.2,,2021,5,5,Summer,68.1,74.5
Mumbai,2021-05-23,15.74,52.7,,11.35,,,0.96,15.85,30.44,,,,49.2,,2021,5,6,Summer,70.2,71.5
Mumbai,2021-05-24,16.57,50.9,,11.31,,,1.11,18.45,34.93,,,,47.6,,2021,5,0,Summer,49.2,62.5
Mumbai,2021-05-25,17.68,51.0,,11.7,,,1.09,17.98,25.92,,,,45.1,,2021,5,1,Summer,47.6,55.7
Mumbai,2021-05-26,19.07,48.52,,10.27,,,1.48,16.14,28.84,,,,42.4,,2021,5,2,Summer,45.1,47.3
Mumbai,2021-05-27,18.33,53.53,,10.42,,,1.31,16.16,24.77,,,,41.5,,2021,5,3,Summer,42.4,45.1
Mumbai,2021-05-28,18.19,50.65,,15.64,,,1.03,18.28,13.34,,,,37.7,,2021,5,4,Summer,41.5,43.0
Mumbai,2021-05-29,18.03,54.56,,14.37,,,0.87,16.89,15.54,,,,34.1,,2021,5,5,Summer,37.7,40.5
Mumbai,2021-05-30,16.63,61.32,,12.5,,,1.02,18.0,13.58,,,,35.8,,2021,5,6,Summer,34.1,37.8
Mumbai,2021-05-31,17.94,56.07,,12.79,,,1.18,21.62,18.92,,,,48.4,,2021,5,0,Summer,35.8,35.9
Mumbai,2021-06-01,16.84,57.56,,10.86,,,0.8,18.87,20.7,,,,47.9,,2021,6,1,Monsoon,48.4,39.4
Mumbai,2021-06-02,18.12,56.92,,11.34,,,0.83,16.65,19.53,,,,49.0,,2021,6,2,Monsoon,47.9,44.0
Mumbai,2021-06-03,18.89,48.4,,11.74,,,1.17,15.37,22.51,,,,55.9,,2021,6,3,Monsoon,49.0,48.4
Mumbai,2021-06-04,18.62,51.62,,13.06,,,0.86,15.61,23.66,,,,51.2,,2021,6,4,Monsoon,55.9,50.9
Mumbai,2021-06-05,17.71,47.68,,13.86,,,0.47,16.29,21.26,,,,33.0,,2021,6,5,Monsoon,51.2,52.0
Mumbai,2021-06-06,16.69,43.91,,15.05,,,0.5,15.55,24.05,,,,33.1,,2021,6,6,Monsoon,33.0,46.7
Mumbai,2021-06-07,15.41,46.38,,16.51,,,0.66,16.51,32.22,,,,30.7,,2021,6,0,Monsoon,33.1,39.1
Mumbai,2021-06-08,14.22,46.67,,17.35,,,0.89,14.27,24.29,,,,34.2,,2021,6,1,Monsoon,30.7,32.3
Mumbai,2021-06-09,14.75,41.46,,15.45,,,1.01,15.58,16.99,,,,36.9,,2021,6,2,Monsoon,34.2,32.7
Mumbai,2021-06-10,14.69,43.28,,14.57,,,1.1,13.11,22.6,,,,36.9,,2021,6,3,Monsoon,36.9,34.0
Mumbai,2021-06-11,14.12,40.69,,11.39,,,1.07,14.12,23.02,,,,36.1,,2021,6,4,Monsoon,36.9,36.0
Mumbai,2021-06-12,14.21,36.47,,11.33,,,1.02,13.55,26.58,,,,33.0,,2021,6,5,Monsoon,36.1,36.6
Mumbai,2021-06-13,12.61,38.39,,14.16,,,1.01,11.91,28.76,,,,30.7,,2021,6,6,Monsoon,33.0,35.3
Mumbai,2021-06-14,12.47,43.74,,14.49,,,1.16,13.89,27.12,,,,24.6,,2021,6,0,Monsoon,30.7,33.3
Mumbai,2021-06-15,13.46,45.47,,15.75,,,0.98,13.75,21.18,,,,35.5,,2021,6,1,Monsoon,24.6,29.4
Mumbai,2021-06-16,18.72,44.15,,15.64,,,0.76,13.1,23.03,,,,37.4,,2021,6,2,Monsoon,35.5,30.3
Mumbai,2021-06-17,14.08,52.92,,15.53,,,0.71,13.67,24.14,,,,45.1,,2021,6,3,Monsoon,37.4,32.5
Mumbai,2021-06-18,14.98,55.78,,16.46,,,0.63,17.13,21.77,,,,50.0,,2021,6,4,Monsoon,45.1,39.4
Mumbai,2021-06-19,13.48,47.51,,15.74,,,0.8,17.21,20.8,,,,50.8,,2021,6,5,Monsoon,50.0,44.2
Mumbai,2021-06-20,13.95,45.48,,13.79,,,0.84,14.31,18.15,,,,32.7,,2021,6,6,Monsoon,50.8,48.7
Mumbai,2021-06-21,14.28,52.97,,10.65,,,0.89,13.88,13.92,,,,37.0,,2021,6,0,Monsoon,32.7,44.5
Mumbai,2021-06-22,12.94,44.9,,11.34,,,0.71,12.27,16.75,,,,56.2,,2021,6,1,Monsoon,37.0,40.2
Mumbai,2021-06-23,14.74,50.26,,13.17,,,0.76,11.9,22.25,,,,58.4,,2021,6,2,Monsoon,56.2,41.9
Mumbai,2021-06-24,15.12,51.17,,16.26,,,0.73,14.11,22.12,,,,45.0,,2021,6,3,Monsoon,58.4,50.5
Mumbai,2021-06-25,18.39,57.45,,15.55,,,0.81,17.7,20.91,,,,55.0,,2021,6,4,Monsoon,45.0,53.2
Mumbai,2021-06-26,17.35,56.25,,13.04,,,0.94,14.84,26.21,,,,64.5,,2021,6,5,Monsoon,55.0,52.8
Mumbai,2021-06-27,19.24,54.1,,13.55,,,0.79,12.82,18.01,,,,55.6,,2021,6,6,Monsoon,64.5,54.8
Mumbai,2021-06-28,14.88,56.61,,14.13,,,0.76,10.14,25.82,,,,52.8,,2021,6,0,Monsoon,55.6,58.4
Mumbai,2021-06-29,13.53,43.18,,12.06,,,0.71,12.48,23.56,,,,43.8,,2021,6,1,Monsoon,52.8,57.6
Mumbai,2021-06-30,13.86,37.38,,13.09,,,0.64,10.88,26.4,,,,42.7,,2021,6,2,Monsoon,43.8,50.7
Mumbai,2021-07-01,14.92,52.19,,13.59,,,0.68,10.97,23.24,,,,36.3,,2021,7,3,Monsoon,42.7,46.4
Mumbai,2021-07-02,14.79,54.19,,14.45,,,0.82,11.06,21.95,,,,38.0,,2021,7,4,Monsoon,36.3,40.9
Mumbai,2021-07-03,12.91,45.9,,15.79,,,0.7,10.3,19.84,,,,37.1,,2021,7,5,Monsoon,38.0,39.0
Mumbai,2021-07-04,15.22,45.7,,17.99,,,0.92,10.31,20.59,,,,41.6,,2021,7,6,Monsoon,37.1,37.2
Mumbai,2021-07-05,17.04,53.23,,17.56,,,0.83,12.12,18.57,,,,38.7,,2021,7,0,Monsoon,41.6,38.9
Mumbai,2021-07-06,18.46,59.53,,15.98,,,0.81,10.2,17.23,,,,40.7,,2021,7,1,Monsoon,38.7,39.1
Mumbai,2021-07-07,15.52,50.61,,17.67,,,0.95,10.06,17.64,,,,33.6,,2021,7,2,Monsoon,40.7,40.3
Mumbai,2021-07-08,15.76,49.99,,16.41,,,0.82,10.52,15.64,,,,37.7,,2021,7,3,Monsoon,33.6,37.7
Mumbai,2021-07-09,16.55,47.42,,15.99,,,0.81,11.72,17.1,,,,40.2,,2021,7,4,Monsoon,37.7,37.4
Mumbai,2021-07-10,14.39,43.86,,14.02,,,0.86,11.43,18.66,,,,36.9,,2021,7,5,Monsoon,40.2,37.2
Mumbai,2021-07-11,15.43,47.07,,13.93,,,0.75,8.8,15.93,,,,44.1,,2021,7,6,Monsoon,36.9,38.3
Mumbai,2021-07-12,15.14,44.8,,14.56,,,0.67,8.66,16.0,,,,46.9,,2021,7,0,Monsoon,44.1,40.4
Mumbai,2021-07-13,16.74,45.39,,16.11,,,0.74,9.54,17.09,,,,42.9,,2021,7,1,Monsoon,46.9,42.6
Mumbai,2021-07-14,16.46,51.41,,14.63,,,0.93,9.96,18.19,,,,46.5,,2021,7,2,Monsoon,42.9,44.6
Mumbai,2021-07-15,17.28,50.04,,14.62,,,1.01,10.9,14.8,,,,40.0,,2021,7,3,Monsoon,46.5,45.4
Mumbai,2021-07-16,14.83,50.76,,13.62,,,0.96,11.41,17.85,,,,49.9,,2021,7,4,Monsoon,40.0,43.2
Mumbai,2021-07-17,15.15,48.83,,13.71,,,0.76,10.68,19.39,,,,46.9,,2021,7,5,Monsoon,49.9,45.5
Mumbai,2021-07-18,12.35,51.28,,13.4,,,0.62,9.16,17.72,,,,48.3,,2021,7,6,Monsoon,46.9,45.6
Mumbai,2021-07-19,14.09,55.29,,14.55,,,0.85,9.81,19.44,,,,50.6,,2021,7,0,Monsoon,48.3,48.3
Mumbai,2021-07-20,14.91,53.0,,14.54,,,0.8,8.88,22.27,,,,50.6,,2021,7,1,Monsoon,50.6,48.6
Mumbai,2021-07-21,14.81,57.46,,15.01,,,0.81,9.14,19.44,,,,52.5,,2021,7,2,Monsoon,50.6,49.8
Mumbai,2021-07-22,13.45,60.05,,14.34,,,0.8,9.28,20.02,,,,43.5,,2021,7,3,Monsoon,52.5,51.3
Mumbai,2021-07-23,13.0,58.24,,15.99,,,0.87,8.24,19.19,,,,43.1,,2021,7,4,Monsoon,43.5,48.9
Mumbai,2021-07-24,12.08,53.57,,15.84,,,0.98,8.58,19.73,,,,46.7,,2021,7,5,Monsoon,43.1,46.4
Mumbai,2021-07-25,12.2,57.13,,16.55,,,0.84,8.38,20.1,,,,56.1,,2021,7,6,Monsoon,46.7,44.4
Mumbai,2021-07-26,12.49,52.74,,16.0,,,0.83,10.31,17.82,,,,53.5,,2021,7,0,Monsoon,56.1,48.6
Mumbai,2021-07-27,14.17,52.61,,16.98,,,0.82,11.16,18.44,,,,36.3,,2021,7,1,Monsoon,53.5,52.1
Mumbai,2021-07-28,15.85,51.55,,15.74,,,0.86,10.77,16.96,,,,32.5,,2021,7,2,Monsoon,36.3,48.6
Mumbai,2021-07-29,15.2,49.61,,15.76,,,1.0,10.5,18.94,,,,42.8,,2021,7,3,Monsoon,32.5,40.8
Mumbai,2021-07-30,14.02,61.23,,14.9,,,1.0,10.23,19.42,,,,41.2,,2021,7,4,Monsoon,42.8,37.2
Mumbai,2021-07-31,16.71,61.2,,14.43,,,0.99,11.81,18.85,,,,65.0,,2021,7,5,Monsoon,41.2,38.8
Mumbai,2021-08-01,18.2,59.93,,14.09,,,0.88,11.29,26.09,,,,47.7,,2021,8,6,Monsoon,65.0,49.6
Mumbai,2021-08-02,21.47,55.5,,15.08,,,0.82,11.01,28.55,,,,48.6,,2021,8,0,Monsoon,47.7,51.3
Mumbai,2021-08-03,18.39,56.19,,14.31,,,0.69,10.65,25.66,,,,53.3,,2021,8,1,Monsoon,48.6,53.7
Mumbai,2021-08-04,18.19,62.38,,21.13,,,0.67,10.46,30.0,,,,57.1,,2021,8,2,Monsoon,53.3,49.9
Mumbai,2021-08-05,20.88,61.51,,19.35,,,0.77,10.55,27.55,,,,66.2,,2021,8,3,Monsoon,57.1,53.0
Mumbai,2021-08-06,16.38,63.76,,14.48,,,0.77,10.85,20.82,,,,46.2,,2021,8,4,Monsoon,66.2,58.9
Mumbai,2021-08-07,13.49,59.62,,13.65,,,0.89,9.86,16.85,,,,54.6,,2021,8,5,Monsoon,46.2,56.5
Mumbai,2021-08-08,12.15,52.89,,13.1,,,0.73,10.45,20.25,,,,44.1,,2021,8,6,Monsoon,54.6,55.7
Mumbai,2021-08-09,12.04,55.34,,19.37,,,0.83,10.0,20.81,,,,42.6,,2021,8,0,Monsoon,44.1,48.3
Mumbai,2021-08-10,16.71,52.64,,16.09,,,0.98,10.73,25.35,,,,33.3,,2021,8,1,Monsoon,42.6,47.1
Mumbai,2021-08-11,15.43,57.19,,20.0,,,0.88,11.04,31.84,,,,39.9,,2021,8,2,Monsoon,33.3,40.0
Mumbai,2021-08-12,14.62,54.07,,16.41,,,0.99,13.17,26.99,,,,57.3,,2021,8,3,Monsoon,39.9,38.6
Mumbai,2021-08-13,17.01,56.37,,15.12,,,0.94,12.07,18.68,,,,50.8,,2021,8,4,Monsoon,57.3,43.5
Mumbai,2021-08-14,16.72,59.18,,14.03,,,0.7,12.03,24.9,,,,44.6,,2021,8,5,Monsoon,50.8,49.3
Mumbai,2021-08-15,16.86,57.89,,15.15,,,0.61,11.32,20.85,,,,55.6,,2021,8,6,Monsoon,44.6,50.9
Mumbai,2021-08-16,15.57,56.85,,12.6,,,0.58,11.88,26.04,,,,45.3,,2021,8,0,Monsoon,55.6,50.3
Mumbai,2021-08-17,18.86,56.57,,13.0,,,0.66,12.81,24.38,,,,54.8,,2021,8,1,Monsoon,45.3,48.5
Mumbai,2021-08-18,14.61,47.62,,17.06,,,0.8,11.59,24.9,,,,40.7,,2021,8,2,Monsoon,54.8,51.9
Mumbai,2021-08-19,17.2,49.12,,14.75,,,0.66,10.64,26.65,,,,34.6,,2021,8,3,Monsoon,40.7,46.9
Mumbai,2021-08-20,17.23,50.88,,13.56,,,0.95,9.67,26.01,,,,53.7,,2021,8,4,Monsoon,34.6,43.4
Mumbai,2021-08-21,19.84,49.98,,14.78,,,1.05,9.98,28.34,,,,43.7,,2021,8,5,Monsoon,53.7,43.0
Mumbai,2021-08-22,19.45,53.28,,12.57,,,1.07,10.43,23.21,,,,39.7,,2021,8,6,Monsoon,43.7,44.0
Mumbai,2021-08-23,21.76,52.99,,12.05,,,1.04,11.33,24.34,,,,51.9,,2021,8,0,Monsoon,39.7,45.7
Mumbai,2021-08-24,23.35,53.74,,18.25,,,0.8,12.43,20.64,,,,32.4,,2021,8,1,Monsoon,51.9,45.1
Mumbai,2021-08-25,20.49,50.33,,16.11,,,0.66,12.78,22.8,,,,38.6,,2021,8,2,Monsoon,32.4,41.3
Mumbai,2021-08-26,19.25,52.75,,11.58,,,0.86,11.59,18.99,,,,55.5,,2021,8,3,Monsoon,38.6,41.0
Mumbai,2021-08-27,15.05,48.59,,11.47,,,0.8,12.27,22.58,,,,51.4,,2021,8,4,Monsoon,55.5,42.2
Mumbai,2021-08-28,15.3,54.0,,14.73,,,0.77,10.7,29.71,,,,52.8,,2021,8,5,Monsoon,51.4,48.5
Mumbai,2021-08-29,11.74,48.15,,17.11,,,0.69,11.06,30.42,,,,61.8,,2021,8,6,Monsoon,52.8,53.2
Mumbai,2021-08-30,17.5,56.43,,18.4,,,0.71,10.94,28.58,,,,50.4,,2021,8,0,Monsoon,61.8,55.3
Mumbai,2021-08-31,16.6,60.67,,14.45,,,0.83,9.86,26.08,,,,36.7,,2021,8,1,Monsoon,50.4,55.0
Mumbai,2021-09-01,17.85,57.52,,15.67,,,0.72,11.35,25.55,,,,41.0,,2021,9,2,Monsoon,36.7,49.6
Mumbai,2021-09-02,18.93,46.19,,16.29,,,0.9,11.8,32.73,,,,47.7,,2021,9,3,Monsoon,41.0,42.7
Mumbai,2021-09-03,20.76,57.08,,17.1,,,1.09,13.3,27.99,,,,64.6,,2021,9,4,Monsoon,47.7,41.8
Mumbai,2021-09-04,21.34,68.2,,18.21,,,0.94,12.25,24.6,,,,58.7,,2021,9,5,Monsoon,64.6,51.1
Mumbai,2021-09-05,23.92,61.94,,15.32,,,0.96,12.18,21.93,,,,59.7,,2021,9,6,Monsoon,58.7,57.0
Mumbai,2021-09-06,22.66,63.44,,18.13,,,0.81,12.61,31.49,,,,46.2,,2021,9,0,Monsoon,59.7,61.0
Mumbai,2021-09-07,21.61,53.91,,19.62,,,0.87,12.71,35.24,,,,56.0,,2021,9,1,Monsoon,46.2,54.9
Mumbai,2021-09-08,20.39,59.25,,22.78,,,0.9,13.54,24.93,,,,57.5,,2021,9,2,Monsoon,56.0,53.9
Mumbai,2021-09-09,22.27,53.16,,21.94,,,1.13,13.14,32.35,,,,63.1,,2021,9,3,Monsoon,57.5,53.2
Mumbai,2021-09-10,21.47,60.86,,22.57,,,1.37,12.88,26.55,,,,64.6,,2021,9,4,Monsoon,63.1,58.9
Mumbai,2021-09-11,22.85,55.59,,22.24,,,1.26,13.17,27.06,,,,59.6,,2021,9,5,Monsoon,64.6,61.7
Mumbai,2021-09-12,23.64,52.52,,20.39,,,1.3,12.63,18.29,,,,47.4,,2021,9,6,Monsoon,59.6,62.4
Mumbai,2021-09-13,28.68,55.14,,19.58,,,1.1,13.24,11.82,,,,51.1,,2021,9,0,Monsoon,47.4,57.2
Mumbai,2021-09-14,23.91,55.78,,20.43,,,0.85,13.12,16.34,,,,54.3,,2021,9,1,Monsoon,51.1,52.7
Mumbai,2021-09-15,19.02,46.35,,18.36,,,0.65,13.52,22.57,,,,52.4,,2021,9,2,Monsoon,54.3,50.9
Mumbai,2021-09-16,18.9,40.46,,17.52,,,0.95,13.81,18.99,,,,55.1,,2021,9,3,Monsoon,52.4,52.6
Mumbai,2021-09-17,21.34,45.58,,17.09,,,1.22,12.92,21.62,,,,60.1,,2021,9,4,Monsoon,55.1,54.0
Mumbai,2021-09-18,21.17,44.66,,18.73,,,1.04,14.16,25.66,,,,53.7,,2021,9,5,Monsoon,60.1,55.9
Mumbai,2021-09-19,16.52,37.86,,17.84,,,1.12,13.53,18.11,,,,51.1,,2021,9,6,Monsoon,53.7,56.3
Mumbai,2021-09-20,17.65,43.96,,19.79,,,1.13,14.58,14.75,,,,45.0,,2021,9,0,Monsoon,51.1,55.0
Mumbai,2021-09-21,20.98,53.28,,21.21,,,0.91,13.48,20.56,,,,36.4,,2021,9,1,Monsoon,45.0,49.9
Mumbai,2021-09-22,22.72,58.17,,19.99,,,0.98,13.07,19.39,,,,31.8,,2021,9,2,Monsoon,36.4,44.2
Mumbai,2021-09-23,21.89,57.53,,22.64,,,1.14,12.28,16.45,,,,29.0,,2021,9,3,Monsoon,31.8,37.7
Mumbai,2021-09-24,20.64,51.0,,19.25,,,1.04,13.93,28.71,,,,27.8,,2021,9,4,Monsoon,29.0,32.4
Mumbai,2021-09-25,15.49,58.78,,17.67,,,0.83,13.21,26.37,,,,26.9,,2021,9,5,Monsoon,27.8,29.5
Mumbai,2021-09-26,16.52,53.11,,18.44,,,0.9,13.13,26.85,,,,34.4,,2021,9,6,Monsoon,26.9,27.9
Mumbai,2021-09-27,16.8,56.7,,18.86,,,1.0,12.88,21.77,,,,52.5,,2021,9,0,Monsoon,34.4,29.7
Mumbai,2021-09-28,17.47,56.94,,19.27,,,1.05,13.29,22.49,,,,63.6,,2021,9,1,Monsoon,52.5,37.9
Mumbai,2021-09-29,10.01,63.89,,21.34,,,1.17,11.59,27.51,,,,65.6,,2021,9,2,Monsoon,63.6,50.1
Mumbai,2021-09-30,9.56,65.0,,22.85,,,1.18,11.49,24.98,,,,69.9,,2021,9,3,Monsoon,65.6,60.6
Mumbai,2021-10-01,19.26,71.69,,24.11,,,1.25,11.19,29.25,,,,74.7,,2021,10,4,Post-Monsoon,69.9,66.4
Mumbai,2021-10-02,26.32,65.21,,26.55,,,1.3,13.63,25.61,,,,64.0,,2021,10,5,Post-Monsoon,74.7,70.1
Mumbai,2021-10-03,29.4,77.14,,25.32,,,1.47,12.7,28.25,,,,57.8,,2021,10,6,Post-Monsoon,64.0,69.5
Mumbai,2021-10-04,34.18,86.58,,24.56,,,1.48,14.75,28.51,,,,65.2,,2021,10,0,Post-Monsoon,57.8,65.5
Mumbai,2021-10-05,37.8,90.51,,25.16,,,1.26,15.95,23.55,,,,77.9,,2021,10,1,Post-Monsoon,65.2,62.3
Mumbai,2021-10-06,46.73,102.02,,28.84,,,1.23,15.09,28.79,,,,91.1,,2021,10,2,Post-Monsoon,77.9,66.9
Mumbai,2021-10-07,40.1,99.22,,28.03,,,1.22,14.26,34.12,,,,94.1,,2021,10,3,Post-Monsoon,91.1,78.1
Mumbai,2021-10-08,42.83,102.58,,26.06,,,1.16,14.92,31.85,,,,85.1,,2021,10,4,Post-Monsoon,94.1,87.7
Mumbai,2021-10-09,38.77,99.66,,24.74,,,1.39,13.51,30.43,,,,82.7,,2021,10,5,Post-Monsoon,85.1,90.1
Mumbai,2021-10-10,34.56,79.24,,24.28,,,1.48,12.05,30.25,,,,90.6,,2021,10,6,Post-Monsoon,82.7,87.3
Mumbai,2021-10-11,37.31,79.57,,21.92,,,1.27,13.91,28.86,,,,96.4,,2021,10,0,Post-Monsoon,90.6,86.2
Mumbai,2021-10-12,40.39,90.31,,25.18,,,1.58,15.23,27.0,,,,87.3,,2021,10,1,Post-Monsoon,96.4,89.9
Mumbai,2021-10-13,37.27,93.31,,25.47,,,1.43,13.17,35.9,,,,88.0,,2021,10,2,Post-Monsoon,87.3,91.5
Mumbai,2021-10-14,40.71,94.43,,22.67,,,1.6,13.61,28.68,,,,92.7,,2021,10,3,Post-Monsoon,88.0,90.6
Mumbai,2021-10-15,34.88,96.49,,24.99,,,1.93,13.7,27.42,,,,85.8,,2021,10,4,Post-Monsoon,92.7,89.3
Mumbai,2021-10-16,36.33,87.72,,22.37,,,1.84,12.48,26.63,,,,96.6,,2021,10,5,Post-Monsoon,85.8,88.8
Mumbai,2021-10-17,35.11,95.84,,23.99,,,1.53,12.39,19.05,,,,96.9,,2021,10,6,Post-Monsoon,96.6,91.7
Mumbai,2021-10-18,40.92,82.21,,24.29,,,1.59,12.52,21.98,,,,98.3,,2021,10,0,Post-Monsoon,96.9,93.1
Mumbai,2021-10-19,39.42,76.69,,24.32,,,1.62,12.94,23.65,,,,90.1,,2021,10,1,Post-Monsoon,98.3,97.3
Mumbai,2021-10-20,37.08,81.99,,23.8,,,1.76,12.68,23.05,,,,80.8,,2021,10,2,Post-Monsoon,90.1,95.1
Mumbai,2021-10-21,41.69,95.28,,27.58,,,1.56,13.96,36.4,,,,87.4,,2021,10,3,Post-Monsoon,80.8,89.8
Mumbai,2021-10-22,40.68,97.39,,27.56,,,1.31,14.01,42.95,,,,87.4,,2021,10,4,Post-Monsoon,87.4,86.1
Mumbai,2021-10-23,40.03,115.03,,25.33,,,1.2,14.6,39.83,,,,95.4,,2021,10,5,Post-Monsoon,87.4,85.2
Mumbai,2021-10-24,41.63,118.29,,24.06,,,1.47,15.82,34.98,,,,99.8,,2021,10,6,Post-Monsoon,95.4,90.1
Mumbai,2021-10-25,39.51,108.92,,22.92,,,1.15,16.33,30.5,,,,98.7,,2021,10,0,Post-Monsoon,99.8,94.2
Mumbai,2021-10-26,44.12,100.57,,24.95,,,1.4,15.72,32.91,,,,102.1,,2021,10,1,Post-Monsoon,98.7,98.0
Mumbai,2021-10-27,40.94,90.72,,26.17,,,1.42,14.88,34.19,,,,103.8,,2021,10,2,Post-Monsoon,102.1,100.2
Mumbai,2021-10-28,43.33,87.46,,24.39,,,1.19,16.73,31.2,,,,99.0,,2021,10,3,Post-Monsoon,103.8,101.5
Mumbai,2021-10-29,47.74,89.98,,25.23,,,1.3,15.11,25.8,,,,85.8,,2021,10,4,Post-Monsoon,99.0,101.6
Mumbai,2021-10-30,46.55,86.52,,26.53,,,1.1,14.43,32.89,,,,72.1,,2021,10,5,Post-Monsoon,85.8,96.2
Mumbai,2021-10-31,41.22,86.48,,27.53,,,1.04,13.58,32.51,,,,72.7,,2021,10,6,Post-Monsoon,72.1,85.6
Mumbai,2021-11-01,45.22,106.66,,29.58,,,1.71,12.1,35.88,,,,83.4,,2021,11,0,Post-Monsoon,72.7,76.8
Mumbai,2021-11-02,45.88,127.96,,32.62,,,1.58,9.32,36.29,,,,94.7,,2021,11,1,Post-Monsoon,83.4,76.0
Mumbai,2021-11-03,49.91,123.28,,34.07,,,1.27,11.76,28.84,,,,102.0,,2021,11,2,Post-Monsoon,94.7,83.6
Mumbai,2021-11-04,54.47,138.54,,36.25,,,1.0,11.82,28.92,,,,114.5,,2021,11,3,Post-Monsoon,102.0,93.4
Mumbai,2021-11-05,65.65,138.55,,35.22,,,1.06,12.39,31.19,,,,127.5,,2021,11,4,Post-Monsoon,114.5,103.7
Mumbai,2021-11-06,69.71,132.02,,36.94,,,0.87,12.4,41.64,,,,105.5,,2021,11,5,Post-Monsoon,127.5,114.7
Mumbai,2021-11-07,53.57,151.4,,37.63,,,1.25,11.85,43.76,,,,107.1,,2021,11,6,Post-Monsoon,105.5,115.8
Mumbai,2021-11-08,52.84,156.79,,37.13,,,1.7,14.39,31.69,,,,118.0,,2021,11,0,Post-Monsoon,107.1,113.4
Mumbai,2021-11-09,57.29,128.24,,37.54,,,1.54,17.34,28.03,,,,126.0,,2021,11,1,Post-Monsoon,118.0,110.2
Mumbai,2021-11-10,61.31,130.38,,38.91,,,1.65,19.23,35.46,,,,117.0,,2021,11,2,Post-Monsoon,126.0,117.0
Mumbai,2021-11-11,49.31,140.07,,42.87,,,1.85,18.32,35.78,,,,119.9,,2021,11,3,Post-Monsoon,117.0,120.3
Mumbai,2021-11-12,64.22,135.4,,41.73,,,1.93,14.93,34.25,,,,121.9,,2021,11,4,Post-Monsoon,119.9,121.0
Mumbai,2021-11-13,59.41,126.68,,40.4,,,2.04,15.34,42.4,,,,123.9,,2021,11,5,Post-Monsoon,121.9,119.6
Mumbai,2021-11-14,66.1,136.62,,41.1,,,1.59,18.16,37.53,,,,117.0,,2021,11,6,Post-Monsoon,123.9,121.9
Mumbai,2021-11-15,62.42,144.89,,38.62,,,1.5,18.87,37.07,,,,123.9,,2021,11,0,Post-Monsoon,117.0,120.9
Mumbai,2021-11-16,72.31,133.48,,39.66,,,1.41,16.63,33.35,,,,124.4,,2021,11,1,Post-Monsoon,123.9,121.6
Mumbai,2021-11-17,70.95,142.86,,38.61,,,1.53,17.88,35.68,,,,116.1,,2021,11,2,Post-Monsoon,124.4,121.8
Mumbai,2021-11-18,68.39,142.93,,40.12,,,1.72,18.51,32.41,,,,119.4,,2021,11,3,Post-Monsoon,116.1,121.5
Mumbai,2021-11-19,68.97,137.53,,43.29,,,1.3,18.39,39.2,,,,120.2,,2021,11,4,Post-Monsoon,119.4,120.0
Mumbai,2021-11-20,53.49,130.39,,38.47,,,1.37,18.95,34.35,,,,125.6,,2021,11,5,Post-Monsoon,120.2,118.6
Mumbai,2021-11-21,57.23,125.95,,35.4,,,1.25,16.59,38.9,,,,107.2,,2021,11,6,Post-Monsoon,125.6,121.7
Mumbai,2021-11-22,58.23,126.71,,40.42,,,1.51,17.39,37.13,,,,100.1,,2021,11,0,Post-Monsoon,107.2,117.7
Mumbai,2021-11-23,57.16,139.55,,43.01,,,1.39,16.77,33.54,,,,109.2,,2021,11,1,Post-Monsoon,100.1,111.0
Mumbai,2021-11-24,59.32,156.25,,43.03,,,1.33,18.15,36.26,,,,122.9,,2021,11,2,Post-Monsoon,109.2,105.5
Mumbai,2021-11-25,59.01,149.15,,43.06,,,1.69,18.83,27.4,,,,136.3,,2021,11,3,Post-Monsoon,122.9,110.7
Mumbai,2021-11-26,49.09,148.51,,48.77,,,1.72,18.37,30.65,,,,140.6,,2021,11,4,Post-Monsoon,136.3,122.8
Mumbai,2021-11-27,53.77,132.43,,44.99,,,1.64,15.74,31.12,,,,133.1,,2021,11,5,Post-Monsoon,140.6,133.3
Mumbai,2021-11-28,50.17,127.53,,42.84,,,1.66,16.08,32.55,,,,119.5,,2021,11,6,Post-Monsoon,133.1,136.7
Mumbai,2021-11-29,54.44,128.6,,45.23,,,1.38,18.62,38.27,,,,124.5,,2021,11,0,Post-Monsoon,119.5,131.1
Mumbai,2021-11-30,48.38,138.4,,46.45,,,1.43,16.69,40.01,,,,129.1,,2021,11,1,Post-Monsoon,124.5,125.7
Mumbai,2021-12-01,52.64,153.27,,39.78,,,1.59,18.82,38.52,,,,139.6,,2021,12,2,Winter,129.1,124.4
Mumbai,2021-12-02,55.13,155.79,,43.49,,,1.47,18.46,37.95,,,,140.8,,2021,12,3,Winter,139.6,131.1
Mumbai,2021-12-03,58.23,158.51,,42.88,,,1.77,19.45,38.21,,,,148.9,,2021,12,4,Winter,140.8,136.5
Mumbai,2021-12-04,60.56,147.57,,41.81,,,1.4,18.17,40.12,,,,143.2,,2021,12,5,Winter,148.9,143.1
Mumbai,2021-12-05,67.65,151.04,,43.05,,,1.67,16.63,46.22,,,,137.6,,2021,12,6,Winter,143.2,144.3
Mumbai,2021-12-06,74.51,148.71,,42.68,,,1.76,16.05,41.13,,,,148.5,,2021,12,0,Winter,137.6,143.2
Mumbai,2021-12-07,78.49,156.58,,43.49,,,1.26,17.61,42.6,,,,146.7,,2021,12,1,Winter,148.5,143.1
Mumbai,2021-12-08,68.08,159.94,,47.16,,,1.2,14.35,48.65,,,,144.1,,2021,12,2,Winter,146.7,144.3
Mumbai,2021-12-09,74.48,167.07,,48.84,,,1.02,16.81,45.37,,,,122.0,,2021,12,3,Winter,144.1,146.4
Mumbai,2021-12-10,66.12,160.23,,46.18,,,1.23,16.85,44.39,,,,132.3,,2021,12,4,Winter,122.0,137.6
Mumbai,2021-12-11,68.19,148.53,,42.89,,,1.32,16.28,38.77,,,,141.5,,2021,12,5,Winter,132.3,132.8
Mumbai,2021-12-12,71.34,141.61,,42.58,,,1.41,19.18,39.76,,,,131.0,,2021,12,6,Winter,141.5,131.9
Mumbai,2021-12-13,70.67,157.78,,44.87,,,1.49,18.21,48.32,,,,135.7,,2021,12,0,Winter,131.0,134.9
Mumbai,2021-12-14,67.86,153.45,,48.73,,,1.61,15.41,43.61,,,,121.8,,2021,12,1,Winter,135.7,136.1
Mumbai,2021-12-15,65.34,155.31,,53.42,,,1.57,17.33,45.88,,,,126.1,,2021,12,2,Winter,121.8,129.5
Mumbai,2021-12-16,61.46,156.48,,46.17,,,1.71,18.39,41.53,,,,133.2,,2021,12,3,Winter,126.1,127.9
Mumbai,2021-12-17,66.32,163.07,,42.38,,,1.48,18.76,43.91,,,,147.1,,2021,12,4,Winter,133.2,127.0
Mumbai,2021-12-18,63.7,165.3,,37.4,,,1.71,19.34,42.94,,,,146.2,,2021,12,5,Winter,147.1,135.5
Mumbai,2021-12-19,66.53,154.26,,49.08,,,1.84,17.02,38.9,,,,156.0,,2021,12,6,Winter,146.2,142.2
Mumbai,2021-12-20,78.25,158.3,,49.71,,,1.6,15.4,40.7,,,,162.3,,2021,12,0,Winter,156.0,149.8
Mumbai,2021-12-21,74.08,173.4,,46.94,,,1.64,16.23,40.61,,,,143.4,,2021,12,1,Winter,162.3,154.8
Mumbai,2021-12-22,71.04,169.46,,46.96,,,1.76,17.42,40.11,,,,139.4,,2021,12,2,Winter,143.4,153.9
Mumbai,2021-12-23,79.05,156.25,,45.2,,,1.83,15.83,44.69,,,,138.5,,2021,12,3,Winter,139.4,148.4
Mumbai,2021-12-24,78.18,159.88,,52.58,,,1.87,13.32,44.71,,,,137.7,,2021,12,4,Winter,138.5,140.4
Mumbai,2021-12-25,76.0,159.95,,51.69,,,1.76,17.49,42.46,,,,138.7,,2021,12,5,Winter,137.7,138.5
Mumbai,2021-12-26,75.63,154.7,,49.09,,,1.65,16.78,39.0,,,,142.3,,2021,12,6,Winter,138.7,138.3
Mumbai,2021-12-27,73.59,160.14,,49.1,,,1.88,16.15,39.5,,,,148.0,,2021,12,0,Winter,142.3,139.6
Mumbai,2021-12-28,70.35,145.6,,46.69,,,1.76,12.95,44.77,,,,134.0,,2021,12,1,Winter,148.0,143.0
Mumbai,2021-12-29,61.77,160.3,,45.45,,,1.83,14.25,45.22,,,,144.1,,2021,12,2,Winter,134.0,141.4
Mumbai,2021-12-30,70.04,147.61,,41.31,,,1.64,16.99,41.75,,,,129.5,,2021,12,3,Winter,144.1,142.0
Mumbai,2021-12-31,69.4,148.94,,40.31,,,1.69,15.22,39.07,,,,126.5,,2021,12,4,Winter,129.5,135.9
Mumbai,2022-01-01,55.15,177.13,,43.79,,,1.48,14.05,40.11,,,,139.5,,2022,1,5,Winter,126.5,133.4
Mumbai,2022-01-02,51.0,138.21,,41.07,,,1.59,10.87,41.42,,,,125.7,,2022,1,6,Winter,139.5,131.8
Mumbai,2022-01-03,54.42,172.76,,44.97,,,2.2,11.79,38.35,,,,131.1,,2022,1,0,Winter,125.7,130.6
Mumbai,2022-01-04,59.03,153.21,,50.94,,,1.89,13.82,42.57,,,,135.0,,2022,1,1,Winter,131.1,132.1
Mumbai,2022-01-05,60.93,144.61,,43.89,,,1.56,19.68,50.03,,,,126.3,,2022,1,2,Winter,135.0,130.6
Mumbai,2022-01-06,68.32,160.37,,46.43,,,1.28,20.19,45.91,,,,122.6,,2022,1,3,Winter,126.3,130.8
Mumbai,2022-01-07,69.75,147.8,,39.11,,,0.96,18.33,46.77,,,,116.7,,2022,1,4,Winter,122.6,127.9
Mumbai,2022-01-08,62.94,122.59,,45.4,,,1.13,13.88,38.31,,,,107.5,,2022,1,5,Winter,116.7,121.8
Mumbai,2022-01-09,73.1,139.08,,41.45,,,1.19,14.23,39.23,,,,120.5,,2022,1,6,Winter,107.5,115.6
Mumbai,2022-01-10,69.93,153.65,,43.39,,,1.25,14.25,39.46,,,,133.2,,2022,1,0,Winter,120.5,114.9
Mumbai,2022-01-11,74.13,145.8,,42.96,,,1.63,13.3,39.82,,,,150.0,,2022,1,1,Winter,133.2,120.4
Mumbai,2022-01-12,73.68,170.28,,40.13,,,1.84,14.41,37.93,,,,151.5,,2022,1,2,Winter,150.0,134.6
Mumbai,2022-01-13,78.08,166.94,,38.84,,,1.57,19.2,41.19,,,,145.3,,2022,1,3,Winter,151.5,144.9
Mumbai,2022-01-14,69.76,178.41,,40.2,,,1.14,19.14,44.62,,,,145.7,,2022,1,4,Winter,145.3,148.9
Mumbai,2022-01-15,57.11,195.61,,42.56,,,1.62,18.24,44.61,,,,151.4,,2022,1,5,Winter,145.7,147.5
Mumbai,2022-01-16,58.47,174.1,,40.36,,,1.42,14.29,47.05,,,,156.2,,2022,1,6,Winter,151.4,147.5
Mumbai,2022-01-17,59.45,160.49,,40.5,,,1.59,11.21,50.1,,,,170.4,,2022,1,0,Winter,156.2,151.1
Mumbai,2022-01-18,56.71,176.28,,39.57,,,1.41,10.47,49.04,,,,158.3,,2022,1,1,Winter,170.4,159.3
Mumbai,2022-01-19,57.73,169.41,,38.86,,,1.0,10.71,48.16,,,,156.5,,2022,1,2,Winter,158.3,161.6
Mumbai,2022-01-20,57.31,175.15,,45.64,,,1.6,12.76,55.7,,,,177.2,,2022,1,3,Winter,156.5,161.7
Mumbai,2022-01-21,54.84,159.2,,43.8,,,2.04,14.32,54.52,,,,154.0,,2022,1,4,Winter,177.2,164.0
Mumbai,2022-01-22,54.54,158.54,,37.82,,,1.64,14.62,43.88,,,,141.9,,2022,1,5,Winter,154.0,162.6
Mumbai,2022-01-23,60.1,163.81,,39.3,,,1.86,17.04,43.97,,,,144.6,,2022,1,6,Winter,141.9,157.7
Mumbai,2022-01-24,64.07,165.03,,33.82,,,1.94,19.39,39.94,,,,157.6,,2022,1,0,Winter,144.6,146.8
Mumbai,2022-01-25,62.6,166.33,,41.1,,,2.21,18.84,40.58,,,,168.0,,2022,1,1,Winter,157.6,148.1
Mumbai,2022-01-26,60.59,185.36,,34.68,,,2.15,15.5,40.81,,,,166.9,,2022,1,2,Winter,168.0,156.7
Mumbai,2022-01-27,63.89,165.73,,34.4,,,1.88,16.34,47.54,,,,158.3,,2022,1,3,Winter,166.9,164.2
Mumbai,2022-01-28,69.85,173.81,,35.97,,,2.14,11.88,43.16,,,,154.3,,2022,1,4,Winter,158.3,164.4
Mumbai,2022-01-29,66.88,167.93,,41.03,,,1.95,13.02,46.57,,,,157.8,,2022,1,5,Winter,154.3,159.8
Mumbai,2022-01-30,61.67,150.13,,38.27,,,1.57,13.63,45.28,,,,147.7,,2022,1,6,Winter,157.8,156.8
Mumbai,2022-01-31,50.06,140.09,,30.74,,,1.91,13.82,38.25,,,,128.5,,2022,1,0,Winter,147.7,153.3
Mumbai,2022-02-01,53.08,136.35,,30.31,,,1.73,14.69,37.33,,,,109.5,,2022,2,1,Winter,128.5,144.7
Mumbai,2022-02-02,66.34,155.62,,31.95,,,1.61,14.64,44.54,,,,114.9,,2022,2,2,Winter,109.5,128.6
Mumbai,2022-02-03,61.86,161.49,,38.94,,,1.85,15.5,46.01,,,,122.1,,2022,2,3,Winter,114.9,117.6
Mumbai,2022-02-04,52.31,161.5,,40.14,,,1.64,14.64,53.04,,,,136.4,,2022,2,4,Winter,122.1,115.5
Mumbai,2022-02-05,59.86,146.9,,36.45,,,1.59,15.73,49.07,,,,130.8,,2022,2,5,Winter,136.4,124.5
Mumbai,2022-02-06,58.48,156.77,,35.75,,,1.65,15.87,45.28,,,,127.9,,2022,2,6,Winter,130.8,129.8
Mumbai,2022-02-07,57.19,144.49,,35.29,,,1.64,17.35,44.71,,,,144.1,,2022,2,0,Winter,127.9,131.7
Mumbai,2022-02-08,54.07,140.22,,40.42,,,1.62,17.15,50.59,,,,139.3,,2022,2,1,Winter,144.1,134.2
Mumbai,2022-02-09,50.82,123.24,,38.16,,,1.55,17.59,52.96,,,,129.4,,2022,2,2,Winter,139.3,137.1
Mumbai,2022-02-10,46.3,131.91,,39.57,,,1.52,15.34,54.24,,,,125.7,,2022,2,3,Winter,129.4,137.6
Mumbai,2022-02-11,56.4,145.36,,36.4,,,1.57,14.29,58.76,,,,124.0,,2022,2,4,Winter,125.7,131.5
Mumbai,2022-02-12,48.03,150.2,,33.87,,,1.55,12.12,58.82,,,,123.9,,2022,2,5,Winter,124.0,126.4
Mumbai,2022-02-13,53.2,155.74,,37.04,,,1.34,11.46,51.2,,,,136.7,,2022,2,6,Winter,123.9,124.5
Mumbai,2022-02-14,59.08,147.58,,44.36,,,1.63,10.96,57.5,,,,136.0,,2022,2,0,Winter,136.7,128.2
Mumbai,2022-02-15,56.06,144.35,,41.67,,,1.42,13.56,48.46,,,,136.5,,2022,2,1,Winter,136.0,132.2
Mumbai,2022-02-16,60.53,169.13,,36.44,,,1.71,13.61,50.25,,,,141.2,,2022,2,2,Winter,136.5,136.4
Mumbai,2022-02-17,64.43,159.83,,39.99,,,1.41,12.11,49.87,,,,121.8,,2022,2,3,Winter,141.2,137.9
Mumbai,2022-02-18,63.6,142.56,,40.52,,,1.48,13.1,52.4,,,,126.0,,2022,2,4,Winter,121.8,133.2
Mumbai,2022-02-19,59.57,162.15,,40.12,,,1.69,14.14,53.49,,,,150.5,,2022,2,5,Winter,126.0,129.7
Mumbai,2022-02-20,59.12,156.68,,36.62,,,1.5,13.42,54.23,,,,139.4,,2022,2,6,Winter,150.5,132.8
Mumbai,2022-02-21,60.11,163.21,,37.92,,,1.68,12.48,53.19,,,,119.4,,2022,2,0,Winter,139.4,138.6
Mumbai,2022-02-22,55.71,175.78,,42.92,,,1.81,13.8,49.81,,,,132.8,,2022,2,1,Winter,119.4,136.4
Mumbai,2022-02-23,63.42,174.29,,41.75,,,1.97,13.69,55.04,,,,147.6,,2022,2,2,Winter,132.8,130.6
Mumbai,2022-02-24,62.86,165.58,,42.95,,,1.69,12.37,48.38,,,,158.1,,2022,2,3,Winter,147.6,133.3
Mumbai,2022-02-25,58.75,167.45,,41.18,,,1.76,16.95,42.45,,,,164.5,,2022,2,4,Winter,158.1,146.2
Mumbai,2022-02-26,55.96,158.21,,37.23,,,1.71,15.86,41.88,,,,151.6,,2022,2,5,Winter,164.5,156.8
Mumbai,2022-02-27,56.48,131.01,,32.28,,,1.7,17.15,41.99,,,,124.6,,2022,2,6,Winter,151.6,158.1
Mumbai,2022-02-28,57.76,150.73,,42.84,,,1.52,18.69,43.63,,,,117.2,,2022,2,0,Winter,124.6,146.9
Mumbai,2022-03-01,46.02,135.59,,33.61,,,1.19,19.71,44.26,,,,102.6,,2022,3,1,Summer,117.2,131.1
Mumbai,2022-03-02,41.97,114.74,,31.9,,,0.96,16.09,32.83,,,,95.1,,2022,3,2,Summer,102.6,114.8
Mumbai,2022-03-03,39.06,118.37,,26.11,,,0.85,15.96,20.65,,,,101.9,,2022,3,3,Summer,95.1,105.0
Mumbai,2022-03-04,40.39,129.29,,20.0,,,1.09,13.19,25.97,,,,108.5,,2022,3,4,Summer,101.9,99.9
Mumbai,2022-03-05,34.22,109.93,,16.66,,,1.09,13.82,39.06,,,,108.9,,2022,3,5,Summer,108.5,101.8
Mumbai,2022-03-06,37.33,115.94,,19.34,,,1.59,12.27,40.9,,,,91.3,,2022,3,6,Summer,108.9,106.4
Mumbai,2022-03-07,36.13,105.47,,22.38,,,1.42,13.11,37.63,,,,93.9,,2022,3,0,Summer,91.3,102.9
Mumbai,2022-03-08,32.57,115.92,,23.0,,,1.26,17.69,38.87,,,,96.8,,2022,3,1,Summer,93.9,98.0
Mumbai,2022-03-09,31.88,125.04,,20.98,,,1.33,18.9,38.63,,,,97.2,,2022,3,2,Summer,96.8,94.0
Mumbai,2022-03-10,34.95,121.24,,20.49,,,1.27,15.0,37.59,,,,112.9,,2022,3,3,Summer,97.2,96.0
Mumbai,2022-03-11,35.96,116.79,,19.6,,,1.24,13.73,35.08,,,,94.5,,2022,3,4,Summer,112.9,102.3
Mumbai,2022-03-12,31.1,111.17,,16.87,,,1.15,13.92,48.44,,,,92.3,,2022,3,5,Summer,94.5,101.5
Mumbai,2022-03-13,30.81,105.95,,18.53,,,1.23,14.5,34.67,,,,97.5,,2022,3,6,Summer,92.3,99.9
Mumbai,2022-03-14,27.98,105.54,,20.9,,,1.41,11.19,36.66,,,,113.9,,2022,3,0,Summer,97.5,94.8
Mumbai,2022-03-15,29.44,124.9,,23.92,,,1.12,9.97,40.64,,,,108.6,,2022,3,1,Summer,113.9,101.2
Mumbai,2022-03-16,35.02,118.46,,21.5,,,1.21,7.74,35.81,,,,111.4,,2022,3,2,Summer,108.6,106.7
Mumbai,2022-03-17,35.59,109.38,,23.6,,,0.96,8.34,48.32,,,,98.8,,2022,3,3,Summer,111.4,111.3
Mumbai,2022-03-18,35.73,114.93,,23.31,,,0.88,9.91,57.3,,,,108.3,,2022,3,4,Summer,98.8,106.3
Mumbai,2022-03-19,34.84,98.23,,18.58,,,0.62,11.14,54.05,,,,89.7,,2022,3,5,Summer,108.3,106.2
Mumbai,2022-03-20,30.15,86.6,,19.08,,,0.85,12.78,52.63,,,,86.3,,2022,3,6,Summer,89.7,98.9
Mumbai,2022-03-21,32.74,100.53,,11.29,,,1.1,13.77,48.28,,,,72.2,,2022,3,0,Summer,86.3,94.8
Mumbai,2022-03-22,33.07,108.21,,12.88,,,1.31,13.1,61.33,,,,83.5,,2022,3,1,Summer,72.2,82.7
Mumbai,2022-03-23,33.56,101.99,,13.74,,,1.46,12.08,60.73,,,,102.2,,2022,3,2,Summer,83.5,80.7
Mumbai,2022-03-24,28.3,93.08,,18.99,,,1.37,14.3,29.94,,,,88.9,,2022,3,3,Summer,102.2,86.0
Mumbai,2022-03-25,30.47,91.42,,19.71,,,1.54,16.57,40.27,,,,85.7,,2022,3,4,Summer,88.9,91.5
Mumbai,2022-03-26,28.45,103.32,,19.17,,,1.13,14.38,36.93,,,,94.6,,2022,3,5,Summer,85.7,92.3
Mumbai,2022-03-27,25.29,106.26,,19.95,,,1.21,13.71,42.48,,,,90.1,,2022,3,6,Summer,94.6,89.8
Mumbai,2022-03-28,22.99,100.24,,21.94,,,1.03,10.53,37.75,,,,75.4,,2022,3,0,Summer,90.1,90.1
Mumbai,2022-03-29,22.48,114.59,,18.99,,,1.0,7.46,43.63,,,,71.8,,2022,3,1,Summer,75.4,86.7
Mumbai,2022-03-30,28.58,100.12,,18.02,,,0.97,7.91,44.14,,,,85.4,,2022,3,2,Summer,71.8,79.1
Mumbai,2022-03-31,29.5,98.86,,19.88,,,0.94,9.33,45.09,,,,80.8,,2022,3,3,Summer,85.4,77.5
Mumbai,2022-04-01,25.86,92.87,,19.22,,,1.12,13.05,35.85,,,,89.9,,2022,4,4,Summer,80.8,79.3
Mumbai,2022-04-02,23.48,87.48,,17.1,,,1.15,14.17,32.0,,,,72.4,,2022,4,5,Summer,89.9,85.4
Mumbai,2022-04-03,20.59,82.9,,16.79,,,1.17,12.87,25.85,,,,99.4,,2022,4,6,Summer,72.4,81.0
Mumbai,2022-04-04,22.37,81.72,,16.39,,,0.93,12.76,24.62,,,,82.2,,2022,4,0,Summer,99.4,87.2
Mumbai,2022-04-05,21.29,72.37,,16.51,,,1.09,13.14,24.76,,,,77.2,,2022,4,1,Summer,82.2,84.6
Mumbai,2022-04-06,24.25,75.73,,13.25,,,1.1,14.95,21.89,,,,62.2,,2022,4,2,Summer,77.2,86.2
Mumbai,2022-04-07,23.84,77.38,,11.6,,,1.16,17.07,24.2,,,,73.9,,2022,4,3,Summer,62.2,73.9
Mumbai,2022-04-08,22.92,82.41,,10.35,,,1.0,21.1,23.65,,,,69.5,,2022,4,4,Summer,73.9,71.1
Mumbai,2022-04-09,21.49,89.09,,10.59,,,0.97,20.41,24.28,,,,69.4,,2022,4,5,Summer,69.5,68.5
Mumbai,2022-04-10,21.23,83.76,,10.16,,,1.11,23.51,22.77,,,,66.2,,2022,4,6,Summer,69.4,70.9
Mumbai,2022-04-11,21.5,74.53,,15.87,,,1.1,21.63,24.52,,,,60.8,,2022,4,0,Summer,66.2,68.4
Mumbai,2022-04-12,20.35,73.12,,15.9,,,0.86,20.6,23.19,,,,38.1,,2022,4,1,Summer,60.8,65.5
Mumbai,2022-04-13,19.58,75.76,,17.78,,,0.9,16.81,23.12,,,,58.8,,2022,4,2,Summer,38.1,55.0
Mumbai,2022-04-14,21.94,75.11,,16.28,,,1.0,13.79,26.44,,,,72.6,,2022,4,3,Summer,58.8,52.6
Mumbai,2022-04-15,22.04,75.32,,14.37,,,1.07,13.84,25.44,,,,78.8,,2022,4,4,Summer,72.6,56.5
Mumbai,2022-04-16,22.33,74.35,,12.01,,,0.9,12.31,24.29,,,,57.8,,2022,4,5,Summer,78.8,70.1
Mumbai,2022-04-17,21.5,77.46,,14.17,,,0.83,12.46,24.47,,,,65.0,,2022,4,6,Summer,57.8,69.7
Mumbai,2022-04-18,21.31,73.09,,14.68,,,1.07,13.08,25.95,,,,54.4,,2022,4,0,Summer,65.0,67.2
Mumbai,2022-04-19,20.16,78.41,,15.22,,,1.26,11.94,25.43,,,,78.5,,2022,4,1,Summer,54.4,59.1
Mumbai,2022-04-20,20.45,80.85,,11.99,,,1.38,15.91,27.17,,,,85.1,,2022,4,2,Summer,78.5,66.0
Mumbai,2022-04-21,20.79,72.84,,11.77,,,1.13,12.61,26.37,,,,76.9,,2022,4,3,Summer,85.1,72.7
Mumbai,2022-04-22,20.87,69.22,,9.02,,,1.2,14.09,23.51,,,,66.8,,2022,4,4,Summer,76.9,80.2
Mumbai,2022-04-23,22.19,73.08,,7.46,,,1.39,14.1,22.29,,,,64.2,,2022,4,5,Summer,66.8,76.3
Mumbai,2022-04-24,22.57,74.86,,11.8,,,1.39,13.78,24.31,,,,65.1,,2022,4,6,Summer,64.2,69.3
Mumbai,2022-04-25,21.84,79.06,,17.52,,,1.23,18.45,23.35,,,,59.3,,2022,4,0,Summer,65.1,65.4
Mumbai,2022-04-26,21.92,72.08,,15.53,,,1.26,18.85,20.2,,,,74.1,,2022,4,1,Summer,59.3,62.9
Mumbai,2022-04-27,20.7,68.02,,12.65,,,1.06,16.57,19.7,,,,49.2,,2022,4,2,Summer,74.1,66.1
Mumbai,2022-04-28,21.19,70.41,,18.51,,,1.0,17.22,18.83,,,,54.1,,2022,4,3,Summer,49.2,60.9
Mumbai,2022-04-29,21.85,68.86,,17.47,,,0.98,20.28,17.14,,,,64.2,,2022,4,4,Summer,54.1,59.1
Mumbai,2022-04-30,21.52,60.76,,17.19,,,1.08,16.43,21.64,,,,59.0,,2022,4,5,Summer,64.2,55.9
Mumbai,2022-05-01,20.66,52.52,,13.15,,,1.09,20.04,26.15,,,,63.5,,2022,5,6,Summer,59.0,59.1
Mumbai,2022-05-02,18.66,59.12,,14.37,,,1.3,17.4,33.21,,,,49.1,,2022,5,0,Summer,63.5,62.3
Mumbai,2022-05-03,18.23,58.12,,16.33,,,1.76,15.5,30.37,,,,56.3,,2022,5,1,Summer,49.1,57.2
Mumbai,2022-05-04,19.35,57.65,,15.19,,,1.38,15.76,30.77,,,,53.5,,2022,5,2,Summer,56.3,56.3
Mumbai,2022-05-05,17.83,56.06,,15.54,,,1.23,15.45,34.17,,,,54.2,,2022,5,3,Summer,53.5,53.0
Mumbai,2022-05-06,16.2,57.17,,15.55,,,1.05,18.21,29.07,,,,47.6,,2022,5,4,Summer,54.2,54.7
Mumbai,2022-05-07,15.15,58.37,,15.42,,,1.01,19.59,20.74,,,,54.9,,2022,5,5,Summer,47.6,51.8
Mumbai,2022-05-08,15.43,57.43,,12.37,,,0.81,18.42,24.79,,,,50.2,,2022,5,6,Summer,54.9,52.2
Mumbai,2022-05-09,15.27,50.47,,14.42,,,0.91,18.07,22.09,,,,35.1,,2022,5,0,Summer,50.2,50.9
Mumbai,2022-05-10,15.15,51.8,,14.59,,,0.85,17.68,16.48,,,,40.1,,2022,5,1,Summer,35.1,46.7
Mumbai,2022-05-11,14.76,61.14,,14.48,,,0.88,18.96,21.38,,,,38.9,,2022,5,2,Summer,40.1,41.8
Mumbai,2022-05-12,14.06,60.67,,15.06,,,0.87,15.62,32.8,,,,49.0,,2022,5,3,Summer,38.9,38.0
Mumbai,2022-05-13,16.82,57.11,,13.83,,,1.03,18.29,30.51,,,,39.9,,2022,5,4,Summer,49.0,42.7
Mumbai,2022-05-14,17.69,68.89,,10.89,,,0.94,20.22,27.05,,,,50.9,,2022,5,5,Summer,39.9,42.6
Mumbai,2022-05-15,15.46,63.77,,8.91,,,1.29,19.94,23.26,,,,52.1,,2022,5,6,Summer,50.9,46.6
Mumbai,2022-05-16,15.76,67.25,,11.19,,,1.13,21.02,26.96,,,,28.6,,2022,5,0,Summer,52.1,47.6
Mumbai,2022-05-17,16.9,58.46,,11.51,,,0.87,21.43,32.65,,,,37.2,,2022,5,1,Summer,28.6,43.9
Mumbai,2022-05-18,18.56,54.32,,9.38,,,1.02,20.41,34.25,,,,32.8,,2022,5,2,Summer,37.2,39.3
Mumbai,2022-05-19,16.0,54.59,,11.67,,,1.27,20.57,30.05,,,,24.6,,2022,5,3,Summer,32.8,32.8
Mumbai,2022-05-20,17.67,57.32,,12.79,,,1.39,21.17,29.08,,,,44.8,,2022,5,4,Summer,24.6,31.5
Mumbai,2022-05-21,17.53,53.15,,12.32,,,1.13,20.79,32.24,,,,47.3,,2022,5,5,Summer,44.8,34.0
Mumbai,2022-05-22,17.24,60.95,,12.95,,,1.06,19.64,29.17,,,,52.8,,2022,5,6,Summer,47.3,38.9
Mumbai,2022-05-23,18.68,57.4,,12.09,,,0.97,21.43,29.7,,,,47.6,,2022,5,0,Summer,52.8,48.3
Mumbai,2022-05-24,16.01,59.16,,14.37,,,0.78,20.35,29.52,,,,43.8,,2022,5,1,Summer,47.6,49.2
Mumbai,2022-05-25,13.16,58.9,,14.91,,,1.14,21.72,32.11,,,,55.0,,2022,5,2,Summer,43.8,48.1
Mumbai,2022-05-26,12.88,67.26,,16.45,,,1.21,20.03,33.45,,,,69.0,,2022,5,3,Summer,55.0,48.8
Mumbai,2022-05-27,14.05,60.83,,14.67,,,0.87,21.04,16.38,,,,70.4,,2022,5,4,Summer,69.0,55.9
Mumbai,2022-05-28,14.85,58.82,,11.86,,,0.81,16.84,21.35,,,,58.7,,2022,5,5,Summer,70.4,64.8
Mumbai,2022-05-29,16.11,52.63,,11.26,,,0.81,18.12,21.12,,,,49.0,,2022,5,6,Summer,58.7,66.0
Mumbai,2022-05-30,15.34,56.84,,12.84,,,0.8,18.68,22.38,,,,62.7,,2022,5,0,Summer,49.0,59.4
Mumbai,2022-05-31,14.15,67.25,,13.26,,,1.03,18.37,13.85,,,,72.8,,2022,5,1,Summer,62.7,56.8
Mumbai,2022-06-01,17.07,65.19,,11.1,,,1.13,18.2,21.77,,,,55.9,,2022,6,2,Monsoon,72.8,61.5
Mumbai,2022-06-02,17.79,67.58,,12.13,,,1.09,14.55,25.38,,,,56.8,,2022,6,3,Monsoon,55.9,63.8
Mumbai,2022-06-03,15.15,64.85,,11.89,,,1.16,15.13,19.14,,,,64.7,,2022,6,4,Monsoon,56.8,61.8
Mumbai,2022-06-04,14.4,55.71,,12.81,,,0.86,13.24,14.06,,,,68.7,,2022,6,5,Monsoon,64.7,59.1
Mumbai,2022-06-05,13.68,53.71,,12.27,,,0.88,11.38,17.44,,,,58.7,,2022,6,6,Monsoon,68.7,63.4
Mumbai,2022-06-06,14.58,45.62,,14.07,,,0.93,14.5,18.05,,,,52.1,,2022,6,0,Monsoon,58.7,64.0
Mumbai,2022-06-07,16.94,52.15,,16.31,,,0.77,13.22,20.05,,,,53.3,,2022,6,1,Monsoon,52.1,59.8
Mumbai,2022-06-08,16.08,47.62,,16.94,,,0.63,13.48,17.45,,,,51.1,,2022,6,2,Monsoon,53.3,54.7
Mumbai,2022-06-09,19.93,41.58,,15.53,,,0.62,17.65,20.67,,,,60.6,,2022,6,3,Monsoon,51.1,52.2
Mumbai,2022-06-10,16.88,41.17,,14.43,,,0.85,14.08,19.48,,,,44.2,,2022,6,4,Monsoon,60.6,55.0
Mumbai,2022-06-11,15.19,46.14,,14.0,,,0.85,12.52,22.49,,,,42.9,,2022,6,5,Monsoon,44.2,52.0
Mumbai,2022-06-12,14.38,49.84,,13.39,,,0.71,15.35,19.41,,,,36.5,,2022,6,6,Monsoon,42.9,49.3
Mumbai,2022-06-13,14.28,48.17,,12.07,,,0.79,15.17,15.87,,,,35.1,,2022,6,0,Monsoon,36.5,41.2
Mumbai,2022-06-14,15.34,41.35,,12.37,,,0.99,16.64,19.6,,,,34.6,,2022,6,1,Monsoon,35.1,38.2
Mumbai,2022-06-15,14.53,47.43,,14.22,,,1.01,14.0,18.71,,,,30.9,,2022,6,2,Monsoon,34.6,35.4
Mumbai,2022-06-16,14.49,51.8,,14.48,,,0.97,14.59,21.53,,,,36.3,,2022,6,3,Monsoon,30.9,33.5
Mumbai,2022-06-17,15.57,45.97,,15.04,,,0.97,15.89,24.26,,,,42.0,,2022,6,4,Monsoon,36.3,33.9
Mumbai,2022-06-18,16.61,32.44,,15.25,,,0.81,18.12,20.71,,,,47.2,,2022,6,5,Monsoon,42.0,36.4
Mumbai,2022-06-19,14.34,32.08,,14.6,,,0.87,15.14,18.22,,,,42.8,,2022,6,6,Monsoon,47.2,41.8
Mumbai,2022-06-20,14.98,45.36,,15.71,,,0.69,14.03,22.39,,,,36.8,,2022,6,0,Monsoon,42.8,44.0
Mumbai,2022-06-21,14.53,39.68,,15.87,,,0.71,13.13,22.38,,,,37.8,,2022,6,1,Monsoon,36.8,42.2
Mumbai,2022-06-22,15.64,40.28,,14.35,,,0.74,10.6,21.94,,,,31.5,,2022,6,2,Monsoon,37.8,39.1
Mumbai,2022-06-23,15.51,46.44,,15.49,,,0.71,9.47,25.19,,,,48.4,,2022,6,3,Monsoon,31.5,35.4
Mumbai,2022-06-24,14.2,53.2,,13.4,,,0.7,13.03,29.21,,,,44.5,,2022,6,4,Monsoon,48.4,39.2
Mumbai,2022-06-25,13.63,48.38,,11.45,,,0.76,10.29,29.37,,,,49.0,,2022,6,5,Monsoon,44.5,41.5
Mumbai,2022-06-26,11.94,48.47,,10.8,,,0.87,11.97,27.51,,,,58.6,,2022,6,6,Monsoon,49.0,47.3
Mumbai,2022-06-27,12.81,46.13,,11.98,,,0.78,10.68,24.78,,,,49.5,,2022,6,0,Monsoon,58.6,50.7
Mumbai,2022-06-28,13.97,37.97,,11.36,,,0.55,13.79,25.95,,,,40.4,,2022,6,1,Monsoon,49.5,52.3
Mumbai,2022-06-29,14.57,48.63,,12.12,,,0.63,15.0,24.41,,,,39.9,,2022,6,2,Monsoon,40.4,49.5
Mumbai,2022-06-30,15.72,43.53,,11.47,,,0.7,14.91,17.99,,,,39.5,,2022,6,3,Monsoon,39.9,43.2
Mumbai,2022-07-01,13.5,49.72,,10.57,,,0.71,14.85,17.09,,,,39.3,,2022,7,4,Monsoon,39.5,39.9
Mumbai,2022-07-02,14.12,53.36,,11.3,,,0.61,12.27,17.82,,,,50.7,,2022,7,5,Monsoon,39.3,39.6
Mumbai,2022-07-03,15.29,52.66,,13.18,,,0.77,12.81,19.32,,,,42.9,,2022,7,6,Monsoon,50.7,43.2
Mumbai,2022-07-04,16.24,54.95,,14.46,,,0.82,13.05,19.19,,,,37.0,,2022,7,0,Monsoon,42.9,44.3
Mumbai,2022-07-05,15.12,55.38,,14.87,,,0.91,12.53,20.66,,,,41.6,,2022,7,1,Monsoon,37.0,43.5
Mumbai,2022-07-06,13.63,56.39,,17.36,,,0.85,12.24,21.09,,,,50.0,,2022,7,2,Monsoon,41.6,40.5
Mumbai,2022-07-07,14.64,61.25,,16.87,,,0.86,12.72,22.94,,,,61.7,,2022,7,3,Monsoon,50.0,42.9
Mumbai,2022-07-08,15.76,61.92,,18.73,,,0.76,12.86,22.1,,,,57.2,,2022,7,4,Monsoon,61.7,51.1
Mumbai,2022-07-09,17.66,62.83,,19.21,,,0.86,11.43,18.41,,,,44.2,,2022,7,5,Monsoon,57.2,56.3
Mumbai,2022-07-10,15.51,64.53,,16.11,,,0.94,10.99,19.59,,,,67.5,,2022,7,6,Monsoon,44.2,54.4
Mumbai,2022-07-11,15.06,58.82,,14.39,,,0.79,10.79,16.62,,,,77.4,,2022,7,0,Monsoon,67.5,56.3
Mumbai,2022-07-12,14.83,68.01,,13.56,,,0.73,10.61,16.57,,,,77.9,,2022,7,1,Monsoon,77.4,63.0
Mumbai,2022-07-13,15.39,66.69,,15.48,,,0.66,11.51,16.72,,,,71.7,,2022,7,2,Monsoon,77.9,74.3
Mumbai,2022-07-14,20.11,65.39,,15.34,,,0.66,11.81,18.08,,,,74.2,,2022,7,3,Monsoon,71.7,75.7
Mumbai,2022-07-15,18.0,58.05,,15.04,,,0.58,11.35,17.62,,,,54.3,,2022,7,4,Monsoon,74.2,74.6
Mumbai,2022-07-16,14.57,50.14,,15.59,,,0.5,11.94,20.26,,,,41.6,,2022,7,5,Monsoon,54.3,66.7
Mumbai,2022-07-17,15.08,50.95,,15.6,,,0.41,10.56,18.12,,,,46.7,,2022,7,6,Monsoon,41.6,56.7
Mumbai,2022-07-18,17.47,47.5,,15.18,,,0.55,10.25,15.46,,,,57.1,,2022,7,0,Monsoon,46.7,47.5
Mumbai,2022-07-19,16.36,53.53,,14.76,,,0.75,10.67,17.05,,,,54.9,,2022,7,1,Monsoon,57.1,48.5
Mumbai,2022-07-20,14.51,51.28,,13.6,,,0.89,10.33,20.8,,,,41.4,,2022,7,2,Monsoon,54.9,52.9
Mumbai,2022-07-21,14.95,50.74,,15.58,,,0.87,10.69,19.11,,,,30.9,,2022,7,3,Monsoon,41.4,51.1
Mumbai,2022-07-22,15.74,53.24,,15.71,,,0.83,10.44,20.49,,,,45.5,,2022,7,4,Monsoon,30.9,42.4
Mumbai,2022-07-23,13.18,49.17,,13.38,,,0.89,10.49,19.12,,,,39.7,,2022,7,5,Monsoon,45.5,39.3
Mumbai,2022-07-24,12.68,59.02,,14.79,,,0.87,10.88,18.66,,,,37.8,,2022,7,6,Monsoon,39.7,38.7
Mumbai,2022-07-25,11.75,54.71,,13.69,,,0.84,10.55,18.88,,,,37.4,,2022,7,0,Monsoon,37.8,41.0
Mumbai,2022-07-26,13.29,53.52,,14.29,,,0.9,10.25,18.2,,,,54.6,,2022,7,1,Monsoon,37.4,38.3
Mumbai,2022-07-27,13.3,53.14,,15.12,,,0.96,11.08,21.49,,,,57.2,,2022,7,2,Monsoon,54.6,43.3
Mumbai,2022-07-28,13.53,51.05,,14.83,,,0.78,12.07,19.44,,,,50.9,,2022,7,3,Monsoon,57.2,49.7
Mumbai,2022-07-29,12.62,50.2,,16.84,,,0.83,11.53,16.75,,,,39.8,,2022,7,4,Monsoon,50.9,54.2
Mumbai,2022-07-30,14.06,56.98,,15.94,,,0.85,10.87,12.95,,,,46.2,,2022,7,5,Monsoon,39.8,49.3
Mumbai,2022-07-31,12.28,57.67,,12.62,,,0.81,10.22,13.44,,,,45.5,,2022,7,6,Monsoon,46.2,45.7
Mumbai,2022-08-01,16.44,56.98,,12.19,,,0.84,11.23,18.76,,,,40.7,,2022,8,0,Monsoon,45.5,43.8
Mumbai,2022-08-02,10.31,53.49,,11.75,,,0.77,10.73,21.52,,,,50.7,,2022,8,1,Monsoon,40.7,44.1
Mumbai,2022-08-03,15.6,57.25,,11.7,,,0.93,10.91,16.62,,,,61.8,,2022,8,2,Monsoon,50.7,45.6
Mumbai,2022-08-04,13.73,57.81,,14.56,,,1.1,11.12,18.5,,,,44.8,,2022,8,3,Monsoon,61.8,51.1
Mumbai,2022-08-05,15.98,56.57,,16.74,,,1.01,11.78,22.62,,,,48.4,,2022,8,4,Monsoon,44.8,52.4
Mumbai,2022-08-06,20.63,53.51,,14.93,,,0.84,11.89,24.41,,,,46.9,,2022,8,5,Monsoon,48.4,51.7
Mumbai,2022-08-07,18.8,61.22,,18.0,,,0.87,12.07,21.31,,,,52.3,,2022,8,6,Monsoon,46.9,46.7
Mumbai,2022-08-08,19.86,60.06,,17.96,,,0.88,11.44,20.66,,,,58.6,,2022,8,0,Monsoon,52.3,49.2
Mumbai,2022-08-09,13.89,63.32,,14.82,,,0.9,10.53,24.43,,,,74.6,,2022,8,1,Monsoon,58.6,52.6
Mumbai,2022-08-10,15.93,60.6,,16.1,,,1.1,11.92,24.03,,,,70.9,,2022,8,2,Monsoon,74.6,61.8
Mumbai,2022-08-11,16.31,58.65,,20.67,,,0.8,10.95,25.75,,,,73.3,,2022,8,3,Monsoon,70.9,68.0
Mumbai,2022-08-12,17.31,59.44,,21.15,,,0.86,11.09,27.74,,,,49.7,,2022,8,4,Monsoon,73.3,72.9
Mumbai,2022-08-13,17.19,51.22,,19.23,,,0.92,10.42,27.16,,,,52.0,,2022,8,5,Monsoon,49.7,64.6
Mumbai,2022-08-14,16.34,54.94,,14.53,,,0.99,9.68,24.1,,,,33.8,,2022,8,6,Monsoon,52.0,58.3
Mumbai,2022-08-15,20.48,59.02,,17.07,,,1.08,10.25,29.5,,,,53.9,,2022,8,0,Monsoon,33.8,45.2
Mumbai,2022-08-16,21.24,58.37,,16.26,,,1.04,9.61,30.35,,,,50.6,,2022,8,1,Monsoon,53.9,46.6
Mumbai,2022-08-17,21.52,56.37,,18.53,,,0.88,9.48,27.66,,,,57.3,,2022,8,2,Monsoon,50.6,46.1
Mumbai,2022-08-18,17.17,59.85,,14.46,,,0.74,9.87,16.58,,,,58.8,,2022,8,3,Monsoon,57.3,53.9
Mumbai,2022-08-19,16.85,53.66,,14.31,,,0.74,10.63,18.87,,,,51.4,,2022,8,4,Monsoon,58.8,55.6
Mumbai,2022-08-20,15.11,50.84,,13.48,,,0.66,9.93,18.94,,,,44.0,,2022,8,5,Monsoon,51.4,55.8
Mumbai,2022-08-21,12.73,53.71,,17.05,,,0.71,10.03,17.75,,,,54.3,,2022,8,6,Monsoon,44.0,51.4
Mumbai,2022-08-22,18.87,53.93,,15.98,,,0.77,10.66,18.45,,,,55.8,,2022,8,0,Monsoon,54.3,49.9
Mumbai,2022-08-23,20.81,51.92,,22.06,,,0.72,9.68,21.79,,,,70.1,,2022,8,1,Monsoon,55.8,51.4
Mumbai,2022-08-24,18.23,49.65,,21.6,,,0.82,10.0,22.76,,,,53.1,,2022,8,2,Monsoon,70.1,60.1
Mumbai,2022-08-25,24.01,41.64,,24.11,,,0.76,11.08,31.04,,,,35.9,,2022,8,3,Monsoon,53.1,59.7
Mumbai,2022-08-26,24.33,39.45,,19.19,,,0.72,10.24,29.1,,,,29.5,,2022,8,4,Monsoon,35.9,53.0
Mumbai,2022-08-27,16.25,45.26,,18.15,,,0.76,10.54,30.84,,,,33.4,,2022,8,5,Monsoon,29.5,39.5
Mumbai,2022-08-28,18.81,44.75,,15.77,,,0.88,11.45,30.47,,,,29.0,,2022,8,6,Monsoon,33.4,32.9
Mumbai,2022-08-29,15.89,53.26,,19.11,,,1.08,11.29,30.49,,,,27.7,,2022,8,0,Monsoon,29.0,30.6
Mumbai,2022-08-30,15.77,54.22,,18.66,,,0.91,12.16,23.45,,,,41.0,,2022,8,1,Monsoon,27.7,30.1
Mumbai,2022-08-31,15.09,63.21,,20.27,,,0.99,11.4,27.0,,,,52.4,,2022,8,2,Monsoon,41.0,32.6
Mumbai,2022-09-01,16.71,62.96,,16.31,,,0.55,12.85,24.28,,,,41.3,,2022,9,3,Monsoon,52.4,40.4
Mumbai,2022-09-02,16.74,59.8,,15.44,,,0.75,10.56,32.89,,,,43.5,,2022,9,4,Monsoon,41.3,44.9
Mumbai,2022-09-03,20.1,65.79,,12.98,,,0.65,10.56,25.93,,,,63.4,,2022,9,5,Monsoon,43.5,45.8
Mumbai,2022-09-04,20.31,65.34,,14.88,,,0.84,9.96,29.86,,,,64.1,,2022,9,6,Monsoon,63.4,49.4
Mumbai,2022-09-05,21.74,54.29,,18.09,,,0.96,11.94,20.59,,,,71.1,,2022,9,0,Monsoon,64.1,57.0
Mumbai,2022-09-06,18.82,56.97,,20.64,,,0.75,13.02,22.41,,,,63.6,,2022,9,1,Monsoon,71.1,66.2
Mumbai,2022-09-07,23.31,59.15,,23.23,,,0.84,13.29,23.91,,,,71.6,,2022,9,2,Monsoon,63.6,66.3
Mumbai,2022-09-08,18.91,63.28,,21.0,,,1.04,12.38,20.47,,,,68.8,,2022,9,3,Monsoon,71.6,68.8
Mumbai,2022-09-09,18.2,46.13,,21.64,,,0.78,12.55,18.99,,,,43.4,,2022,9,4,Monsoon,68.8,68.0
Mumbai,2022-09-10,20.44,56.2,,22.18,,,0.77,12.99,22.45,,,,46.2,,2022,9,5,Monsoon,43.4,61.3
Mumbai,2022-09-11,20.43,60.13,,23.15,,,0.65,12.19,21.69,,,,47.6,,2022,9,6,Monsoon,46.2,52.8
Mumbai,2022-09-12,21.27,63.47,,18.54,,,0.65,11.79,27.77,,,,49.8,,2022,9,0,Monsoon,47.6,45.7
Mumbai,2022-09-13,19.67,63.85,,18.02,,,1.02,12.06,33.92,,,,49.6,,2022,9,1,Monsoon,49.8,47.9
Mumbai,2022-09-14,19.52,57.07,,15.18,,,1.35,13.06,28.78,,,,43.8,,2022,9,2,Monsoon,49.6,49.0
Mumbai,2022-09-15,19.19,56.94,,14.82,,,1.37,12.53,27.78,,,,56.9,,2022,9,3,Monsoon,43.8,47.7
Mumbai,2022-09-16,20.67,49.72,,15.64,,,1.1,12.74,21.47,,,,42.5,,2022,9,4,Monsoon,56.9,50.1
Mumbai,2022-09-17,21.46,47.87,,18.91,,,0.72,11.63,21.28,,,,55.9,,2022,9,5,Monsoon,42.5,47.7
Mumbai,2022-09-18,20.69,40.56,,15.76,,,0.69,12.56,28.02,,,,53.4,,2022,9,6,Monsoon,55.9,51.8
Mumbai,2022-09-19,18.61,52.78,,15.59,,,0.7,11.42,29.91,,,,60.1,,2022,9,0,Monsoon,53.4,50.6
Mumbai,2022-09-20,18.26,42.28,,14.29,,,0.64,10.98,29.08,,,,66.8,,2022,9,1,Monsoon,60.1,56.5
Mumbai,2022-09-21,21.23,39.95,,15.07,,,0.83,11.15,33.89,,,,50.7,,2022,9,2,Monsoon,66.8,60.1
Mumbai,2022-09-22,25.14,58.08,,16.23,,,0.85,11.35,30.83,,,,48.5,,2022,9,3,Monsoon,50.7,59.2
Mumbai,2022-09-23,25.93,47.67,,16.63,,,1.03,12.04,37.59,,,,35.9,,2022,9,4,Monsoon,48.5,55.3
Mumbai,2022-09-24,21.76,34.99,,15.24,,,0.93,10.48,31.36,,,,38.4,,2022,9,5,Monsoon,35.9,45.0
Mumbai,2022-09-25,19.99,43.38,,16.64,,,0.71,10.05,30.64,,,,51.8,,2022,9,6,Monsoon,38.4,40.9
Mumbai,2022-09-26,27.01,53.21,,20.65,,,0.86,11.3,28.92,,,,49.4,,2022,9,0,Monsoon,51.8,42.0
Mumbai,2022-09-27,26.4,50.75,,20.23,,,0.98,10.82,23.41,,,,48.2,,2022,9,1,Monsoon,49.4,46.5
Mumbai,2022-09-28,25.73,55.87,,21.69,,,1.06,11.26,21.77,,,,33.3,,2022,9,2,Monsoon,48.2,49.8
Mumbai,2022-09-29,25.37,57.46,,23.09,,,0.84,11.71,22.32,,,,47.7,,2022,9,3,Monsoon,33.3,43.6
Mumbai,2022-09-30,24.99,55.78,,18.97,,,0.97,11.2,16.23,,,,46.2,,2022,9,4,Monsoon,47.7,43.1
Mumbai,2022-10-01,29.34,79.23,,21.95,,,1.14,13.11,16.68,,,,51.3,,2022,10,5,Post-Monsoon,46.2,42.4
Mumbai,2022-10-02,28.93,89.19,,21.67,,,1.21,12.87,29.31,,,,68.2,,2022,10,6,Post-Monsoon,51.3,48.4
Mumbai,2022-10-03,30.33,94.32,,26.22,,,1.05,14.23,25.73,,,,66.9,,2022,10,0,Post-Monsoon,68.2,55.2
Mumbai,2022-10-04,38.62,108.08,,25.3,,,1.2,13.74,28.32,,,,71.4,,2022,10,1,Post-Monsoon,66.9,62.1
Mumbai,2022-10-05,38.37,91.45,,27.93,,,1.02,12.2,31.79,,,,65.8,,2022,10,2,Post-Monsoon,71.4,68.8
Mumbai,2022-10-06,37.37,94.96,,28.63,,,1.44,12.88,31.88,,,,83.2,,2022,10,3,Post-Monsoon,65.8,68.0
Mumbai,2022-10-07,39.32,116.74,,29.73,,,1.54,13.61,30.65,,,,89.8,,2022,10,4,Post-Monsoon,83.2,73.5
Mumbai,2022-10-08,34.18,100.38,,31.41,,,1.37,12.31,29.78,,,,89.5,,2022,10,5,Post-Monsoon,89.8,79.6
Mumbai,2022-10-09,36.47,92.94,,29.75,,,1.55,14.03,28.36,,,,92.1,,2022,10,6,Post-Monsoon,89.5,87.5
Mumbai,2022-10-10,33.98,88.52,,26.67,,,1.39,14.26,22.11,,,,84.0,,2022,10,0,Post-Monsoon,92.1,90.5
Mumbai,2022-10-11,30.42,104.97,,25.71,,,1.33,15.54,19.67,,,,97.6,,2022,10,1,Post-Monsoon,84.0,88.5
Mumbai,2022-10-12,34.17,120.95,,25.25,,,1.53,14.81,29.02,,,,103.3,,2022,10,2,Post-Monsoon,97.6,91.2
Mumbai,2022-10-13,47.44,110.89,,23.58,,,1.46,13.72,37.62,,,,100.4,,2022,10,3,Post-Monsoon,103.3,95.0
Mumbai,2022-10-14,50.16,111.09,,26.49,,,1.52,14.54,39.41,,,,95.7,,2022,10,4,Post-Monsoon,100.4,100.5
Mumbai,2022-10-15,43.72,107.63,,29.1,,,1.14,12.54,34.63,,,,104.4,,2022,10,5,Post-Monsoon,95.7,99.8
Mumbai,2022-10-16,41.56,91.05,,27.63,,,1.31,11.03,31.3,,,,94.8,,2022,10,6,Post-Monsoon,104.4,100.2
Mumbai,2022-10-17,42.54,96.04,,26.36,,,1.48,13.5,22.77,,,,89.6,,2022,10,0,Post-Monsoon,94.8,98.3
Mumbai,2022-10-18,38.15,85.38,,27.37,,,1.45,13.51,22.7,,,,87.5,,2022,10,1,Post-Monsoon,89.6,96.3
Mumbai,2022-10-19,41.16,110.88,,26.81,,,1.37,12.39,30.18,,,,86.2,,2022,10,2,Post-Monsoon,87.5,90.6
Mumbai,2022-10-20,35.91,99.9,,25.85,,,1.43,12.06,30.45,,,,94.0,,2022,10,3,Post-Monsoon,86.2,87.8
Mumbai,2022-10-21,35.95,105.11,,25.29,,,1.36,11.8,22.99,,,,108.5,,2022,10,4,Post-Monsoon,94.0,89.2
Mumbai,2022-10-22,36.81,92.94,,24.38,,,1.57,9.76,31.89,,,,99.4,,2022,10,5,Post-Monsoon,108.5,96.3
Mumbai,2022-10-23,37.97,80.58,,22.39,,,1.46,9.27,36.31,,,,85.6,,2022,10,6,Post-Monsoon,99.4,100.7
Mumbai,2022-10-24,39.94,96.53,,21.12,,,1.64,13.24,37.37,,,,93.5,,2022,10,0,Post-Monsoon,85.6,97.9
Mumbai,2022-10-25,43.3,100.42,,25.48,,,1.64,13.3,42.07,,,,70.7,,2022,10,1,Post-Monsoon,93.5,92.9
Mumbai,2022-10-26,43.71,107.02,,22.99,,,1.45,14.15,40.53,,,,80.2,,2022,10,2,Post-Monsoon,70.7,83.3
Mumbai,2022-10-27,39.35,114.95,,23.56,,,1.66,14.69,33.02,,,,89.6,,2022,10,3,Post-Monsoon,80.2,81.5
Mumbai,2022-10-28,38.02,107.06,,28.3,,,1.63,15.24,35.29,,,,95.7,,2022,10,4,Post-Monsoon,89.6,80.2
Mumbai,2022-10-29,31.59,123.38,,24.49,,,1.62,16.58,34.16,,,,99.4,,2022,10,5,Post-Monsoon,95.7,88.5
Mumbai,2022-10-30,42.2,118.02,,24.53,,,1.42,14.97,32.78,,,,94.7,,2022,10,6,Post-Monsoon,99.4,94.9
Mumbai,2022-10-31,43.8,105.54,,26.97,,,1.42,16.0,35.4,,,,99.8,,2022,10,0,Post-Monsoon,94.7,96.6
Mumbai,2022-11-01,40.74,137.25,,31.64,,,1.66,17.79,25.81,,,,104.1,,2022,11,1,Post-Monsoon,99.8,98.0
Mumbai,2022-11-02,53.01,137.81,,37.09,,,1.93,17.93,31.57,,,,123.4,,2022,11,2,Post-Monsoon,104.1,99.5
Mumbai,2022-11-03,49.71,135.89,,37.35,,,1.78,18.52,33.73,,,,117.3,,2022,11,3,Post-Monsoon,123.4,109.1
Mumbai,2022-11-04,50.78,136.06,,33.87,,,1.76,14.32,23.44,,,,117.8,,2022,11,4,Post-Monsoon,117.3,115.0
Mumbai,2022-11-05,50.29,138.97,,33.87,,,1.86,17.69,21.4,,,,118.5,,2022,11,5,Post-Monsoon,117.8,119.5
Mumbai,2022-11-06,61.76,125.98,,35.46,,,1.63,19.6,32.21,,,,109.1,,2022,11,6,Post-Monsoon,118.5,117.9
Mumbai,2022-11-07,43.59,144.49,,38.93,,,1.42,19.81,30.54,,,,126.7,,2022,11,0,Post-Monsoon,109.1,115.2
Mumbai,2022-11-08,51.16,140.36,,40.63,,,1.66,21.65,31.93,,,,115.3,,2022,11,1,Post-Monsoon,126.7,118.1
Mumbai,2022-11-09,58.22,127.99,,38.14,,,1.85,22.52,36.8,,,,105.4,,2022,11,2,Post-Monsoon,115.3,117.1
Mumbai,2022-11-10,70.24,143.4,,38.78,,,1.8,19.97,35.99,,,,132.5,,2022,11,3,Post-Monsoon,105.4,115.8
Mumbai,2022-11-11,64.59,128.24,,44.03,,,1.92,18.22,40.77,,,,125.2,,2022,11,4,Post-Monsoon,132.5,117.7
Mumbai,2022-11-12,55.58,126.8,,39.2,,,1.95,17.51,47.54,,,,112.1,,2022,11,5,Post-Monsoon,125.2,121.0
Mumbai,2022-11-13,54.19,120.14,,39.76,,,1.61,14.5,36.24,,,,99.0,,2022,11,6,Post-Monsoon,112.1,123.3
Mumbai,2022-11-14,52.46,146.01,,41.49,,,1.92,15.74,39.59,,,,115.8,,2022,11,0,Post-Monsoon,99.0,112.1
Mumbai,2022-11-15,52.49,135.1,,38.38,,,1.77,15.41,41.59,,,,117.8,,2022,11,1,Post-Monsoon,115.8,108.9
Mumbai,2022-11-16,53.18,124.72,,40.73,,,1.81,15.38,32.49,,,,118.3,,2022,11,2,Post-Monsoon,117.8,110.9
Mumbai,2022-11-17,60.52,136.36,,40.73,,,1.5,17.76,34.98,,,,118.5,,2022,11,3,Post-Monsoon,118.3,117.3
Mumbai,2022-11-18,67.07,112.22,,38.53,,,1.05,20.73,40.76,,,,105.9,,2022,11,4,Post-Monsoon,118.5,118.2
Mumbai,2022-11-19,64.79,133.94,,39.37,,,1.12,21.63,37.96,,,,118.1,,2022,11,5,Post-Monsoon,105.9,114.2
Mumbai,2022-11-20,59.01,138.26,,42.2,,,0.94,21.25,36.23,,,,122.9,,2022,11,6,Post-Monsoon,118.1,114.2
Mumbai,2022-11-21,58.17,138.67,,42.94,,,1.15,19.12,32.38,,,,119.8,,2022,11,0,Post-Monsoon,122.9,115.6
Mumbai,2022-11-22,49.68,139.39,,42.18,,,1.71,17.07,34.18,,,,124.4,,2022,11,1,Post-Monsoon,119.8,120.2
Mumbai,2022-11-23,49.66,133.48,,43.01,,,1.7,16.74,40.21,,,,118.5,,2022,11,2,Post-Monsoon,124.4,122.3
Mumbai,2022-11-24,45.36,116.28,,46.39,,,1.83,18.67,38.4,,,,102.3,,2022,11,3,Post-Monsoon,118.5,120.9
Mumbai,2022-11-25,49.06,122.32,,42.02,,,1.41,15.84,42.26,,,,95.8,,2022,11,4,Post-Monsoon,102.3,115.1
Mumbai,2022-11-26,53.42,118.75,,42.4,,,1.41,16.58,41.2,,,,99.3,,2022,11,5,Post-Monsoon,95.8,105.5
Mumbai,2022-11-27,50.53,132.98,,40.06,,,1.16,16.34,41.17,,,,102.6,,2022,11,6,Post-Monsoon,99.3,99.1
Mumbai,2022-11-28,51.22,124.21,,40.48,,,1.48,13.41,40.85,,,,102.5,,2022,11,0,Post-Monsoon,102.6,99.2
Mumbai,2022-11-29,45.03,133.79,,39.45,,,1.65,17.15,47.89,,,,110.8,,2022,11,1,Post-Monsoon,102.5,101.5
Mumbai,2022-11-30,57.26,140.37,,39.25,,,1.49,17.67,54.93,,,,116.2,,2022,11,2,Post-Monsoon,110.8,105.3
Mumbai,2022-12-01,63.08,149.29,,38.44,,,1.38,19.45,46.24,,,,122.1,,2022,12,3,Winter,116.2,109.8
Mumbai,2022-12-02,60.86,163.13,,40.96,,,1.49,13.36,46.27,,,,128.6,,2022,12,4,Winter,122.1,116.4
Mumbai,2022-12-03,57.0,156.28,,40.36,,,1.33,12.52,43.88,,,,140.7,,2022,12,5,Winter,128.6,122.3
Mumbai,2022-12-04,62.85,140.69,,43.87,,,1.61,14.76,38.85,,,,134.6,,2022,12,6,Winter,140.7,130.5
Mumbai,2022-12-05,69.21,143.22,,47.26,,,1.48,15.41,37.34,,,,142.3,,2022,12,0,Winter,134.6,134.6
Mumbai,2022-12-06,66.14,140.47,,48.74,,,1.33,15.83,37.11,,,,129.4,,2022,12,1,Winter,142.3,139.2
Mumbai,2022-12-07,65.78,163.99,,47.39,,,1.75,14.74,41.39,,,,142.5,,2022,12,2,Winter,129.4,135.4
Mumbai,2022-12-08,64.66,170.14,,50.5,,,1.44,15.67,41.31,,,,160.6,,2022,12,3,Winter,142.5,138.1
Mumbai,2022-12-09,68.79,163.39,,48.8,,,1.38,15.79,41.2,,,,166.7,,2022,12,4,Winter,160.6,144.2
Mumbai,2022-12-10,74.51,151.99,,51.7,,,1.52,16.87,41.45,,,,147.3,,2022,12,5,Winter,166.7,156.6
Mumbai,2022-12-11,70.25,155.45,,44.77,,,1.56,14.69,37.78,,,,150.9,,2022,12,6,Winter,147.3,158.2
Mumbai,2022-12-12,67.93,158.1,,47.05,,,1.55,14.64,36.89,,,,147.3,,2022,12,0,Winter,150.9,155.0
Mumbai,2022-12-13,65.47,156.62,,50.03,,,1.5,13.56,40.08,,,,128.2,,2022,12,1,Winter,147.3,148.5
Mumbai,2022-12-14,76.84,164.34,,43.85,,,1.55,11.31,37.0,,,,143.7,,2022,12,2,Winter,128.2,142.1
Mumbai,2022-12-15,77.5,163.05,,43.27,,,1.69,15.76,40.42,,,,154.5,,2022,12,3,Winter,143.7,139.7
Mumbai,2022-12-16,71.43,170.17,,43.97,,,1.65,16.64,34.84,,,,161.6,,2022,12,4,Winter,154.5,142.2
Mumbai,2022-12-17,61.71,154.94,,42.42,,,1.42,13.09,36.73,,,,150.0,,2022,12,5,Winter,161.6,153.3
Mumbai,2022-12-18,62.58,145.39,,43.19,,,1.19,13.38,36.56,,,,132.4,,2022,12,6,Winter,150.0,155.4
Mumbai,2022-12-19,70.55,147.21,,53.82,,,1.32,16.09,40.06,,,,115.7,,2022,12,0,Winter,132.4,148.0
Mumbai,2022-12-20,76.03,145.45,,52.09,,,1.33,15.16,39.94,,,,122.4,,2022,12,1,Winter,115.7,132.7
Mumbai,2022-12-21,75.04,149.91,,44.88,,,1.47,19.43,41.81,,,,124.7,,2022,12,2,Winter,122.4,123.5
Mumbai,2022-12-22,70.49,153.86,,46.99,,,1.85,20.56,46.3,,,,116.1,,2022,12,3,Winter,124.7,120.9
Mumbai,2022-12-23,69.44,157.69,,45.91,,,1.44,19.15,47.44,,,,111.4,,2022,12,4,Winter,116.1,121.1
Mumbai,2022-12-24,61.58,146.5,,44.94,,,1.29,15.25,47.77,,,,118.7,,2022,12,5,Winter,111.4,117.4
Mumbai,2022-12-25,65.7,137.71,,44.47,,,1.24,15.08,44.2,,,,105.7,,2022,12,6,Winter,118.7,115.4
Mumbai,2022-12-26,70.47,142.15,,44.78,,,1.44,17.02,42.21,,,,105.6,,2022,12,0,Winter,105.7,111.9
Mumbai,2022-12-27,77.66,138.6,,48.13,,,1.65,14.37,45.09,,,,98.0,,2022,12,1,Winter,105.6,110.0
Mumbai,2022-12-28,78.29,147.98,,50.57,,,1.49,15.78,43.1,,,,125.4,,2022,12,2,Winter,98.0,103.1
Mumbai,2022-12-29,71.53,153.78,,53.75,,,1.32,14.54,38.51,,,,133.7,,2022,12,3,Winter,125.4,109.7
Mumbai,2022-12-30,66.37,154.41,,56.6,,,1.31,15.22,39.9,,,,135.3,,2022,12,4,Winter,133.7,119.0
Mumbai,2022-12-31,68.91,162.41,,53.65,,,1.44,18.53,36.84,,,,157.9,,2022,12,5,Winter,135.3,131.5
Mumbai,2023-01-01,66.42,147.72,,57.14,,,1.35,15.66,36.54,,,,149.3,,2023,1,6,Winter,157.9,142.3
Mumbai,2023-01-02,72.68,122.68,,55.92,,,1.42,14.67,46.17,,,,135.4,,2023,1,0,Winter,149.3,147.5
Mumbai,2023-01-03,74.04,139.56,,54.58,,,0.99,18.94,50.05,,,,143.9,,2023,1,1,Winter,135.4,147.5
Mumbai,2023-01-04,75.22,142.51,,47.22,,,1.08,23.41,54.21,,,,140.8,,2023,1,2,Winter,143.9,142.9
Mumbai,2023-01-05,84.67,149.01,,40.89,,,1.0,20.96,61.29,,,,143.1,,2023,1,3,Winter,140.8,140.0
Mumbai,2023-01-06,83.69,167.23,,39.87,,,1.31,19.07,63.12,,,,136.8,,2023,1,4,Winter,143.1,142.6
Mumbai,2023-01-07,72.63,159.67,,38.03,,,0.82,14.37,48.81,,,,148.4,,2023,1,5,Winter,136.8,140.2
Mumbai,2023-01-08,69.5,170.05,,37.13,,,1.49,14.4,52.26,,,,157.8,,2023,1,6,Winter,148.4,142.8
Mumbai,2023-01-09,70.59,177.57,,41.04,,,1.52,14.72,54.15,,,,148.2,,2023,1,0,Winter,157.8,147.7
Mumbai,2023-01-10,78.52,172.35,,37.87,,,1.42,14.08,48.98,,,,146.2,,2023,1,1,Winter,148.2,151.5
Mumbai,2023-01-11,71.75,168.54,,40.04,,,1.51,16.62,49.01,,,,148.5,,2023,1,2,Winter,146.2,150.7
Mumbai,2023-01-12,73.95,170.58,,39.48,,,1.67,14.47,52.61,,,,148.7,,2023,1,3,Winter,148.5,147.6
Mumbai,2023-01-13,68.4,168.05,,39.4,,,1.39,13.63,49.23,,,,151.6,,2023,1,4,Winter,148.7,147.8
Mumbai,2023-01-14,60.71,153.63,,36.79,,,1.27,11.0,45.92,,,,135.5,,2023,1,5,Winter,151.6,149.6
Mumbai,2023-01-15,61.02,146.49,,35.16,,,1.27,13.29,42.75,,,,144.4,,2023,1,6,Winter,135.5,145.3
Mumbai,2023-01-16,58.76,175.63,,37.32,,,1.34,11.8,44.0,,,,159.9,,2023,1,0,Winter,144.4,143.8
Mumbai,2023-01-17,66.96,175.41,,44.17,,,1.57,9.15,45.72,,,,161.7,,2023,1,1,Winter,159.9,146.6
Mumbai,2023-01-18,58.75,161.49,,43.79,,,2.1,14.22,43.16,,,,144.7,,2023,1,2,Winter,161.7,155.3
Mumbai,2023-01-19,67.05,198.75,,47.86,,,2.67,13.29,46.59,,,,152.0,,2023,1,3,Winter,144.7,155.4
Mumbai,2023-01-20,78.73,178.53,,44.65,,,2.37,16.02,46.37,,,,155.8,,2023,1,4,Winter,152.0,152.8
Mumbai,2023-01-21,79.78,142.0,,44.38,,,1.95,15.04,41.97,,,,123.5,,2023,1,5,Winter,155.8,150.8
Mumbai,2023-01-22,69.7,164.36,,46.06,,,1.53,14.63,45.05,,,,143.7,,2023,1,6,Winter,123.5,143.8
Mumbai,2023-01-23,75.39,154.92,,42.65,,,1.36,19.0,47.04,,,,127.8,,2023,1,0,Winter,143.7,141.0
Mumbai,2023-01-24,71.59,168.6,,43.27,,,1.24,19.28,43.43,,,,141.2,,2023,1,1,Winter,127.8,131.7
Mumbai,2023-01-25,74.73,172.83,,46.98,,,1.34,14.52,51.06,,,,157.2,,2023,1,2,Winter,141.2,137.6
Mumbai,2023-01-26,76.41,170.8,,49.69,,,1.16,16.15,52.89,,,,148.9,,2023,1,3,Winter,157.2,142.1
Mumbai,2023-01-27,78.21,150.85,,53.36,,,1.14,15.62,47.73,,,,140.9,,2023,1,4,Winter,148.9,149.1
Mumbai,2023-01-28,73.14,170.46,,49.31,,,1.04,10.51,56.11,,,,147.0,,2023,1,5,Winter,140.9,149.0
Mumbai,2023-01-29,75.22,162.47,,43.04,,,1.3,11.03,49.41,,,,162.0,,2023,1,6,Winter,147.0,145.6
Mumbai,2023-01-30,69.7,152.59,,46.36,,,1.49,15.02,45.79,,,,137.0,,2023,1,0,Winter,162.0,150.0
Mumbai,2023-01-31,76.45,170.7,,44.29,,,1.56,15.64,51.86,,,,135.3,,2023,1,1,Winter,137.0,148.7
Mumbai,2023-02-01,68.06,159.69,,43.4,,,1.63,15.22,48.54,,,,150.6,,2023,2,2,Winter,135.3,144.8
Mumbai,2023-02-02,63.4,171.37,,51.63,,,1.7,13.68,49.32,,,,168.3,,2023,2,3,Winter,150.6,140.9
Mumbai,2023-02-03,61.2,169.68,,47.92,,,1.82,13.73,50.7,,,,165.9,,2023,2,4,Winter,168.3,151.4
Mumbai,2023-02-04,60.41,155.67,,42.87,,,1.81,14.25,54.64,,,,170.5,,2023,2,5,Winter,165.9,161.6
Mumbai,2023-02-05,56.41,153.88,,39.82,,,1.81,12.33,55.37,,,,149.1,,2023,2,6,Winter,170.5,168.2
Mumbai,2023-02-06,56.2,151.17,,34.84,,,1.55,12.94,54.89,,,,146.0,,2023,2,0,Winter,149.1,161.8
Mumbai,2023-02-07,59.73,158.45,,41.06,,,1.44,12.28,56.52,,,,143.6,,2023,2,1,Winter,146.0,155.2
Mumbai,2023-02-08,65.5,164.38,,46.31,,,1.24,12.83,56.35,,,,144.8,,2023,2,2,Winter,143.6,146.2
Mumbai,2023-02-09,66.44,169.23,,42.09,,,1.36,11.94,45.59,,,,148.4,,2023,2,3,Winter,144.8,144.8
Mumbai,2023-02-10,62.57,174.35,,34.83,,,1.75,12.74,50.56,,,,159.7,,2023,2,4,Winter,148.4,145.6
Mumbai,2023-02-11,61.91,148.24,,35.72,,,1.47,13.41,49.18,,,,126.0,,2023,2,5,Winter,159.7,150.9
Mumbai,2023-02-12,58.27,143.4,,40.14,,,1.44,12.47,48.47,,,,122.5,,2023,2,6,Winter,126.0,144.7
Mumbai,2023-02-13,62.62,129.31,,43.28,,,1.75,13.06,39.05,,,,100.5,,2023,2,0,Winter,122.5,136.0
Mumbai,2023-02-14,60.64,144.88,,40.06,,,1.9,14.26,46.26,,,,113.3,,2023,2,1,Winter,100.5,116.3
Mumbai,2023-02-15,61.19,143.91,,39.52,,,1.67,12.85,50.36,,,,116.1,,2023,2,2,Winter,113.3,112.1
Mumbai,2023-02-16,57.59,153.81,,40.52,,,1.63,13.03,52.64,,,,132.8,,2023,2,3,Winter,116.1,110.0
Mumbai,2023-02-17,59.71,144.01,,39.3,,,1.44,12.89,54.44,,,,136.1,,2023,2,4,Winter,132.8,120.7
Mumbai,2023-02-18,61.89,135.15,,38.6,,,1.53,12.95,52.71,,,,130.2,,2023,2,5,Winter,136.1,128.3
Mumbai,2023-02-19,59.21,150.16,,34.97,,,1.72,12.75,47.91,,,,126.1,,2023,2,6,Winter,130.2,133.0
Mumbai,2023-02-20,63.3,139.34,,38.44,,,1.77,12.6,44.64,,,,135.3,,2023,2,0,Winter,126.1,130.8
Mumbai,2023-02-21,56.68,153.57,,34.98,,,1.72,15.62,54.92,,,,129.9,,2023,2,1,Winter,135.3,130.5
Mumbai,2023-02-22,56.06,167.63,,31.95,,,1.78,14.17,50.0,,,,142.5,,2023,2,2,Winter,129.9,130.4
Mumbai,2023-02-23,58.57,149.8,,37.43,,,1.88,12.47,51.28,,,,135.8,,2023,2,3,Winter,142.5,135.9
Mumbai,2023-02-24,54.13,156.45,,35.27,,,2.03,14.72,58.03,,,,140.0,,2023,2,4,Winter,135.8,136.1
Mumbai,2023-02-25,52.88,150.11,,34.33,,,1.93,14.48,59.35,,,,138.2,,2023,2,5,Winter,140.0,139.4
Mumbai,2023-02-26,47.31,144.9,,39.72,,,1.92,11.87,53.87,,,,128.0,,2023,2,6,Winter,138.2,138.0
Mumbai,2023-02-27,53.96,165.46,,40.53,,,1.59,12.33,52.9,,,,125.7,,2023,2,0,Winter,128.0,135.4
Mumbai,2023-02-28,54.92,162.75,,32.65,,,1.38,14.88,51.94,,,,138.3,,2023,2,1,Winter,125.7,130.7
Mumbai,2023-03-01,50.75,137.75,,20.71,,,1.11,15.45,51.98,,,,135.9,,2023,3,2,Summer,138.3,130.7
Mumbai,2023-03-02,34.08,113.49,,18.95,,,0.91,9.13,50.65,,,,121.7,,2023,3,3,Summer,135.9,133.3
Mumbai,2023-03-03,34.13,117.83,,14.23,,,1.14,7.4,57.85,,,,107.7,,2023,3,4,Summer,121.7,132.0
Mumbai,2023-03-04,33.14,120.96,,16.23,,,1.02,7.86,63.89,,,,108.9,,2023,3,5,Summer,107.7,121.8
Mumbai,2023-03-05,32.89,118.3,,14.46,,,0.99,8.71,54.43,,,,110.5,,2023,3,6,Summer,108.9,112.8
Mumbai,2023-03-06,29.62,104.84,,17.7,,,1.0,8.5,40.44,,,,111.7,,2023,3,0,Summer,110.5,109.0
Mumbai,2023-03-07,31.91,114.73,,19.47,,,1.11,6.57,38.94,,,,100.6,,2023,3,1,Summer,111.7,110.4
Mumbai,2023-03-08,33.32,130.42,,23.86,,,1.13,9.21,40.22,,,,100.1,,2023,3,2,Summer,100.6,107.6
Mumbai,2023-03-09,31.88,133.31,,27.67,,,0.82,8.31,39.25,,,,115.3,,2023,3,3,Summer,100.1,104.2
Mumbai,2023-03-10,38.11,139.1,,28.58,,,0.81,7.66,34.05,,,,113.9,,2023,3,4,Summer,115.3,105.3
Mumbai,2023-03-11,37.73,142.76,,25.87,,,0.74,8.02,36.35,,,,121.4,,2023,3,5,Summer,113.9,109.8
Mumbai,2023-03-12,30.21,138.28,,21.86,,,0.86,10.29,40.2,,,,117.0,,2023,3,6,Summer,121.4,116.9
Mumbai,2023-03-13,29.63,135.82,,20.66,,,0.99,8.48,44.5,,,,130.1,,2023,3,0,Summer,117.0,117.4
Mumbai,2023-03-14,33.84,127.34,,18.66,,,0.98,8.9,47.99,,,,132.2,,2023,3,1,Summer,130.1,122.8
Mumbai,2023-03-15,36.84,118.44,,17.46,,,0.73,8.83,40.43,,,,121.7,,2023,3,2,Summer,132.2,126.4
Mumbai,2023-03-16,36.15,121.46,,15.9,,,0.85,8.65,40.24,,,,122.2,,2023,3,3,Summer,121.7,128.0
Mumbai,2023-03-17,30.54,107.43,,16.29,,,0.65,6.94,33.72,,,,110.1,,2023,3,4,Summer,122.2,125.4
Mumbai,2023-03-18,31.95,112.69,,21.52,,,0.85,8.2,35.34,,,,105.0,,2023,3,5,Summer,110.1,118.0
Mumbai,2023-03-19,37.3,112.3,,21.29,,,1.0,6.75,41.62,,,,112.3,,2023,3,6,Summer,105.0,112.4
Mumbai,2023-03-20,37.22,111.45,,20.18,,,1.08,8.06,50.5,,,,116.1,,2023,3,0,Summer,112.3,109.1
Mumbai,2023-03-21,37.54,131.9,,12.18,,,1.12,8.21,45.11,,,,109.7,,2023,3,1,Summer,116.1,111.1
Mumbai,2023-03-22,30.19,122.39,,17.36,,,1.02,10.56,46.75,,,,120.7,,2023,3,2,Summer,109.7,112.7
Mumbai,2023-03-23,26.02,117.69,,18.95,,,1.22,10.69,37.92,,,,106.8,,2023,3,3,Summer,120.7,115.5
Mumbai,2023-03-24,30.05,99.59,,21.53,,,1.33,11.58,38.11,,,,104.0,,2023,3,4,Summer,106.8,112.4
Mumbai,2023-03-25,26.11,97.21,,20.38,,,1.28,9.39,33.05,,,,99.5,,2023,3,5,Summer,104.0,110.5
Mumbai,2023-03-26,32.46,87.45,,19.47,,,1.08,6.66,40.38,,,,87.8,,2023,3,6,Summer,99.5,103.4
Mumbai,2023-03-27,34.42,99.99,,19.3,,,1.23,6.26,44.15,,,,76.4,,2023,3,0,Summer,87.8,97.1
Mumbai,2023-03-28,30.47,77.7,,15.38,,,1.04,7.3,40.07,,,,85.0,,2023,3,1,Summer,76.4,87.9
Mumbai,2023-03-29,34.0,83.42,,19.15,,,1.2,10.77,43.92,,,,89.8,,2023,3,2,Summer,85.0,83.0
Mumbai,2023-03-30,35.5,82.08,,18.73,,,1.38,9.8,41.36,,,,77.4,,2023,3,3,Summer,89.8,83.7
Mumbai,2023-03-31,37.27,95.57,,25.18,,,1.23,8.61,49.5,,,,70.6,,2023,3,4,Summer,77.4,84.0
Mumbai,2023-04-01,32.61,80.23,,22.6,,,1.17,7.27,37.28,,,,86.7,,2023,4,5,Summer,70.6,79.3
Mumbai,2023-04-02,27.05,71.86,,20.76,,,1.25,8.71,30.43,,,,71.6,,2023,4,6,Summer,86.7,78.2
Mumbai,2023-04-03,25.15,66.8,,19.68,,,1.3,12.84,28.84,,,,51.6,,2023,4,0,Summer,71.6,76.3
Mumbai,2023-04-04,23.46,67.68,,21.33,,,0.84,12.82,25.1,,,,50.0,,2023,4,1,Summer,51.6,69.9
Mumbai,2023-04-05,20.57,73.29,,15.69,,,0.75,14.71,26.79,,,,54.2,,2023,4,2,Summer,50.0,57.7
Mumbai,2023-04-06,20.46,75.08,,13.27,,,0.8,16.18,24.44,,,,58.8,,2023,4,3,Summer,54.2,51.9
Mumbai,2023-04-07,19.75,73.22,,14.69,,,1.11,11.77,25.23,,,,46.8,,2023,4,4,Summer,58.8,54.4
Mumbai,2023-04-08,17.71,74.34,,16.13,,,0.84,13.91,26.77,,,,48.8,,2023,4,5,Summer,46.8,53.3
Mumbai,2023-04-09,18.75,72.58,,18.9,,,0.98,14.38,24.64,,,,45.8,,2023,4,6,Summer,48.8,51.5
Mumbai,2023-04-10,17.34,72.53,,14.46,,,1.06,15.55,24.22,,,,45.2,,2023,4,0,Summer,45.8,47.2
Mumbai,2023-04-11,19.96,74.37,,12.09,,,1.05,19.51,21.55,,,,47.8,,2023,4,1,Summer,45.2,46.6
Mumbai,2023-04-12,18.98,79.28,,15.56,,,1.17,19.61,24.07,,,,55.3,,2023,4,2,Summer,47.8,46.3
Mumbai,2023-04-13,20.38,73.33,,15.08,,,0.62,19.13,22.63,,,,60.9,,2023,4,3,Summer,55.3,49.4
Mumbai,2023-04-14,20.77,70.98,,16.42,,,0.59,16.67,24.66,,,,70.4,,2023,4,4,Summer,60.9,54.7
Mumbai,2023-04-15,19.86,69.05,,17.43,,,0.84,16.02,24.17,,,,64.6,,2023,4,5,Summer,70.4,62.2
Mumbai,2023-04-16,20.44,64.01,,17.09,,,0.85,15.38,21.02,,,,62.8,,2023,4,6,Summer,64.6,65.3
Mumbai,2023-04-17,20.93,63.29,,12.87,,,0.9,12.48,22.17,,,,75.3,,2023,4,0,Summer,62.8,65.9
Mumbai,2023-04-18,21.15,59.51,,13.22,,,0.86,15.99,24.25,,,,68.0,,2023,4,1,Summer,75.3,67.6
Mumbai,2023-04-19,22.03,71.73,,9.82,,,0.94,17.62,22.21,,,,65.8,,2023,4,2,Summer,68.0,68.7
Mumbai,2023-04-20,23.7,77.47,,7.26,,,1.17,15.57,22.4,,,,67.2,,2023,4,3,Summer,65.8,69.7
Mumbai,2023-04-21,21.35,72.43,,7.01,,,0.94,12.59,21.04,,,,60.3,,2023,4,4,Summer,67.2,67.0
Mumbai,2023-04-22,19.98,74.58,,7.43,,,0.89,15.94,21.76,,,,66.8,,2023,4,5,Summer,60.3,64.5
Mumbai,2023-04-23,19.03,70.3,,8.6,,,0.92,16.16,20.28,,,,66.3,,2023,4,6,Summer,66.8,64.8
Mumbai,2023-04-24,20.33,78.71,,11.05,,,1.07,16.07,19.62,,,,54.3,,2023,4,0,Summer,66.3,64.5
Mumbai,2023-04-25,20.48,80.89,,15.22,,,1.2,12.5,17.16,,,,65.4,,2023,4,1,Summer,54.3,62.5
Mumbai,2023-04-26,21.33,70.53,,17.42,,,1.17,16.92,19.39,,,,76.5,,2023,4,2,Summer,65.4,62.0
Mumbai,2023-04-27,20.28,66.43,,14.77,,,1.16,16.62,19.7,,,,67.4,,2023,4,3,Summer,76.5,65.4
Mumbai,2023-04-28,20.21,66.32,,13.2,,,0.8,14.93,20.44,,,,48.7,,2023,4,4,Summer,67.4,69.7
Mumbai,2023-04-29,20.92,63.95,,13.2,,,0.84,14.12,22.73,,,,41.4,,2023,4,5,Summer,48.7,64.2
Mumbai,2023-04-30,18.87,65.27,,12.36,,,1.04,14.95,20.31,,,,53.2,,2023,4,6,Summer,41.4,52.5
Mumbai,2023-05-01,16.91,63.65,,10.84,,,1.04,16.47,17.34,,,,43.9,,2023,5,0,Summer,53.2,47.7
Mumbai,2023-05-02,17.74,59.95,,13.4,,,1.24,16.33,16.18,,,,59.7,,2023,5,1,Summer,43.9,46.2
Mumbai,2023-05-03,17.6,61.82,,11.88,,,1.29,18.35,18.55,,,,41.0,,2023,5,2,Summer,59.7,52.3
Mumbai,2023-05-04,15.97,55.45,,13.19,,,1.14,17.69,18.88,,,,56.3,,2023,5,3,Summer,41.0,48.2
Mumbai,2023-05-05,16.29,57.89,,12.35,,,0.96,17.97,23.66,,,,45.5,,2023,5,4,Summer,56.3,52.4
Mumbai,2023-05-06,16.86,53.13,,13.9,,,0.96,20.86,30.84,,,,52.4,,2023,5,5,Summer,45.5,47.6
Mumbai,2023-05-07,14.65,54.27,,14.2,,,0.99,20.56,29.77,,,,51.0,,2023,5,6,Summer,52.4,51.4
Mumbai,2023-05-08,15.54,49.99,,13.61,,,0.94,17.48,26.05,,,,43.4,,2023,5,0,Summer,51.0,49.6
Mumbai,2023-05-09,14.71,54.7,,13.1,,,0.76,17.19,25.1,,,,54.9,,2023,5,1,Summer,43.4,48.9
Mumbai,2023-05-10,16.8,58.28,,12.81,,,0.76,18.63,24.48,,,,48.0,,2023,5,2,Summer,54.9,49.8
Mumbai,2023-05-11,17.85,62.64,,13.03,,,0.93,21.51,27.36,,,,53.3,,2023,5,3,Summer,48.0,48.7
Mumbai,2023-05-12,15.96,57.08,,13.14,,,1.06,20.44,24.1,,,,53.1,,2023,5,4,Summer,53.3,52.1
Mumbai,2023-05-13,15.87,56.93,,12.94,,,0.69,16.96,19.83,,,,48.1,,2023,5,5,Summer,53.1,51.5
Mumbai,2023-05-14,14.31,55.91,,14.51,,,0.86,18.23,26.72,,,,41.6,,2023,5,6,Summer,48.1,51.5
Mumbai,2023-05-15,14.62,60.27,,13.44,,,1.21,17.68,27.51,,,,60.8,,2023,5,0,Summer,41.6,47.6
Mumbai,2023-05-16,13.19,56.87,,14.13,,,0.84,18.18,26.39,,,,76.7,,2023,5,1,Summer,60.8,50.2
Mumbai,2023-05-17,14.73,60.84,,12.93,,,0.91,18.75,32.43,,,,76.6,,2023,5,2,Summer,76.7,59.7
Mumbai,2023-05-18,15.91,60.76,,10.51,,,0.97,15.87,35.12,,,,78.5,,2023,5,3,Summer,76.6,71.4
Mumbai,2023-05-19,15.15,52.78,,13.06,,,0.76,15.49,30.02,,,,62.0,,2023,5,4,Summer,78.5,77.3
Mumbai,2023-05-20,16.8,57.83,,11.7,,,0.85,18.4,33.72,,,,68.6,,2023,5,5,Summer,62.0,72.4
Mumbai,2023-05-21,16.0,59.63,,11.34,,,0.91,19.51,35.62,,,,74.9,,2023,5,6,Summer,68.6,69.7
Mumbai,2023-05-22,16.9,59.14,,12.01,,,0.85,14.3,37.49,,,,74.0,,2023,5,0,Summer,74.9,68.5
Mumbai,2023-05-23,15.97,60.12,,12.26,,,1.26,16.97,37.58,,,,60.7,,2023,5,1,Summer,74.0,72.5
Mumbai,2023-05-24,16.15,66.96,,10.51,,,1.29,16.53,40.58,,,,65.4,,2023,5,2,Summer,60.7,69.8
Mumbai,2023-05-25,15.63,67.06,,12.24,,,1.19,17.86,36.31,,,,56.1,,2023,5,3,Summer,65.4,66.7
Mumbai,2023-05-26,18.96,65.23,,13.58,,,1.27,17.77,26.75,,,,43.2,,2023,5,4,Summer,56.1,60.7
Mumbai,2023-05-27,17.68,71.88,,15.1,,,1.24,16.22,23.09,,,,55.2,,2023,5,5,Summer,43.2,54.9
Mumbai,2023-05-28,17.48,70.55,,11.73,,,1.14,14.44,18.72,,,,49.6,,2023,5,6,Summer,55.2,51.5
Mumbai,2023-05-29,17.54,62.12,,15.94,,,1.07,15.03,23.32,,,,40.1,,2023,5,0,Summer,49.6,49.3
Mumbai,2023-05-30,17.86,62.94,,14.56,,,1.13,16.75,32.02,,,,66.7,,2023,5,1,Summer,40.1,48.3
Mumbai,2023-05-31,16.21,55.26,,14.39,,,1.2,13.96,31.04,,,,62.9,,2023,5,2,Summer,66.7,52.1
Mumbai,2023-06-01,15.37,53.02,,14.78,,,0.89,14.43,28.61,,,,71.6,,2023,6,3,Monsoon,62.9,56.6
Mumbai,2023-06-02,15.59,50.95,,16.27,,,0.95,13.23,24.81,,,,70.0,,2023,6,4,Monsoon,71.6,67.1
Mumbai,2023-06-03,16.1,45.45,,14.77,,,0.65,14.8,21.99,,,,63.3,,2023,6,5,Monsoon,70.0,68.2
Mumbai,2023-06-04,14.87,44.75,,11.76,,,0.75,12.89,19.18,,,,43.7,,2023,6,6,Monsoon,63.3,68.3
Mumbai,2023-06-05,16.42,47.57,,11.28,,,0.63,13.64,19.88,,,,44.7,,2023,6,0,Monsoon,43.7,59.0
Mumbai,2023-06-06,14.8,50.58,,13.24,,,0.73,14.32,16.22,,,,56.0,,2023,6,1,Monsoon,44.7,50.6
Mumbai,2023-06-07,14.75,43.73,,13.66,,,0.8,15.54,15.0,,,,55.4,,2023,6,2,Monsoon,56.0,48.1
Mumbai,2023-06-08,14.77,46.82,,12.85,,,0.81,16.81,21.4,,,,37.8,,2023,6,3,Monsoon,55.4,52.0
Mumbai,2023-06-09,12.89,44.93,,14.91,,,0.69,19.1,21.97,,,,40.1,,2023,6,4,Monsoon,37.8,49.7
Mumbai,2023-06-10,14.23,48.36,,12.91,,,0.47,17.16,24.11,,,,38.8,,2023,6,5,Monsoon,40.1,44.4
Mumbai,2023-06-11,12.4,47.69,,12.46,,,0.45,17.8,29.96,,,,47.3,,2023,6,6,Monsoon,38.8,38.9
Mumbai,2023-06-12,15.13,41.35,,15.03,,,0.53,14.67,31.49,,,,47.3,,2023,6,0,Monsoon,47.3,42.0
Mumbai,2023-06-13,13.36,48.61,,15.04,,,0.44,13.91,29.74,,,,44.6,,2023,6,1,Monsoon,47.3,44.4
Mumbai,2023-06-14,14.16,39.03,,14.18,,,0.77,14.85,26.57,,,,52.3,,2023,6,2,Monsoon,44.6,46.4
Mumbai,2023-06-15,15.58,42.36,,12.95,,,0.84,13.14,23.5,,,,41.7,,2023,6,3,Monsoon,52.3,48.1
Mumbai,2023-06-16,15.13,42.44,,14.33,,,0.9,12.77,24.56,,,,26.9,,2023,6,4,Monsoon,41.7,46.2
Mumbai,2023-06-17,15.09,28.06,,12.78,,,0.83,13.68,17.63,,,,20.0,,2023,6,5,Monsoon,26.9,40.3
Mumbai,2023-06-18,10.98,25.68,,13.47,,,0.81,12.63,18.76,,,,21.5,,2023,6,6,Monsoon,20.0,29.6
Mumbai,2023-06-19,13.84,31.39,,14.68,,,0.92,9.29,16.01,,,,20.0,,2023,6,0,Monsoon,21.5,22.8
Mumbai,2023-06-20,13.27,41.87,,13.41,,,0.75,10.03,19.1,,,,33.0,,2023,6,1,Monsoon,20.0,20.5
Mumbai,2023-06-21,16.28,55.59,,14.34,,,0.62,12.14,26.35,,,,41.5,,2023,6,2,Monsoon,33.0,24.8
Mumbai,2023-06-22,15.44,53.94,,13.48,,,0.73,9.19,29.26,,,,48.8,,2023,6,3,Monsoon,41.5,31.5
Mumbai,2023-06-23,15.29,50.89,,13.84,,,0.74,11.24,26.99,,,,60.0,,2023,6,4,Monsoon,48.8,41.1
Mumbai,2023-06-24,15.44,48.13,,14.25,,,0.83,13.0,22.41,,,,49.5,,2023,6,5,Monsoon,60.0,50.1
Mumbai,2023-06-25,13.74,49.82,,14.58,,,0.83,11.05,26.17,,,,45.8,,2023,6,6,Monsoon,49.5,52.8
Mumbai,2023-06-26,14.63,51.99,,12.85,,,0.95,12.46,23.02,,,,52.8,,2023,6,0,Monsoon,45.8,51.8
Mumbai,2023-06-27,14.81,46.01,,13.12,,,0.79,12.3,22.05,,,,48.8,,2023,6,1,Monsoon,52.8,49.4
Mumbai,2023-06-28,14.66,44.27,,13.67,,,0.65,13.88,21.43,,,,29.4,,2023,6,2,Monsoon,48.8,49.1
Mumbai,2023-06-29,14.56,45.33,,14.42,,,0.75,14.31,22.03,,,,28.6,,2023,6,3,Monsoon,29.4,43.7
Mumbai,2023-06-30,13.16,43.85,,13.38,,,0.7,14.15,23.53,,,,33.3,,2023,6,4,Monsoon,28.6,35.6
Mumbai,2023-07-01,13.74,47.64,,13.24,,,0.77,12.69,25.5,,,,29.2,,2023,7,5,Monsoon,33.3,30.4
Mumbai,2023-07-02,13.57,43.14,,13.32,,,0.75,11.38,23.07,,,,29.2,,2023,7,6,Monsoon,29.2,30.4
Mumbai,2023-07-03,11.34,52.86,,14.76,,,0.69,11.19,21.93,,,,39.4,,2023,7,0,Monsoon,29.2,30.6
Mumbai,2023-07-04,13.4,56.78,,15.94,,,0.7,10.01,22.65,,,,36.7,,2023,7,1,Monsoon,39.4,32.6
Mumbai,2023-07-05,15.36,63.36,,16.86,,,0.7,10.83,21.97,,,,34.1,,2023,7,2,Monsoon,36.7,35.1
Mumbai,2023-07-06,13.88,56.92,,16.19,,,0.77,10.66,22.49,,,,35.2,,2023,7,3,Monsoon,34.1,36.7
Mumbai,2023-07-07,14.2,53.99,,15.89,,,0.87,11.27,22.49,,,,43.9,,2023,7,4,Monsoon,35.2,35.3
Mumbai,2023-07-08,11.85,47.76,,14.14,,,0.71,11.13,21.42,,,,45.6,,2023,7,5,Monsoon,43.9,37.7
Mumbai,2023-07-09,9.61,43.68,,15.11,,,0.64,11.27,18.5,,,,23.5,,2023,7,6,Monsoon,45.6,41.6
Mumbai,2023-07-10,13.25,47.32,,17.11,,,0.73,11.08,20.26,,,,44.3,,2023,7,0,Monsoon,23.5,37.7
Mumbai,2023-07-11,14.27,49.53,,16.31,,,0.72,10.4,20.04,,,,55.4,,2023,7,1,Monsoon,44.3,37.8
Mumbai,2023-07-12,13.66,55.47,,15.66,,,0.82,11.46,20.81,,,,61.1,,2023,7,2,Monsoon,55.4,41.1
Mumbai,2023-07-13,15.0,59.34,,17.75,,,0.86,12.41,19.6,,,,60.9,,2023,7,3,Monsoon,61.1,53.6
Mumbai,2023-07-14,12.07,60.85,,15.49,,,1.04,12.69,17.19,,,,58.1,,2023,7,4,Monsoon,60.9,59.1
Mumbai,2023-07-15,10.95,49.46,,14.69,,,1.01,12.24,17.67,,,,39.3,,2023,7,5,Monsoon,58.1,60.0
Mumbai,2023-07-16,11.87,43.07,,12.68,,,1.02,10.87,18.62,,,,41.7,,2023,7,6,Monsoon,39.3,52.8
Mumbai,2023-07-17,11.5,45.1,,11.84,,,1.16,11.85,19.79,,,,47.1,,2023,7,0,Monsoon,41.7,46.4
Mumbai,2023-07-18,12.23,41.19,,11.9,,,1.0,11.28,18.67,,,,43.5,,2023,7,1,Monsoon,47.1,42.7
Mumbai,2023-07-19,11.75,54.75,,11.34,,,0.91,11.8,19.67,,,,49.9,,2023,7,2,Monsoon,43.5,44.1
Mumbai,2023-07-20,12.83,49.53,,12.15,,,0.89,11.67,17.93,,,,58.1,,2023,7,3,Monsoon,49.9,46.8
Mumbai,2023-07-21,9.88,49.89,,12.01,,,0.96,11.59,16.18,,,,71.6,,2023,7,4,Monsoon,58.1,50.5
Mumbai,2023-07-22,11.27,51.31,,10.92,,,0.98,11.07,17.1,,,,62.6,,2023,7,5,Monsoon,71.6,59.9
Mumbai,2023-07-23,11.83,44.75,,10.27,,,0.98,11.55,19.03,,,,47.1,,2023,7,6,Monsoon,62.6,64.1
Mumbai,2023-07-24,12.45,53.08,,10.44,,,0.87,12.14,17.78,,,,47.1,,2023,7,0,Monsoon,47.1,60.4
Mumbai,2023-07-25,11.52,45.2,,12.03,,,0.97,12.13,19.33,,,,60.3,,2023,7,1,Monsoon,47.1,52.2
Mumbai,2023-07-26,14.34,51.28,,13.5,,,0.7,12.58,18.58,,,,39.7,,2023,7,2,Monsoon,60.3,51.5
Mumbai,2023-07-27,15.21,48.93,,17.35,,,0.75,11.72,18.22,,,,37.6,,2023,7,3,Monsoon,39.7,49.0
Mumbai,2023-07-28,13.14,45.12,,13.96,,,0.73,11.86,21.76,,,,28.8,,2023,7,4,Monsoon,37.6,45.8
Mumbai,2023-07-29,15.15,53.27,,15.26,,,0.71,11.44,22.45,,,,30.1,,2023,7,5,Monsoon,28.8,35.4
Mumbai,2023-07-30,14.79,51.7,,13.65,,,0.79,11.19,19.34,,,,40.4,,2023,7,6,Monsoon,30.1,32.2
Mumbai,2023-07-31,11.52,47.9,,13.51,,,0.88,11.4,19.5,,,,46.0,,2023,7,0,Monsoon,40.4,33.1
Mumbai,2023-08-01,13.22,52.12,,15.61,,,0.84,10.92,23.91,,,,60.9,,2023,8,1,Monsoon,46.0,38.8
Mumbai,2023-08-02,17.83,49.56,,13.71,,,0.85,10.59,24.61,,,,64.3,,2023,8,2,Monsoon,60.9,49.1
Mumbai,2023-08-03,21.05,51.81,,14.45,,,0.94,11.16,27.05,,,,53.8,,2023,8,3,Monsoon,64.3,57.0
Mumbai,2023-08-04,18.26,49.42,,15.87,,,0.97,11.6,30.99,,,,61.9,,2023,8,4,Monsoon,53.8,59.6
Mumbai,2023-08-05,14.0,51.54,,16.85,,,0.83,11.07,34.0,,,,51.0,,2023,8,5,Monsoon,61.9,60.0
Mumbai,2023-08-06,9.14,51.59,,15.99,,,0.85,12.15,29.06,,,,47.6,,2023,8,6,Monsoon,51.0,55.5
Mumbai,2023-08-07,11.55,60.78,,17.94,,,0.83,10.74,27.68,,,,41.6,,2023,8,0,Monsoon,47.6,53.5
Mumbai,2023-08-08,9.09,61.15,,15.93,,,0.83,11.8,25.0,,,,27.6,,2023,8,1,Monsoon,41.6,46.7
Mumbai,2023-08-09,15.18,60.34,,15.41,,,0.98,10.9,20.94,,,,35.3,,2023,8,2,Monsoon,27.6,38.9
Mumbai,2023-08-10,17.47,63.82,,15.59,,,0.92,10.43,26.05,,,,53.2,,2023,8,3,Monsoon,35.3,34.8
Mumbai,2023-08-11,13.98,61.46,,13.01,,,0.93,11.32,22.18,,,,66.3,,2023,8,4,Monsoon,53.2,38.7
Mumbai,2023-08-12,15.6,58.75,,13.62,,,0.84,10.93,19.67,,,,70.8,,2023,8,5,Monsoon,66.3,51.6
Mumbai,2023-08-13,14.53,54.38,,14.13,,,0.92,11.74,19.4,,,,71.9,,2023,8,6,Monsoon,70.8,63.4
Mumbai,2023-08-14,15.86,52.02,,14.18,,,1.08,12.55,22.74,,,,57.3,,2023,8,0,Monsoon,71.9,69.7
Mumbai,2023-08-15,16.14,50.76,,13.9,,,0.99,11.51,24.14,,,,51.5,,2023,8,1,Monsoon,57.3,66.7
Mumbai,2023-08-16,16.07,55.2,,14.58,,,0.92,11.25,30.64,,,,46.8,,2023,8,2,Monsoon,51.5,60.2
Mumbai,2023-08-17,18.11,52.88,,16.3,,,0.99,11.61,27.28,,,,38.2,,2023,8,3,Monsoon,46.8,51.9
Mumbai,2023-08-18,15.91,57.29,,21.25,,,0.83,12.06,29.76,,,,36.0,,2023,8,4,Monsoon,38.2,45.5
Mumbai,2023-08-19,15.1,55.9,,20.16,,,0.75,11.46,31.68,,,,37.5,,2023,8,5,Monsoon,36.0,40.4
Mumbai,2023-08-20,18.68,49.65,,19.15,,,0.69,10.12,26.74,,,,52.5,,2023,8,6,Monsoon,37.5,37.2
Mumbai,2023-08-21,21.63,54.88,,18.57,,,0.85,10.6,29.02,,,,51.4,,2023,8,0,Monsoon,52.5,42.0
Mumbai,2023-08-22,24.01,58.07,,18.65,,,0.8,10.44,26.42,,,,55.4,,2023,8,1,Monsoon,51.4,47.2
Mumbai,2023-08-23,23.89,52.34,,13.87,,,0.78,9.97,30.75,,,,49.8,,2023,8,2,Monsoon,55.4,53.1
Mumbai,2023-08-24,22.33,55.05,,12.8,,,0.74,11.45,35.01,,,,48.7,,2023,8,3,Monsoon,49.8,52.2
Mumbai,2023-08-25,19.79,51.52,,14.8,,,0.81,13.01,32.7,,,,42.4,,2023,8,4,Monsoon,48.7,51.3
Mumbai,2023-08-26,20.03,52.05,,15.05,,,0.64,12.41,29.02,,,,34.6,,2023,8,5,Monsoon,42.4,47.0
Mumbai,2023-08-27,18.75,49.35,,13.9,,,0.79,10.65,24.36,,,,33.5,,2023,8,6,Monsoon,34.6,41.9
Mumbai,2023-08-28,22.25,53.62,,10.58,,,0.95,11.84,30.83,,,,44.8,,2023,8,0,Monsoon,33.5,36.9
Mumbai,2023-08-29,17.79,54.27,,9.72,,,0.81,10.94,26.45,,,,47.7,,2023,8,1,Monsoon,44.8,37.7
Mumbai,2023-08-30,16.57,53.17,,11.72,,,1.02,12.12,24.3,,,,50.5,,2023,8,2,Monsoon,47.7,42.0
Mumbai,2023-08-31,14.76,56.8,,12.62,,,1.13,11.24,19.33,,,,31.1,,2023,8,3,Monsoon,50.5,47.7
Mumbai,2023-09-01,18.78,54.01,,14.07,,,1.19,13.87,20.87,,,,32.4,,2023,9,4,Monsoon,31.1,43.1
Mumbai,2023-09-02,20.05,42.36,,14.7,,,1.14,13.04,20.85,,,,29.2,,2023,9,5,Monsoon,32.4,38.0
Mumbai,2023-09-03,22.14,35.28,,15.55,,,1.2,12.11,19.53,,,,34.3,,2023,9,6,Monsoon,29.2,30.9
Mumbai,2023-09-04,22.51,31.1,,17.07,,,1.19,10.9,18.25,,,,43.6,,2023,9,0,Monsoon,34.3,32.0
Mumbai,2023-09-05,21.37,34.87,,20.44,,,1.25,10.8,22.33,,,,36.0,,2023,9,1,Monsoon,43.6,35.7
Mumbai,2023-09-06,17.54,49.53,,21.32,,,1.21,10.81,27.19,,,,40.4,,2023,9,2,Monsoon,36.0,38.0
Mumbai,2023-09-07,19.26,57.79,,23.84,,,0.97,11.34,20.88,,,,39.5,,2023,9,3,Monsoon,40.4,40.0
Mumbai,2023-09-08,17.24,46.67,,26.06,,,0.92,12.19,21.99,,,,26.2,,2023,9,4,Monsoon,39.5,38.6
Mumbai,2023-09-09,20.95,36.27,,24.42,,,0.87,10.52,27.25,,,,20.0,,2023,9,5,Monsoon,26.2,35.3
Mumbai,2023-09-10,19.87,45.17,,23.27,,,0.96,10.95,23.07,,,,43.7,,2023,9,6,Monsoon,20.0,28.6
Mumbai,2023-09-11,15.83,55.75,,22.57,,,1.09,12.01,25.82,,,,39.8,,2023,9,0,Monsoon,43.7,30.0
Mumbai,2023-09-12,16.75,46.74,,21.2,,,1.15,12.46,26.94,,,,26.7,,2023,9,1,Monsoon,39.8,34.5
Mumbai,2023-09-13,16.6,45.68,,18.4,,,1.11,11.84,31.85,,,,24.8,,2023,9,2,Monsoon,26.7,36.7
Mumbai,2023-09-14,15.0,45.38,,19.68,,,1.07,13.07,23.32,,,,21.4,,2023,9,3,Monsoon,24.8,30.4
Mumbai,2023-09-15,17.48,54.87,,23.3,,,1.07,11.96,19.49,,,,25.4,,2023,9,4,Monsoon,21.4,24.3
Mumbai,2023-09-16,15.37,51.41,,20.0,,,0.97,13.79,24.58,,,,28.5,,2023,9,5,Monsoon,25.4,23.9
Mumbai,2023-09-17,22.62,53.26,,21.1,,,1.09,12.55,25.21,,,,33.2,,2023,9,6,Monsoon,28.5,25.1
Mumbai,2023-09-18,19.04,52.5,,20.19,,,1.04,13.25,17.06,,,,44.0,,2023,9,0,Monsoon,33.2,29.0
Mumbai,2023-09-19,23.06,43.33,,23.61,,,0.95,14.12,15.06,,,,50.4,,2023,9,1,Monsoon,44.0,35.2
Mumbai,2023-09-20,18.55,43.43,,19.96,,,1.17,13.58,19.87,,,,54.0,,2023,9,2,Monsoon,50.4,42.5
Mumbai,2023-09-21,18.34,48.15,,17.76,,,1.02,13.16,20.81,,,,47.9,,2023,9,3,Monsoon,54.0,49.5
Mumbai,2023-09-22,18.3,63.43,,21.95,,,1.26,14.08,27.89,,,,51.4,,2023,9,4,Monsoon,47.9,50.8
Mumbai,2023-09-23,18.21,60.44,,20.39,,,1.19,12.38,19.57,,,,53.7,,2023,9,5,Monsoon,51.4,51.1
Mumbai,2023-09-24,15.82,56.57,,20.14,,,0.89,11.82,15.72,,,,56.3,,2023,9,6,Monsoon,53.7,51.0
Mumbai,2023-09-25,16.02,59.51,,20.2,,,0.98,11.93,16.0,,,,58.4,,2023,9,0,Monsoon,56.3,53.8
Mumbai,2023-09-26,16.51,73.42,,18.08,,,0.96,11.87,13.4,,,,67.3,,2023,9,1,Monsoon,58.4,56.1
Mumbai,2023-09-27,16.81,52.59,,20.15,,,0.97,11.62,20.03,,,,56.4,,2023,9,2,Monsoon,67.3,60.6
Mumbai,2023-09-28,17.15,68.48,,16.13,,,0.85,10.94,28.9,,,,53.3,,2023,9,3,Monsoon,56.4,60.7
Mumbai,2023-09-29,19.02,60.96,,18.71,,,0.94,11.5,32.61,,,,57.5,,2023,9,4,Monsoon,53.3,59.0
Mumbai,2023-09-30,17.04,59.3,,23.23,,,0.96,11.98,23.44,,,,61.6,,2023,9,5,Monsoon,57.5,55.7
Mumbai,2023-10-01,26.96,73.62,,23.87,,,1.23,15.66,31.71,,,,64.0,,2023,10,6,Post-Monsoon,61.6,57.5
Mumbai,2023-10-02,31.18,88.73,,24.62,,,1.38,15.32,29.29,,,,72.1,,2023,10,0,Post-Monsoon,64.0,61.0
Mumbai,2023-10-03,34.64,101.71,,24.29,,,1.36,12.96,32.23,,,,87.6,,2023,10,1,Post-Monsoon,72.1,65.9
Mumbai,2023-10-04,34.3,106.14,,27.04,,,1.27,14.44,28.78,,,,94.2,,2023,10,2,Post-Monsoon,87.6,74.6
Mumbai,2023-10-05,41.82,104.04,,26.62,,,1.28,13.08,26.39,,,,94.2,,2023,10,3,Post-Monsoon,94.2,84.7
Mumbai,2023-10-06,36.23,99.44,,24.92,,,1.21,14.73,25.53,,,,94.6,,2023,10,4,Post-Monsoon,94.2,92.0
Mumbai,2023-10-07,35.01,119.02,,26.36,,,1.31,14.37,15.24,,,,109.5,,2023,10,5,Post-Monsoon,94.6,94.4
Mumbai,2023-10-08,37.44,108.79,,26.67,,,1.25,14.87,22.12,,,,113.2,,2023,10,6,Post-Monsoon,109.5,99.4
Mumbai,2023-10-09,39.95,103.25,,27.17,,,1.44,16.37,19.83,,,,109.8,,2023,10,0,Post-Monsoon,113.2,105.8
Mumbai,2023-10-10,41.58,113.01,,27.04,,,1.24,15.43,20.67,,,,116.2,,2023,10,1,Post-Monsoon,109.8,110.8
Mumbai,2023-10-11,41.79,107.43,,29.1,,,1.2,16.42,30.61,,,,95.1,,2023,10,2,Post-Monsoon,116.2,113.1
Mumbai,2023-10-12,42.8,107.97,,30.19,,,1.25,16.28,30.3,,,,117.5,,2023,10,3,Post-Monsoon,95.1,107.1
Mumbai,2023-10-13,42.19,110.73,,25.52,,,1.4,14.87,22.91,,,,114.8,,2023,10,4,Post-Monsoon,117.5,109.6
Mumbai,2023-10-14,37.98,94.34,,23.93,,,1.43,16.12,20.7,,,,109.0,,2023,10,5,Post-Monsoon,114.8,109.1
Mumbai,2023-10-15,40.43,89.85,,25.76,,,1.53,16.36,20.44,,,,88.3,,2023,10,6,Post-Monsoon,109.0,113.8
Mumbai,2023-10-16,34.73,87.13,,25.45,,,1.49,15.51,33.1,,,,81.6,,2023,10,0,Post-Monsoon,88.3,104.0
Mumbai,2023-10-17,36.51,74.41,,29.65,,,1.37,13.84,36.19,,,,77.7,,2023,10,1,Post-Monsoon,81.6,93.0
Mumbai,2023-10-18,43.31,90.07,,28.46,,,1.58,15.33,31.47,,,,86.8,,2023,10,2,Post-Monsoon,77.7,82.6
Mumbai,2023-10-19,41.51,92.49,,28.07,,,1.47,14.74,36.56,,,,73.1,,2023,10,3,Post-Monsoon,86.8,82.1
Mumbai,2023-10-20,37.54,101.4,,27.45,,,1.52,15.86,28.37,,,,80.9,,2023,10,4,Post-Monsoon,73.1,79.2
Mumbai,2023-10-21,39.16,100.24,,25.62,,,1.37,14.79,22.2,,,,72.9,,2023,10,5,Post-Monsoon,80.9,80.3
Mumbai,2023-10-22,39.72,89.06,,26.21,,,1.16,13.74,22.73,,,,92.6,,2023,10,6,Post-Monsoon,72.9,75.6
Mumbai,2023-10-23,39.6,98.9,,26.65,,,1.48,12.59,24.77,,,,80.7,,2023,10,0,Post-Monsoon,92.6,82.1
Mumbai,2023-10-24,38.13,97.25,,27.92,,,1.87,12.63,22.67,,,,88.3,,2023,10,1,Post-Monsoon,80.7,82.0
Mumbai,2023-10-25,32.3,96.96,,28.1,,,1.96,12.18,28.11,,,,85.3,,2023,10,2,Post-Monsoon,88.3,87.2
Mumbai,2023-10-26,36.51,92.35,,29.71,,,1.84,14.22,32.53,,,,72.6,,2023,10,3,Post-Monsoon,85.3,84.8
Mumbai,2023-10-27,42.72,94.0,,30.38,,,1.86,15.26,27.17,,,,70.1,,2023,10,4,Post-Monsoon,72.6,82.1
Mumbai,2023-10-28,48.25,78.89,,26.46,,,1.68,14.74,25.31,,,,75.9,,2023,10,5,Post-Monsoon,70.1,76.0
Mumbai,2023-10-29,47.34,83.23,,25.32,,,1.48,14.34,18.35,,,,77.9,,2023,10,6,Post-Monsoon,75.9,72.9
Mumbai,2023-10-30,47.43,87.56,,21.94,,,1.61,13.89,16.02,,,,83.8,,2023,10,0,Post-Monsoon,77.9,74.6
Mumbai,2023-10-31,43.44,91.66,,22.42,,,1.78,12.98,25.68,,,,88.5,,2023,10,1,Post-Monsoon,83.8,79.2
Mumbai,2023-11-01,55.18,113.46,,31.75,,,2.03,13.51,36.9,,,,97.0,,2023,11,2,Post-Monsoon,88.5,83.4
Mumbai,2023-11-02,55.41,106.91,,35.98,,,1.66,17.86,42.94,,,,92.9,,2023,11,3,Post-Monsoon,97.0,89.8
Mumbai,2023-11-03,54.95,103.23,,36.22,,,1.83,18.92,43.27,,,,88.9,,2023,11,4,Post-Monsoon,92.9,92.8
Mumbai,2023-11-04,48.5,111.86,,36.19,,,1.66,18.37,39.89,,,,94.9,,2023,11,5,Post-Monsoon,88.9,92.9
Mumbai,2023-11-05,53.32,131.43,,36.24,,,2.0,18.58,41.69,,,,113.6,,2023,11,6,Post-Monsoon,94.9,92.2
Mumbai,2023-11-06,52.14,124.63,,37.91,,,2.11,18.19,38.01,,,,112.3,,2023,11,0,Post-Monsoon,113.6,99.1
Mumbai,2023-11-07,61.87,131.45,,39.37,,,1.72,18.44,33.71,,,,102.0,,2023,11,1,Post-Monsoon,112.3,106.9
Mumbai,2023-11-08,62.82,144.33,,42.31,,,2.01,20.14,36.84,,,,112.6,,2023,11,2,Post-Monsoon,102.0,109.3
Mumbai,2023-11-09,71.29,133.25,,39.25,,,1.8,18.72,38.44,,,,108.8,,2023,11,3,Post-Monsoon,112.6,109.0
Mumbai,2023-11-10,69.95,127.63,,43.41,,,1.73,16.34,37.71,,,,113.0,,2023,11,4,Post-Monsoon,108.8,107.8
Mumbai,2023-11-11,70.82,130.18,,41.47,,,1.84,17.51,38.88,,,,117.8,,2023,11,5,Post-Monsoon,113.0,111.5
Mumbai,2023-11-12,69.65,108.9,,39.64,,,1.67,17.73,37.07,,,,115.5,,2023,11,6,Post-Monsoon,117.8,113.2
Mumbai,2023-11-13,69.06,124.24,,38.5,,,1.84,15.31,34.95,,,,107.5,,2023,11,0,Post-Monsoon,115.5,115.4
Mumbai,2023-11-14,60.63,142.43,,40.32,,,1.93,16.74,36.79,,,,123.9,,2023,11,1,Post-Monsoon,107.5,113.6
Mumbai,2023-11-15,53.32,127.4,,38.05,,,1.95,17.81,36.01,,,,118.3,,2023,11,2,Post-Monsoon,123.9,115.6
Mumbai,2023-11-16,63.83,122.32,,40.25,,,2.08,16.61,40.57,,,,103.8,,2023,11,3,Post-Monsoon,118.3,116.6
Mumbai,2023-11-17,61.2,102.39,,43.23,,,1.48,20.49,34.06,,,,100.5,,2023,11,4,Post-Monsoon,103.8,115.4
Mumbai,2023-11-18,59.28,105.65,,37.23,,,1.69,19.58,48.39,,,,108.8,,2023,11,5,Post-Monsoon,100.5,107.6
Mumbai,2023-11-19,50.11,112.55,,39.29,,,1.8,17.26,47.82,,,,115.7,,2023,11,6,Post-Monsoon,108.8,104.4
Mumbai,2023-11-20,58.86,124.43,,38.67,,,1.8,15.22,43.49,,,,111.8,,2023,11,0,Post-Monsoon,115.7,108.3
Mumbai,2023-11-21,66.53,145.17,,36.73,,,1.67,15.74,43.99,,,,101.2,,2023,11,1,Post-Monsoon,111.8,112.1
Mumbai,2023-11-22,55.52,140.8,,40.65,,,1.81,16.57,43.77,,,,121.6,,2023,11,2,Post-Monsoon,101.2,109.5
Mumbai,2023-11-23,66.61,130.24,,43.44,,,2.29,17.84,39.05,,,,118.9,,2023,11,3,Post-Monsoon,121.6,111.5
Mumbai,2023-11-24,58.23,120.82,,43.98,,,2.19,18.15,42.04,,,,113.0,,2023,11,4,Post-Monsoon,118.9,113.9
Mumbai,2023-11-25,55.96,110.9,,40.37,,,2.0,17.41,43.73,,,,112.6,,2023,11,5,Post-Monsoon,113.0,117.8
Mumbai,2023-11-26,65.63,104.43,,39.23,,,2.11,15.52,39.24,,,,116.2,,2023,11,6,Post-Monsoon,112.6,114.8
Mumbai,2023-11-27,72.98,120.69,,41.01,,,1.89,16.36,37.76,,,,112.3,,2023,11,0,Post-Monsoon,116.2,113.9
Mumbai,2023-11-28,80.05,113.79,,41.94,,,1.76,18.05,40.73,,,,103.4,,2023,11,1,Post-Monsoon,112.3,113.7
Mumbai,2023-11-29,81.56,135.4,,41.77,,,1.89,16.44,35.45,,,,102.9,,2023,11,2,Post-Monsoon,103.4,110.6
Mumbai,2023-11-30,74.0,154.09,,43.55,,,1.46,15.79,37.51,,,,119.2,,2023,11,3,Post-Monsoon,102.9,106.2
Mumbai,2023-12-01,73.51,167.92,,44.63,,,1.46,12.48,40.28,,,,135.1,,2023,12,4,Winter,119.2,108.5
Mumbai,2023-12-02,70.65,157.75,,37.35,,,1.42,13.64,40.28,,,,141.8,,2023,12,5,Winter,135.1,119.1
Mumbai,2023-12-03,75.32,146.94,,35.13,,,1.33,13.34,36.9,,,,149.5,,2023,12,6,Winter,141.8,132.0
Mumbai,2023-12-04,75.38,164.41,,39.62,,,1.31,12.66,41.68,,,,139.8,,2023,12,0,Winter,149.5,142.1
Mumbai,2023-12-05,77.31,159.8,,39.24,,,1.33,16.3,38.97,,,,140.8,,2023,12,1,Winter,139.8,143.7
Mumbai,2023-12-06,73.65,174.43,,46.06,,,1.36,15.51,33.45,,,,148.4,,2023,12,2,Winter,140.8,143.4
Mumbai,2023-12-07,70.18,169.37,,39.75,,,1.72,15.89,36.39,,,,143.8,,2023,12,3,Winter,148.4,143.0
Mumbai,2023-12-08,71.26,165.03,,50.41,,,1.5,15.66,38.19,,,,147.3,,2023,12,4,Winter,143.8,144.3
Mumbai,2023-12-09,72.59,163.4,,55.16,,,1.39,14.62,32.31,,,,152.5,,2023,12,5,Winter,147.3,146.5
Mumbai,2023-12-10,66.78,163.27,,49.55,,,1.21,17.64,37.53,,,,157.5,,2023,12,6,Winter,152.5,147.8
Mumbai,2023-12-11,71.57,153.85,,50.89,,,1.07,17.53,43.77,,,,147.1,,2023,12,0,Winter,157.5,152.4
Mumbai,2023-12-12,79.08,154.92,,53.36,,,1.3,15.88,43.38,,,,141.5,,2023,12,1,Winter,147.1,152.4
Mumbai,2023-12-13,73.14,135.07,,48.47,,,1.2,17.3,38.93,,,,122.0,,2023,12,2,Winter,141.5,148.7
Mumbai,2023-12-14,74.25,137.06,,52.63,,,1.38,18.27,40.74,,,,116.4,,2023,12,3,Winter,122.0,136.9
Mumbai,2023-12-15,70.49,149.34,,54.24,,,1.39,18.85,39.72,,,,116.2,,2023,12,4,Winter,116.4,126.6
Mumbai,2023-12-16,73.04,134.58,,42.88,,,1.1,14.45,43.4,,,,124.4,,2023,12,5,Winter,116.2,118.2
Mumbai,2023-12-17,65.64,137.71,,48.52,,,1.57,15.58,41.17,,,,119.0,,2023,12,6,Winter,124.4,119.0
Mumbai,2023-12-18,63.43,145.05,,51.66,,,1.53,16.14,45.18,,,,127.9,,2023,12,0,Winter,119.0,119.9
Mumbai,2023-12-19,66.45,144.41,,49.46,,,1.44,17.1,39.96,,,,124.9,,2023,12,1,Winter,127.9,123.8
Mumbai,2023-12-20,68.71,158.59,,44.82,,,1.46,17.33,39.73,,,,144.3,,2023,12,2,Winter,124.9,123.9
Mumbai,2023-12-21,70.77,152.21,,49.08,,,1.37,18.42,36.55,,,,144.7,,2023,12,3,Winter,144.3,132.3
Mumbai,2023-12-22,71.59,151.09,,52.44,,,1.52,16.89,41.93,,,,138.5,,2023,12,4,Winter,144.7,138.0
Mumbai,2023-12-23,61.8,146.4,,50.21,,,1.43,17.97,45.99,,,,125.4,,2023,12,5,Winter,138.5,142.5
Mumbai,2023-12-24,64.61,144.47,,52.87,,,1.52,14.72,42.44,,,,139.5,,2023,12,6,Winter,125.4,136.2
Mumbai,2023-12-25,63.92,152.14,,48.18,,,1.5,15.72,40.85,,,,122.6,,2023,12,0,Winter,139.5,134.5
Mumbai,2023-12-26,69.2,146.86,,44.14,,,1.38,13.6,42.6,,,,130.0,,2023,12,1,Winter,122.6,129.1
Mumbai,2023-12-27,73.78,143.8,,46.24,,,1.62,13.71,43.5,,,,124.5,,2023,12,2,Winter,130.0,130.7
Mumbai,2023-12-28,78.49,152.33,,41.92,,,1.41,12.11,47.94,,,,121.4,,2023,12,3,Winter,124.5,125.7
Mumbai,2023-12-29,85.4,147.08,,39.87,,,1.63,15.13,47.38,,,,131.2,,2023,12,4,Winter,121.4,125.3
Mumbai,2023-12-30,75.5,152.26,,42.22,,,1.6,14.64,47.45,,,,136.7,,2023,12,5,Winter,131.2,125.7
Mumbai,2023-12-31,62.82,156.03,,45.78,,,1.58,14.3,44.51,,,,122.3,,2023,12,6,Winter,136.7,129.8
Mumbai,2024-01-01,62.85,157.23,,44.86,,,1.82,13.85,41.83,,,,137.3,,2024,1,0,Winter,122.3,130.1
Mumbai,2024-01-02,68.59,179.99,,50.68,,,1.55,18.69,44.44,,,,141.4,,2024,1,1,Winter,137.3,132.1
Mumbai,2024-01-03,87.31,185.26,,53.39,,,1.04,18.87,41.88,,,,146.1,,2024,1,2,Winter,141.4,133.7
Mumbai,2024-01-04,78.83,185.44,,52.04,,,1.26,12.06,41.33,,,,165.4,,2024,1,3,Winter,146.1,141.6
Mumbai,2024-01-05,78.84,178.64,,50.23,,,1.61,9.76,41.32,,,,157.1,,2024,1,4,Winter,165.4,151.0
Mumbai,2024-01-06,80.97,175.21,,44.79,,,1.72,10.25,42.62,,,,157.6,,2024,1,5,Winter,157.1,156.2
Mumbai,2024-01-07,68.2,156.03,,40.97,,,1.7,11.5,41.77,,,,149.8,,2024,1,6,Winter,157.6,160.0
Mumbai,2024-01-08,79.18,172.69,,46.3,,,1.76,14.27,44.65,,,,153.9,,2024,1,0,Winter,149.8,154.8
Mumbai,2024-01-09,80.29,160.25,,48.2,,,1.37,15.4,45.29,,,,139.6,,2024,1,1,Winter,153.9,153.7
Mumbai,2024-01-10,73.45,162.57,,41.86,,,1.54,15.63,48.24,,,,138.6,,2024,1,2,Winter,139.6,147.7
Mumbai,2024-01-11,73.56,164.89,,41.44,,,1.62,12.11,50.11,,,,135.1,,2024,1,3,Winter,138.6,144.0
Mumbai,2024-01-12,70.87,166.72,,46.31,,,1.76,13.68,48.49,,,,137.1,,2024,1,4,Winter,135.1,137.8
Mumbai,2024-01-13,62.01,160.33,,45.83,,,2.07,14.46,49.76,,,,149.9,,2024,1,5,Winter,137.1,136.9
Mumbai,2024-01-14,51.21,179.96,,45.09,,,2.14,15.61,47.1,,,,146.2,,2024,1,6,Winter,149.9,140.7
Mumbai,2024-01-15,65.7,167.62,,41.61,,,1.94,15.35,46.58,,,,147.3,,2024,1,0,Winter,146.2,144.4
Mumbai,2024-01-16,74.56,175.25,,39.78,,,1.81,14.09,44.77,,,,147.3,,2024,1,1,Winter,147.3,147.8
Mumbai,2024-01-17,66.54,178.05,,39.96,,,1.93,12.74,48.25,,,,150.5,,2024,1,2,Winter,147.3,146.9
Mumbai,2024-01-18,77.55,204.43,,43.3,,,1.96,12.96,42.69,,,,156.9,,2024,1,3,Winter,150.5,148.4
Mumbai,2024-01-19,65.22,185.3,,39.61,,,1.74,15.58,44.74,,,,166.9,,2024,1,4,Winter,156.9,151.6
Mumbai,2024-01-20,71.31,171.54,,41.19,,,2.01,16.19,46.71,,,,172.3,,2024,1,5,Winter,166.9,158.1
Mumbai,2024-01-21,59.32,158.63,,44.67,,,1.87,17.12,43.25,,,,166.8,,2024,1,6,Winter,172.3,165.4
Mumbai,2024-01-22,51.7,173.65,,44.98,,,1.97,15.76,42.6,,,,162.8,,2024,1,0,Winter,166.8,168.6
Mumbai,2024-01-23,57.62,182.81,,45.42,,,1.6,11.66,39.55,,,,167.2,,2024,1,1,Winter,162.8,167.3
Mumbai,2024-01-24,64.86,200.56,,41.73,,,1.23,16.29,41.72,,,,174.5,,2024,1,2,Winter,167.2,165.6
Mumbai,2024-01-25,67.79,186.86,,43.17,,,1.64,13.53,44.01,,,,174.8,,2024,1,3,Winter,174.5,168.1
Mumbai,2024-01-26,66.77,177.71,,45.48,,,1.38,18.14,39.11,,,,171.0,,2024,1,4,Winter,174.8,172.2
Mumbai,2024-01-27,63.86,172.7,,43.88,,,1.42,18.48,35.53,,,,158.5,,2024,1,5,Winter,171.0,173.4
Mumbai,2024-01-28,62.94,151.85,,42.79,,,1.43,17.43,38.56,,,,136.8,,2024,1,6,Winter,158.5,168.1
Mumbai,2024-01-29,59.83,144.57,,46.44,,,1.37,22.3,40.12,,,,128.6,,2024,1,0,Winter,136.8,155.4
Mumbai,2024-01-30,64.41,146.65,,46.79,,,1.25,21.74,43.05,,,,115.6,,2024,1,1,Winter,128.6,141.3
Mumbai,2024-01-31,64.7,151.63,,45.28,,,1.34,19.17,42.93,,,,125.9,,2024,1,2,Winter,115.6,127.0
Mumbai,2024-02-01,64.64,155.53,,41.3,,,1.73,18.9,41.15,,,,132.8,,2024,2,3,Winter,125.9,123.3
Mumbai,2024-02-02,61.11,166.08,,40.46,,,1.79,17.33,43.86,,,,152.9,,2024,2,4,Winter,132.8,124.8
Mumbai,2024-02-03,61.77,168.53,,38.17,,,1.84,15.67,48.11,,,,142.4,,2024,2,5,Winter,152.9,137.2
Mumbai,2024-02-04,60.37,165.59,,36.97,,,1.71,15.28,39.3,,,,134.6,,2024,2,6,Winter,142.4,142.7
Mumbai,2024-02-05,65.21,161.04,,38.27,,,1.54,14.9,42.0,,,,141.4,,2024,2,0,Winter,134.6,143.3
Mumbai,2024-02-06,65.76,182.16,,37.04,,,1.42,16.93,47.49,,,,151.8,,2024,2,1,Winter,141.4,139.4
Mumbai,2024-02-07,63.47,174.17,,35.79,,,1.35,17.2,50.39,,,,159.8,,2024,2,2,Winter,151.8,142.6
Mumbai,2024-02-08,69.16,178.65,,38.7,,,1.31,15.29,46.58,,,,150.3,,2024,2,3,Winter,159.8,151.0
Mumbai,2024-02-09,66.27,164.75,,42.54,,,1.44,14.12,47.52,,,,138.3,,2024,2,4,Winter,150.3,154.0
Mumbai,2024-02-10,67.88,165.33,,42.73,,,1.33,14.56,44.81,,,,146.1,,2024,2,5,Winter,138.3,149.5
Mumbai,2024-02-11,71.08,162.64,,43.38,,,1.6,13.33,44.3,,,,148.1,,2024,2,6,Winter,146.1,144.9
Mumbai,2024-02-12,65.78,170.34,,44.66,,,1.86,11.63,56.37,,,,147.4,,2024,2,0,Winter,148.1,144.2
Mumbai,2024-02-13,63.48,178.81,,42.89,,,2.13,12.53,49.62,,,,146.5,,2024,2,1,Winter,147.4,147.2
Mumbai,2024-02-14,64.57,156.02,,40.37,,,2.14,12.6,53.24,,,,130.6,,2024,2,2,Winter,146.5,147.3
Mumbai,2024-02-15,60.0,150.41,,39.22,,,2.05,11.67,50.17,,,,137.2,,2024,2,3,Winter,130.6,141.5
Mumbai,2024-02-16,60.31,143.96,,43.46,,,1.96,14.48,49.95,,,,125.7,,2024,2,4,Winter,137.2,138.1
Mumbai,2024-02-17,63.92,153.07,,38.28,,,1.89,13.06,44.69,,,,125.5,,2024,2,5,Winter,125.7,131.2
Mumbai,2024-02-18,56.21,140.88,,35.2,,,1.44,14.29,47.56,,,,128.1,,2024,2,6,Winter,125.5,129.5
Mumbai,2024-02-19,62.47,149.94,,35.35,,,1.69,13.15,51.13,,,,126.9,,2024,2,0,Winter,128.1,126.4
Mumbai,2024-02-20,66.25,148.87,,36.63,,,1.78,12.7,47.63,,,,127.3,,2024,2,1,Winter,126.9,126.8
Mumbai,2024-02-21,61.27,155.2,,38.67,,,1.81,11.73,43.46,,,,149.8,,2024,2,2,Winter,127.3,127.4
Mumbai,2024-02-22,58.72,167.09,,39.41,,,1.54,12.92,49.83,,,,150.4,,2024,2,3,Winter,149.8,134.7
Mumbai,2024-02-23,61.73,163.53,,39.68,,,1.55,12.17,49.02,,,,143.5,,2024,2,4,Winter,150.4,142.5
Mumbai,2024-02-24,60.38,161.25,,39.13,,,1.61,12.35,49.63,,,,144.9,,2024,2,5,Winter,143.5,147.9
Mumbai,2024-02-25,59.65,167.88,,34.24,,,1.64,12.17,42.89,,,,158.4,,2024,2,6,Winter,144.9,146.3
Mumbai,2024-02-26,61.31,174.42,,39.39,,,1.23,13.44,46.73,,,,159.6,,2024,2,0,Winter,158.4,149.0
Mumbai,2024-02-27,56.0,151.48,,40.7,,,1.76,12.01,49.68,,,,161.1,,2024,2,1,Winter,159.6,154.3
Mumbai,2024-02-28,57.87,161.73,,40.27,,,1.35,14.15,54.04,,,,160.2,,2024,2,2,Winter,161.1,159.7
Mumbai,2024-02-29,58.21,156.9,,38.9,,,1.68,14.55,51.32,,,,139.0,,2024,2,3,Winter,160.2,160.3
Mumbai,2024-03-01,56.49,148.21,,30.97,,,1.66,15.44,52.34,,,,132.9,,2024,3,4,Summer,139.0,153.4
Mumbai,2024-03-02,48.92,143.47,,21.38,,,1.51,13.95,50.42,,,,131.8,,2024,3,5,Summer,132.9,144.1
Mumbai,2024-03-03,45.6,127.7,,20.18,,,1.34,13.15,39.66,,,,126.8,,2024,3,6,Summer,131.8,134.6
Mumbai,2024-03-04,41.37,119.13,,19.56,,,1.48,6.55,47.12,,,,108.2,,2024,3,0,Summer,126.8,130.5
Mumbai,2024-03-05,35.87,131.24,,16.17,,,1.3,8.94,49.14,,,,112.6,,2024,3,1,Summer,108.2,122.3
Mumbai,2024-03-06,33.5,128.77,,15.9,,,1.11,6.36,42.07,,,,101.1,,2024,3,2,Summer,112.6,115.9
Mumbai,2024-03-07,33.95,121.7,,18.2,,,1.26,8.9,45.84,,,,96.6,,2024,3,3,Summer,101.1,107.3
Mumbai,2024-03-08,34.89,120.95,,25.07,,,1.3,9.61,45.41,,,,101.9,,2024,3,4,Summer,96.6,103.4
Mumbai,2024-03-09,32.78,110.89,,23.1,,,1.16,10.88,49.18,,,,106.8,,2024,3,5,Summer,101.9,99.9
Mumbai,2024-03-10,28.78,99.2,,22.61,,,0.96,9.51,56.71,,,,92.0,,2024,3,6,Summer,106.8,101.8
Mumbai,2024-03-11,25.09,96.53,,22.21,,,1.35,10.12,48.6,,,,91.9,,2024,3,0,Summer,92.0,100.2
Mumbai,2024-03-12,30.81,96.0,,23.32,,,1.59,7.04,53.47,,,,84.2,,2024,3,1,Summer,91.9,96.9
Mumbai,2024-03-13,33.61,114.88,,18.22,,,1.67,7.29,51.3,,,,95.4,,2024,3,2,Summer,84.2,89.4
Mumbai,2024-03-14,33.11,123.05,,20.18,,,1.15,8.74,53.18,,,,107.4,,2024,3,3,Summer,95.4,90.5
Mumbai,2024-03-15,28.77,108.25,,21.46,,,0.84,9.85,45.99,,,,105.9,,2024,3,4,Summer,107.4,95.7
Mumbai,2024-03-16,30.94,101.18,,19.8,,,1.15,8.3,45.76,,,,94.6,,2024,3,5,Summer,105.9,102.9
Mumbai,2024-03-17,26.73,89.93,,24.46,,,1.06,8.58,43.38,,,,84.1,,2024,3,6,Summer,94.6,102.6
Mumbai,2024-03-18,28.1,98.48,,22.77,,,1.25,7.08,41.17,,,,80.6,,2024,3,0,Summer,84.1,94.9
Mumbai,2024-03-19,27.15,93.44,,22.42,,,1.11,10.05,32.31,,,,73.8,,2024,3,1,Summer,80.6,86.5
Mumbai,2024-03-20,27.33,88.42,,19.65,,,1.14,9.33,28.79,,,,80.8,,2024,3,2,Summer,73.8,79.5
Mumbai,2024-03-21,33.89,111.08,,17.9,,,1.25,11.1,34.62,,,,89.9,,2024,3,3,Summer,80.8,78.4
Mumbai,2024-03-22,35.17,120.5,,16.09,,,1.5,12.38,43.73,,,,109.6,,2024,3,4,Summer,89.9,81.5
Mumbai,2024-03-23,25.11,120.64,,17.52,,,1.17,13.43,40.38,,,,116.4,,2024,3,5,Summer,109.6,93.4
Mumbai,2024-03-24,23.24,117.29,,17.62,,,1.24,11.88,34.69,,,,105.8,,2024,3,6,Summer,116.4,105.3
Mumbai,2024-03-25,25.73,104.21,,21.89,,,1.35,10.07,33.67,,,,106.6,,2024,3,0,Summer,105.8,110.6
Mumbai,2024-03-26,22.85,121.15,,24.38,,,1.16,9.35,40.67,,,,95.4,,2024,3,1,Summer,106.6,109.6
Mumbai,2024-03-27,26.0,110.56,,21.93,,,1.04,8.71,52.4,,,,103.3,,2024,3,2,Summer,95.4,102.6
Mumbai,2024-03-28,23.42,103.02,,23.6,,,0.86,11.24,54.23,,,,101.2,,2024,3,3,Summer,103.3,101.8
Mumbai,2024-03-29,20.32,102.72,,21.77,,,0.76,11.2,47.02,,,,92.7,,2024,3,4,Summer,101.2,99.9
Mumbai,2024-03-30,21.73,98.22,,20.05,,,1.17,11.35,50.43,,,,101.5,,2024,3,5,Summer,92.7,99.1
Mumbai,2024-03-31,22.82,90.57,,21.66,,,1.26,10.85,42.57,,,,98.7,,2024,3,6,Summer,101.5,98.5
Mumbai,2024-04-01,22.25,82.14,,18.57,,,1.35,13.52,35.07,,,,91.5,,2024,4,0,Summer,98.7,97.6
Mumbai,2024-04-02,22.42,81.72,,19.57,,,1.19,17.71,33.2,,,,85.3,,2024,4,1,Summer,91.5,97.3
Mumbai,2024-04-03,21.01,75.6,,19.06,,,0.99,18.41,28.33,,,,74.1,,2024,4,2,Summer,85.3,91.8
Mumbai,2024-04-04,20.35,66.43,,12.78,,,1.09,16.8,27.49,,,,57.5,,2024,4,3,Summer,74.1,83.7
Mumbai,2024-04-05,19.4,66.17,,13.62,,,1.23,18.35,25.27,,,,61.2,,2024,4,4,Summer,57.5,72.3
Mumbai,2024-04-06,18.71,66.53,,13.6,,,1.25,19.65,22.52,,,,54.6,,2024,4,5,Summer,61.2,64.3
Mumbai,2024-04-07,18.8,59.85,,13.21,,,1.25,17.61,23.01,,,,55.1,,2024,4,6,Summer,54.6,57.8
Mumbai,2024-04-08,18.1,58.97,,12.55,,,1.32,18.21,22.55,,,,73.2,,2024,4,0,Summer,55.1,57.0
Mumbai,2024-04-09,21.01,68.78,,15.02,,,1.32,18.24,19.69,,,,60.2,,2024,4,1,Summer,73.2,60.9
Mumbai,2024-04-10,21.02,70.46,,14.8,,,0.89,17.91,21.63,,,,62.0,,2024,4,2,Summer,60.2,62.8
Mumbai,2024-04-11,21.06,74.93,,12.61,,,1.02,16.75,20.66,,,,48.2,,2024,4,3,Summer,62.0,65.1
Mumbai,2024-04-12,20.07,73.65,,12.95,,,0.95,16.4,19.27,,,,56.5,,2024,4,4,Summer,48.2,56.8
Mumbai,2024-04-13,19.86,73.76,,11.64,,,0.53,12.0,19.23,,,,61.5,,2024,4,5,Summer,56.5,55.6
Mumbai,2024-04-14,19.66,68.76,,8.92,,,0.77,9.39,19.49,,,,58.7,,2024,4,6,Summer,61.5,55.4
Mumbai,2024-04-15,18.75,65.84,,11.21,,,0.87,12.18,22.94,,,,54.3,,2024,4,0,Summer,58.7,58.9
Mumbai,2024-04-16,21.14,68.93,,12.83,,,0.85,15.2,22.37,,,,47.6,,2024,4,1,Summer,54.3,58.2
Mumbai,2024-04-17,22.33,71.44,,16.08,,,1.14,15.81,21.32,,,,62.2,,2024,4,2,Summer,47.6,53.6
Mumbai,2024-04-18,21.69,71.66,,17.38,,,1.28,20.17,23.36,,,,58.8,,2024,4,3,Summer,62.2,54.7
Mumbai,2024-04-19,21.86,71.39,,19.72,,,1.46,18.39,21.05,,,,72.1,,2024,4,4,Summer,58.8,56.2
Mumbai,2024-04-20,20.29,73.2,,15.79,,,1.14,18.21,22.75,,,,76.4,,2024,4,5,Summer,72.1,64.4
Mumbai,2024-04-21,19.55,73.22,,17.25,,,0.93,15.22,20.39,,,,62.5,,2024,4,6,Summer,76.4,69.1
Mumbai,2024-04-22,19.17,76.71,,17.75,,,0.91,12.28,19.35,,,,72.0,,2024,4,0,Summer,62.5,70.3
Mumbai,2024-04-23,19.58,68.57,,17.23,,,0.82,14.66,20.14,,,,60.7,,2024,4,1,Summer,72.0,70.3
Mumbai,2024-04-24,21.64,67.97,,14.9,,,0.89,14.98,22.23,,,,70.6,,2024,4,2,Summer,60.7,65.1
Mumbai,2024-04-25,22.96,67.79,,15.67,,,1.24,18.06,21.01,,,,71.5,,2024,4,3,Summer,70.6,67.8
Mumbai,2024-04-26,22.97,73.18,,18.25,,,1.08,15.35,23.15,,,,70.4,,2024,4,4,Summer,71.5,67.6
Mumbai,2024-04-27,19.57,63.75,,18.22,,,0.83,16.65,24.22,,,,63.6,,2024,4,5,Summer,70.4,70.8
Mumbai,2024-04-28,18.63,62.28,,14.01,,,0.58,14.78,22.98,,,,65.3,,2024,4,6,Summer,63.6,68.5
Mumbai,2024-04-29,18.29,65.77,,12.63,,,0.37,16.4,24.11,,,,48.3,,2024,4,0,Summer,65.3,66.5
Mumbai,2024-04-30,19.26,64.98,,12.72,,,0.93,13.36,21.56,,,,42.7,,2024,4,1,Summer,48.3,59.1
Mumbai,2024-05-01,20.51,64.71,,11.05,,,0.93,15.0,15.22,,,,42.9,,2024,5,2,Summer,42.7,52.1
Mumbai,2024-05-02,19.16,69.26,,11.64,,,0.85,16.09,25.05,,,,57.9,,2024,5,3,Summer,42.9,44.6
Mumbai,2024-05-03,19.24,66.43,,9.8,,,0.93,18.79,24.4,,,,62.2,,2024,5,4,Summer,57.9,47.8
Mumbai,2024-05-04,18.16,57.0,,10.24,,,0.96,15.06,31.41,,,,43.5,,2024,5,5,Summer,62.2,54.3
Mumbai,2024-05-05,17.35,59.59,,12.32,,,0.79,14.55,26.37,,,,57.1,,2024,5,6,Summer,43.5,54.5
Mumbai,2024-05-06,15.11,53.49,,12.04,,,0.88,14.37,33.89,,,,43.9,,2024,5,0,Summer,57.1,54.3
Mumbai,2024-05-07,15.5,55.57,,12.06,,,0.84,13.24,28.51,,,,51.4,,2024,5,1,Summer,43.9,48.1
Mumbai,2024-05-08,16.43,49.19,,11.98,,,1.21,14.31,29.66,,,,39.9,,2024,5,2,Summer,51.4,50.8
Mumbai,2024-05-09,15.62,50.93,,13.12,,,1.19,16.63,27.89,,,,41.2,,2024,5,3,Summer,39.9,45.1
Mumbai,2024-05-10,15.86,45.02,,13.18,,,0.89,16.38,39.91,,,,43.4,,2024,5,4,Summer,41.2,44.2
Mumbai,2024-05-11,15.71,46.58,,14.1,,,0.87,14.72,30.06,,,,48.6,,2024,5,5,Summer,43.4,41.5
Mumbai,2024-05-12,14.62,54.98,,13.38,,,0.96,16.86,33.74,,,,41.5,,2024,5,6,Summer,48.6,44.4
Mumbai,2024-05-13,16.43,47.25,,13.52,,,0.78,16.58,27.11,,,,36.8,,2024,5,0,Summer,41.5,44.5
Mumbai,2024-05-14,16.31,48.93,,13.67,,,0.8,15.93,25.84,,,,41.1,,2024,5,1,Summer,36.8,42.3
Mumbai,2024-05-15,17.46,56.94,,14.02,,,0.94,17.6,24.88,,,,52.4,,2024,5,2,Summer,41.1,39.8
Mumbai,2024-05-16,16.12,47.59,,12.23,,,0.93,20.3,27.21,,,,46.4,,2024,5,3,Summer,52.4,43.4
Mumbai,2024-05-17,17.0,52.14,,12.6,,,0.9,20.74,29.21,,,,45.2,,2024,5,4,Summer,46.4,46.6
Mumbai,2024-05-18,16.31,48.97,,12.22,,,1.1,18.59,19.43,,,,51.9,,2024,5,5,Summer,45.2,48.0
Mumbai,2024-05-19,13.92,53.71,,11.0,,,1.03,19.03,14.34,,,,61.3,,2024,5,6,Summer,51.9,47.8
Mumbai,2024-05-20,15.83,58.28,,10.9,,,0.85,20.25,7.81,,,,45.3,,2024,5,0,Summer,61.3,52.8
Mumbai,2024-05-21,15.05,54.95,,11.15,,,0.82,19.04,4.13,,,,48.5,,2024,5,1,Summer,45.3,52.8
Mumbai,2024-05-22,15.33,53.08,,14.21,,,0.91,18.5,16.34,,,,36.3,,2024,5,2,Summer,48.5,51.7
Mumbai,2024-05-23,15.79,59.32,,13.85,,,0.89,16.39,21.23,,,,26.3,,2024,5,3,Summer,36.3,43.3
Mumbai,2024-05-24,14.52,69.31,,14.52,,,1.08,19.65,25.44,,,,38.2,,2024,5,4,Summer,26.3,37.0
Mumbai,2024-05-25,15.28,71.5,,15.12,,,1.01,19.05,27.92,,,,44.4,,2024,5,5,Summer,38.2,33.6
Mumbai,2024-05-26,15.91,62.16,,13.64,,,0.93,16.68,23.61,,,,62.6,,2024,5,6,Summer,44.4,36.3
Mumbai,2024-05-27,15.14,63.18,,12.13,,,1.02,17.45,15.73,,,,49.1,,2024,5,0,Summer,62.6,48.4
Mumbai,2024-05-28,14.57,55.39,,12.77,,,0.87,18.27,20.51,,,,46.0,,2024,5,1,Summer,49.1,52.0
Mumbai,2024-05-29,15.21,53.7,,13.83,,,1.05,21.12,29.98,,,,35.7,,2024,5,2,Summer,46.0,52.6
Mumbai,2024-05-30,14.94,58.59,,16.12,,,0.9,21.34,26.97,,,,45.2,,2024,5,3,Summer,35.7,43.6
Mumbai,2024-05-31,15.37,54.93,,14.78,,,0.79,20.37,32.13,,,,43.4,,2024,5,4,Summer,45.2,42.3
Mumbai,2024-06-01,14.73,55.65,,13.96,,,0.64,19.45,29.51,,,,52.8,,2024,6,5,Monsoon,43.4,41.4
Mumbai,2024-06-02,13.25,49.74,,13.38,,,0.72,17.61,23.56,,,,49.1,,2024,6,6,Monsoon,52.8,47.1
Mumbai,2024-06-03,16.11,53.63,,14.49,,,0.98,16.18,26.46,,,,49.1,,2024,6,0,Monsoon,49.1,48.4
Mumbai,2024-06-04,16.05,48.21,,14.76,,,0.98,16.5,24.52,,,,35.0,,2024,6,1,Monsoon,49.1,50.3
Mumbai,2024-06-05,16.03,50.82,,13.36,,,1.06,15.62,20.02,,,,37.0,,2024,6,2,Monsoon,35.0,44.4
Mumbai,2024-06-06,17.77,49.62,,12.96,,,1.05,15.18,20.26,,,,44.9,,2024,6,3,Monsoon,37.0,40.4
Mumbai,2024-06-07,17.15,49.69,,14.07,,,0.84,14.43,22.56,,,,43.7,,2024,6,4,Monsoon,44.9,39.0
Mumbai,2024-06-08,15.36,49.57,,15.1,,,0.79,13.77,18.19,,,,42.3,,2024,6,5,Monsoon,43.7,41.9
Mumbai,2024-06-09,15.13,46.61,,13.89,,,0.77,14.75,27.27,,,,43.8,,2024,6,6,Monsoon,42.3,43.6
Mumbai,2024-06-10,11.24,40.22,,14.52,,,0.7,13.6,21.7,,,,37.0,,2024,6,0,Monsoon,43.8,43.3
Mumbai,2024-06-11,12.84,43.93,,13.16,,,0.59,15.16,23.38,,,,40.7,,2024,6,1,Monsoon,37.0,41.0
Mumbai,2024-06-12,12.3,38.78,,13.87,,,0.63,14.0,25.26,,,,42.2,,2024,6,2,Monsoon,40.7,40.5
Mumbai,2024-06-13,11.97,40.69,,12.83,,,0.85,15.53,21.64,,,,39.7,,2024,6,3,Monsoon,42.2,40.0
Mumbai,2024-06-14,14.33,42.34,,13.87,,,0.7,15.21,22.33,,,,48.1,,2024,6,4,Monsoon,39.7,40.9
Mumbai,2024-06-15,14.6,50.56,,11.48,,,0.63,15.13,19.01,,,,57.7,,2024,6,5,Monsoon,48.1,43.3
Mumbai,2024-06-16,13.97,45.52,,12.35,,,0.81,11.03,25.64,,,,58.3,,2024,6,6,Monsoon,57.7,48.5
Mumbai,2024-06-17,14.92,44.21,,11.68,,,0.9,14.12,25.98,,,,53.6,,2024,6,0,Monsoon,58.3,54.7
Mumbai,2024-06-18,15.39,41.74,,15.34,,,0.8,13.76,28.32,,,,46.9,,2024,6,1,Monsoon,53.6,56.6
Mumbai,2024-06-19,15.24,50.33,,15.63,,,0.63,15.15,27.57,,,,38.2,,2024,6,2,Monsoon,46.9,53.0
Mumbai,2024-06-20,14.53,49.4,,15.0,,,0.76,15.93,28.48,,,,30.0,,2024,6,3,Monsoon,38.2,46.3
Mumbai,2024-06-21,18.03,47.74,,16.03,,,0.73,11.37,21.79,,,,28.3,,2024,6,4,Monsoon,30.0,38.4
Mumbai,2024-06-22,16.63,43.78,,16.41,,,0.61,14.86,19.88,,,,24.5,,2024,6,5,Monsoon,28.3,32.2
Mumbai,2024-06-23,17.28,43.79,,15.2,,,0.61,14.79,17.47,,,,30.9,,2024,6,6,Monsoon,24.5,27.6
Mumbai,2024-06-24,16.12,46.05,,12.9,,,0.58,14.95,19.73,,,,42.3,,2024,6,0,Monsoon,30.9,27.9
Mumbai,2024-06-25,14.96,51.99,,11.27,,,0.79,17.22,17.91,,,,37.1,,2024,6,1,Monsoon,42.3,32.6
Mumbai,2024-06-26,12.88,54.4,,11.83,,,0.65,15.59,25.26,,,,34.1,,2024,6,2,Monsoon,37.1,36.8
Mumbai,2024-06-27,13.67,52.26,,12.12,,,0.65,14.21,26.1,,,,36.5,,2024,6,3,Monsoon,34.1,37.8
Mumbai,2024-06-28,16.43,45.65,,13.63,,,0.6,11.47,22.28,,,,29.5,,2024,6,4,Monsoon,36.5,35.9
Mumbai,2024-06-29,15.92,43.59,,10.74,,,0.66,15.28,21.74,,,,43.9,,2024,6,5,Monsoon,29.5,33.3
Mumbai,2024-06-30,16.58,41.27,,9.24,,,0.56,15.47,25.31,,,,35.0,,2024,6,6,Monsoon,43.9,36.6
Mumbai,2024-07-01,15.13,39.88,,9.73,,,0.63,13.87,22.48,,,,51.8,,2024,7,0,Monsoon,35.0,36.1
Mumbai,2024-07-02,15.64,44.72,,8.36,,,0.98,13.44,21.1,,,,40.7,,2024,7,1,Monsoon,51.8,43.5
Mumbai,2024-07-03,15.36,41.74,,11.11,,,0.86,13.61,19.48,,,,38.8,,2024,7,2,Monsoon,40.7,42.5
Mumbai,2024-07-04,14.27,39.46,,11.94,,,0.98,12.34,21.32,,,,48.7,,2024,7,3,Monsoon,38.8,43.7
Mumbai,2024-07-05,15.35,45.28,,11.93,,,0.95,12.79,18.64,,,,38.2,,2024,7,4,Monsoon,48.7,42.7
Mumbai,2024-07-06,12.81,37.97,,12.93,,,0.81,11.06,18.43,,,,35.1,,2024,7,5,Monsoon,38.2,41.9
Mumbai,2024-07-07,11.92,48.4,,11.42,,,0.83,9.78,17.22,,,,33.1,,2024,7,6,Monsoon,35.1,40.6
Mumbai,2024-07-08,11.24,51.65,,12.83,,,0.77,10.32,16.77,,,,37.2,,2024,7,0,Monsoon,33.1,35.5
Mumbai,2024-07-09,13.61,59.0,,14.75,,,0.88,10.93,15.79,,,,37.8,,2024,7,1,Monsoon,37.2,35.1
Mumbai,2024-07-10,14.54,56.61,,15.13,,,0.94,11.63,15.29,,,,43.2,,2024,7,2,Monsoon,37.8,36.1
Mumbai,2024-07-11,13.16,52.25,,13.05,,,0.72,11.53,17.37,,,,55.6,,2024,7,3,Monsoon,43.2,39.4
Mumbai,2024-07-12,14.25,52.94,,15.37,,,0.67,11.6,18.29,,,,68.1,,2024,7,4,Monsoon,55.6,45.5
Mumbai,2024-07-13,12.34,45.8,,15.43,,,0.65,10.96,16.1,,,,41.7,,2024,7,5,Monsoon,68.1,55.6
Mumbai,2024-07-14,10.59,53.9,,14.76,,,0.8,9.4,18.71,,,,54.3,,2024,7,6,Monsoon,41.7,55.1
Mumbai,2024-07-15,11.27,52.65,,14.91,,,0.75,10.92,17.74,,,,57.1,,2024,7,0,Monsoon,54.3,54.7
Mumbai,2024-07-16,13.97,52.76,,15.6,,,0.75,11.06,16.98,,,,44.0,,2024,7,1,Monsoon,57.1,51.0
Mumbai,2024-07-17,13.2,48.9,,15.62,,,0.79,11.88,16.35,,,,50.9,,2024,7,2,Monsoon,44.0,51.8
Mumbai,2024-07-18,13.96,52.65,,14.72,,,0.91,12.35,17.12,,,,55.2,,2024,7,3,Monsoon,50.9,50.7
Mumbai,2024-07-19,15.57,51.0,,14.63,,,0.77,11.97,18.64,,,,59.7,,2024,7,4,Monsoon,55.2,50.0
Mumbai,2024-07-20,14.49,51.85,,15.83,,,0.8,11.08,17.44,,,,49.7,,2024,7,5,Monsoon,59.7,55.2
Mumbai,2024-07-21,14.47,51.99,,15.66,,,0.83,10.83,20.28,,,,57.0,,2024,7,6,Monsoon,49.7,54.9
Mumbai,2024-07-22,14.84,54.7,,15.0,,,0.87,10.82,20.11,,,,60.2,,2024,7,0,Monsoon,57.0,55.5
Mumbai,2024-07-23,16.36,53.88,,12.63,,,0.79,12.26,20.18,,,,61.4,,2024,7,1,Monsoon,60.2,55.6
Mumbai,2024-07-24,17.55,61.46,,12.95,,,0.82,12.64,24.34,,,,67.7,,2024,7,2,Monsoon,61.4,59.5
Mumbai,2024-07-25,16.14,55.34,,10.6,,,0.91,12.55,23.82,,,,41.7,,2024,7,3,Monsoon,67.7,63.1
Mumbai,2024-07-26,13.73,56.77,,14.07,,,0.98,12.0,20.61,,,,47.1,,2024,7,4,Monsoon,41.7,57.0
Mumbai,2024-07-27,13.12,59.21,,13.27,,,0.87,12.48,17.92,,,,41.3,,2024,7,5,Monsoon,47.1,52.2
Mumbai,2024-07-28,12.25,57.32,,12.68,,,0.92,11.14,12.71,,,,42.0,,2024,7,6,Monsoon,41.3,43.4
Mumbai,2024-07-29,11.1,52.32,,13.67,,,0.85,10.99,16.98,,,,43.9,,2024,7,0,Monsoon,42.0,43.5
Mumbai,2024-07-30,14.67,55.8,,12.95,,,0.87,12.31,20.85,,,,44.3,,2024,7,1,Monsoon,43.9,42.4
Mumbai,2024-07-31,14.88,56.86,,13.38,,,1.03,12.73,16.64,,,,53.6,,2024,7,2,Monsoon,44.3,43.4
Mumbai,2024-08-01,13.53,47.58,,15.89,,,1.03,12.55,21.16,,,,56.3,,2024,8,3,Monsoon,53.6,47.3
Mumbai,2024-08-02,13.39,51.42,,17.92,,,0.97,13.05,21.79,,,,51.8,,2024,8,4,Monsoon,56.3,51.4
Mumbai,2024-08-03,11.3,54.1,,13.99,,,0.91,12.35,16.22,,,,38.6,,2024,8,5,Monsoon,51.8,53.9
Mumbai,2024-08-04,10.81,51.99,,17.93,,,0.91,11.53,23.7,,,,50.5,,2024,8,6,Monsoon,38.6,48.9
Mumbai,2024-08-05,13.15,50.94,,18.81,,,1.05,10.87,27.7,,,,50.3,,2024,8,0,Monsoon,50.5,47.0
Mumbai,2024-08-06,16.01,53.31,,17.46,,,0.95,11.33,34.5,,,,43.8,,2024,8,1,Monsoon,50.3,46.5
Mumbai,2024-08-07,17.85,51.53,,15.64,,,0.95,9.92,29.21,,,,53.5,,2024,8,2,Monsoon,43.8,48.2
Mumbai,2024-08-08,18.81,53.59,,13.1,,,0.85,10.77,22.22,,,,54.8,,2024,8,3,Monsoon,53.5,49.2
Mumbai,2024-08-09,15.15,47.19,,17.43,,,0.69,10.47,19.53,,,,44.1,,2024,8,4,Monsoon,54.8,50.7
Mumbai,2024-08-10,18.43,42.94,,13.93,,,0.68,11.12,21.76,,,,38.0,,2024,8,5,Monsoon,44.1,50.8
Mumbai,2024-08-11,22.8,41.47,,15.24,,,0.68,11.92,19.34,,,,43.9,,2024,8,6,Monsoon,38.0,45.7
Mumbai,2024-08-12,23.54,43.77,,19.19,,,0.78,11.68,27.31,,,,48.2,,2024,8,0,Monsoon,43.9,42.0
Mumbai,2024-08-13,21.44,45.71,,24.51,,,0.83,10.89,28.63,,,,49.9,,2024,8,1,Monsoon,48.2,43.4
Mumbai,2024-08-14,25.53,49.46,,21.77,,,0.82,12.12,30.94,,,,49.3,,2024,8,2,Monsoon,49.9,47.3
Mumbai,2024-08-15,25.1,54.24,,19.31,,,0.68,10.4,21.74,,,,48.4,,2024,8,3,Monsoon,49.3,49.1
Mumbai,2024-08-16,16.43,54.29,,18.89,,,0.78,11.29,26.56,,,,51.9,,2024,8,4,Monsoon,48.4,49.2
Mumbai,2024-08-17,15.51,52.94,,15.96,,,0.64,11.08,29.63,,,,42.5,,2024,8,5,Monsoon,51.9,49.8
Mumbai,2024-08-18,16.13,53.54,,18.51,,,0.66,9.53,29.59,,,,58.8,,2024,8,6,Monsoon,42.5,47.6
Mumbai,2024-08-19,16.53,52.33,,22.56,,,0.84,10.68,23.35,,,,58.3,,2024,8,0,Monsoon,58.8,51.1
Mumbai,2024-08-20,14.11,49.08,,22.0,,,0.8,11.32,29.69,,,,49.7,,2024,8,1,Monsoon,58.3,53.2
Mumbai,2024-08-21,14.63,51.36,,19.81,,,0.72,12.2,25.21,,,,38.8,,2024,8,2,Monsoon,49.7,55.6
Mumbai,2024-08-22,20.47,51.85,,17.23,,,0.84,11.6,27.87,,,,37.3,,2024,8,3,Monsoon,38.8,48.9
Mumbai,2024-08-23,18.43,48.25,,17.55,,,0.79,12.39,29.5,,,,35.1,,2024,8,4,Monsoon,37.3,41.9
Mumbai,2024-08-24,14.83,51.73,,22.17,,,0.75,12.03,25.96,,,,55.0,,2024,8,5,Monsoon,35.1,37.1
Mumbai,2024-08-25,16.08,48.99,,19.83,,,0.8,11.56,31.0,,,,60.8,,2024,8,6,Monsoon,55.0,42.5
Mumbai,2024-08-26,17.1,51.29,,19.82,,,0.9,10.95,28.22,,,,58.9,,2024,8,0,Monsoon,60.8,50.3
Mumbai,2024-08-27,21.65,54.83,,19.44,,,0.87,10.62,22.75,,,,59.3,,2024,8,1,Monsoon,58.9,58.2
Mumbai,2024-08-28,14.75,58.57,,20.3,,,0.81,10.87,23.6,,,,42.5,,2024,8,2,Monsoon,59.3,59.7
Mumbai,2024-08-29,17.84,57.09,,22.6,,,0.84,11.24,25.8,,,,38.2,,2024,8,3,Monsoon,42.5,53.6
Mumbai,2024-08-30,16.59,57.15,,20.07,,,0.82,10.77,25.82,,,,62.1,,2024,8,4,Monsoon,38.2,46.7
Mumbai,2024-08-31,15.6,52.82,,18.27,,,0.94,11.7,32.62,,,,56.7,,2024,8,5,Monsoon,62.1,47.6
Mumbai,2024-09-01,18.5,45.73,,17.73,,,1.01,10.77,29.22,,,,52.3,,2024,9,6,Monsoon,56.7,52.4
Mumbai,2024-09-02,16.99,54.22,,14.09,,,1.0,11.21,19.26,,,,54.0,,2024,9,0,Monsoon,52.3,57.0
Mumbai,2024-09-03,17.8,57.98,,20.01,,,1.14,11.94,26.73,,,,57.2,,2024,9,1,Monsoon,54.0,54.3
Mumbai,2024-09-04,16.48,47.05,,20.8,,,1.27,11.85,23.97,,,,51.1,,2024,9,2,Monsoon,57.2,54.5
Mumbai,2024-09-05,14.83,47.82,,18.83,,,1.18,11.43,21.64,,,,68.9,,2024,9,3,Monsoon,51.1,54.1
Mumbai,2024-09-06,19.1,57.0,,19.12,,,1.07,11.92,33.37,,,,61.0,,2024,9,4,Monsoon,68.9,59.1
Mumbai,2024-09-07,17.45,50.25,,19.58,,,1.17,12.92,26.46,,,,48.4,,2024,9,5,Monsoon,61.0,60.4
Mumbai,2024-09-08,21.32,63.21,,18.98,,,0.9,13.4,21.6,,,,43.7,,2024,9,6,Monsoon,48.4,59.5
Mumbai,2024-09-09,22.19,59.33,,19.87,,,0.86,14.08,22.97,,,,36.9,,2024,9,0,Monsoon,43.7,51.1
Mumbai,2024-09-10,24.76,64.55,,20.68,,,0.85,13.65,17.76,,,,47.8,,2024,9,1,Monsoon,36.9,43.0
Mumbai,2024-09-11,25.35,73.55,,19.79,,,1.06,13.49,24.78,,,,50.2,,2024,9,2,Monsoon,47.8,42.8
Mumbai,2024-09-12,22.95,63.95,,18.26,,,1.06,14.34,24.35,,,,55.1,,2024,9,3,Monsoon,50.2,45.0
Mumbai,2024-09-13,22.29,59.55,,17.52,,,0.97,14.96,20.56,,,,53.9,,2024,9,4,Monsoon,55.1,51.0
Mumbai,2024-09-14,26.91,51.49,,19.25,,,1.0,13.58,25.01,,,,37.1,,2024,9,5,Monsoon,53.9,53.1
Mumbai,2024-09-15,21.74,56.77,,19.21,,,1.07,13.05,20.47,,,,51.1,,2024,9,6,Monsoon,37.1,48.7
Mumbai,2024-09-16,23.55,57.67,,20.46,,,0.98,13.8,24.57,,,,65.4,,2024,9,0,Monsoon,51.1,47.4
Mumbai,2024-09-17,24.25,55.46,,24.75,,,1.18,13.56,22.79,,,,67.7,,2024,9,1,Monsoon,65.4,51.2
Mumbai,2024-09-18,21.52,57.34,,22.03,,,1.1,14.72,18.82,,,,62.1,,2024,9,2,Monsoon,67.7,61.4
Mumbai,2024-09-19,22.65,56.44,,19.88,,,1.24,14.79,14.02,,,,50.5,,2024,9,3,Monsoon,62.1,65.1
Mumbai,2024-09-20,21.52,52.78,,21.0,,,1.12,15.47,24.13,,,,37.6,,2024,9,4,Monsoon,50.5,60.1
Mumbai,2024-09-21,21.86,48.48,,21.07,,,0.89,12.72,25.5,,,,35.0,,2024,9,5,Monsoon,37.6,50.1
Mumbai,2024-09-22,19.99,60.45,,20.47,,,0.81,13.03,18.94,,,,42.1,,2024,9,6,Monsoon,35.0,41.0
Mumbai,2024-09-23,16.23,54.37,,20.84,,,0.93,12.79,23.32,,,,35.3,,2024,9,0,Monsoon,42.1,38.2
Mumbai,2024-09-24,15.25,41.43,,19.94,,,1.16,13.3,24.49,,,,47.1,,2024,9,1,Monsoon,35.3,37.4
Mumbai,2024-09-25,18.17,46.91,,18.9,,,1.28,11.16,24.25,,,,56.2,,2024,9,2,Monsoon,47.1,41.5
Mumbai,2024-09-26,16.49,64.58,,18.9,,,1.16,11.11,25.01,,,,56.4,,2024,9,3,Monsoon,56.2,46.2
Mumbai,2024-09-27,16.56,50.34,,17.86,,,1.0,12.47,17.76,,,,43.5,,2024,9,4,Monsoon,56.4,53.2
Mumbai,2024-09-28,17.18,45.89,,17.61,,,1.11,11.53,21.42,,,,60.4,,2024,9,5,Monsoon,43.5,52.1
Mumbai,2024-09-29,16.79,45.88,,20.19,,,0.93,11.85,24.07,,,,55.9,,2024,9,6,Monsoon,60.4,53.4
Mumbai,2024-09-30,13.34,45.19,,20.57,,,1.06,13.25,21.88,,,,44.2,,2024,9,0,Monsoon,55.9,53.3
Mumbai,2024-10-01,25.43,41.4,,21.32,,,1.24,15.35,21.68,,,,32.1,,2024,10,1,Post-Monsoon,44.2,53.5
Mumbai,2024-10-02,33.43,62.56,,22.81,,,1.34,15.58,25.75,,,,31.2,,2024,10,2,Post-Monsoon,32.1,44.1
Mumbai,2024-10-03,32.4,82.64,,25.1,,,1.29,15.74,31.75,,,,45.5,,2024,10,3,Post-Monsoon,31.2,35.8
Mumbai,2024-10-04,39.51,81.59,,24.75,,,1.48,15.26,31.69,,,,57.0,,2024,10,4,Post-Monsoon,45.5,36.3
Mumbai,2024-10-05,37.34,87.68,,24.55,,,1.45,13.84,31.67,,,,84.6,,2024,10,5,Post-Monsoon,57.0,44.6
Mumbai,2024-10-06,35.21,81.2,,25.01,,,1.24,12.69,23.78,,,,73.8,,2024,10,6,Post-Monsoon,84.6,62.3
Mumbai,2024-10-07,34.48,75.59,,25.16,,,1.39,10.85,23.92,,,,68.2,,2024,10,0,Post-Monsoon,73.8,71.8
Mumbai,2024-10-08,38.47,87.56,,24.61,,,1.65,12.74,21.75,,,,78.5,,2024,10,1,Post-Monsoon,68.2,75.5
Mumbai,2024-10-09,35.39,102.92,,24.11,,,1.76,12.65,28.94,,,,78.7,,2024,10,2,Post-Monsoon,78.5,73.5
Mumbai,2024-10-10,37.53,95.11,,22.29,,,1.6,13.63,25.34,,,,91.9,,2024,10,3,Post-Monsoon,78.7,75.1
Mumbai,2024-10-11,35.45,98.1,,25.65,,,1.43,13.77,29.17,,,,94.1,,2024,10,4,Post-Monsoon,91.9,83.0
Mumbai,2024-10-12,38.94,113.54,,24.48,,,1.2,13.94,32.59,,,,98.8,,2024,10,5,Post-Monsoon,94.1,88.2
Mumbai,2024-10-13,37.69,100.09,,23.9,,,1.1,14.1,29.98,,,,95.4,,2024,10,6,Post-Monsoon,98.8,94.9
Mumbai,2024-10-14,33.46,90.06,,23.74,,,1.1,16.08,30.43,,,,81.4,,2024,10,0,Post-Monsoon,95.4,96.1
Mumbai,2024-10-15,33.25,79.86,,25.89,,,1.36,14.19,33.32,,,,77.0,,2024,10,1,Post-Monsoon,81.4,91.9
Mumbai,2024-10-16,38.85,116.1,,26.97,,,1.62,13.19,33.81,,,,104.9,,2024,10,2,Post-Monsoon,77.0,84.6
Mumbai,2024-10-17,37.66,122.47,,26.85,,,1.52,16.68,48.08,,,,110.5,,2024,10,3,Post-Monsoon,104.9,87.7
Mumbai,2024-10-18,41.41,130.56,,25.44,,,1.45,17.1,43.22,,,,114.0,,2024,10,4,Post-Monsoon,110.5,97.5
Mumbai,2024-10-19,41.8,121.99,,24.14,,,1.05,16.03,43.33,,,,125.9,,2024,10,5,Post-Monsoon,114.0,109.8
Mumbai,2024-10-20,40.78,96.27,,25.53,,,1.18,14.36,41.89,,,,114.5,,2024,10,6,Post-Monsoon,125.9,116.8
Mumbai,2024-10-21,44.21,98.87,,26.22,,,1.26,15.34,35.04,,,,107.9,,2024,10,0,Post-Monsoon,114.5,118.1
Mumbai,2024-10-22,39.07,98.42,,24.03,,,1.25,14.55,29.12,,,,109.0,,2024,10,1,Post-Monsoon,107.9,116.1
Mumbai,2024-10-23,42.89,111.28,,24.62,,,1.45,14.18,30.78,,,,106.4,,2024,10,2,Post-Monsoon,109.0,110.5
Mumbai,2024-10-24,33.49,114.39,,26.39,,,1.57,14.41,34.21,,,,99.5,,2024,10,3,Post-Monsoon,106.4,107.8
Mumbai,2024-10-25,35.13,99.76,,28.96,,,1.41,15.63,36.53,,,,97.8,,2024,10,4,Post-Monsoon,99.5,105.0
Mumbai,2024-10-26,33.52,98.14,,28.86,,,1.74,15.97,34.54,,,,92.1,,2024,10,5,Post-Monsoon,97.8,101.2
Mumbai,2024-10-27,36.63,94.19,,26.35,,,1.07,14.14,36.42,,,,76.1,,2024,10,6,Post-Monsoon,92.1,96.5
Mumbai,2024-10-28,34.98,98.9,,25.91,,,0.97,16.74,45.99,,,,92.3,,2024,10,0,Post-Monsoon,76.1,88.7
Mumbai,2024-10-29,39.87,112.78,,26.85,,,1.22,14.21,33.77,,,,91.8,,2024,10,1,Post-Monsoon,92.3,86.8
Mumbai,2024-10-30,39.75,99.63,,28.39,,,1.36,14.2,33.13,,,,91.9,,2024,10,2,Post-Monsoon,91.8,86.7
Mumbai,2024-10-31,36.98,88.6,,27.52,,,1.61,13.36,25.93,,,,105.7,,2024,10,3,Post-Monsoon,91.9,92.0
Mumbai,2024-11-01,47.23,106.27,,31.26,,,1.59,16.01,32.51,,,,108.4,,2024,11,4,Post-Monsoon,105.7,96.5
Mumbai,2024-11-02,54.46,127.99,,35.28,,,1.14,14.5,35.23,,,,112.9,,2024,11,5,Post-Monsoon,108.4,102.0
Mumbai,2024-11-03,66.94,125.82,,37.47,,,1.39,16.46,39.92,,,,106.5,,2024,11,6,Post-Monsoon,112.9,109.0
Mumbai,2024-11-04,58.79,126.27,,33.55,,,1.35,16.84,41.7,,,,107.2,,2024,11,0,Post-Monsoon,106.5,109.3
Mumbai,2024-11-05,53.25,145.67,,36.78,,,1.5,18.62,43.51,,,,105.9,,2024,11,1,Post-Monsoon,107.2,108.9
Mumbai,2024-11-06,63.85,153.09,,38.62,,,1.77,18.8,40.84,,,,106.0,,2024,11,2,Post-Monsoon,105.9,106.6
Mumbai,2024-11-07,60.64,149.19,,39.78,,,1.54,20.67,36.98,,,,108.8,,2024,11,3,Post-Monsoon,106.0,106.4
Mumbai,2024-11-08,63.39,126.5,,42.52,,,1.42,18.05,46.46,,,,120.7,,2024,11,4,Post-Monsoon,108.8,106.9
Mumbai,2024-11-09,61.56,110.5,,46.37,,,1.52,17.11,47.53,,,,96.5,,2024,11,5,Post-Monsoon,120.7,111.8
Mumbai,2024-11-10,55.67,115.03,,44.05,,,1.59,14.61,44.18,,,,112.6,,2024,11,6,Post-Monsoon,96.5,108.7
Mumbai,2024-11-11,63.7,119.39,,42.89,,,1.68,17.43,36.67,,,,127.3,,2024,11,0,Post-Monsoon,112.6,109.9
Mumbai,2024-11-12,56.6,155.22,,43.74,,,1.18,16.45,41.68,,,,119.9,,2024,11,1,Post-Monsoon,127.3,112.2
Mumbai,2024-11-13,60.32,171.97,,40.28,,,1.18,18.16,46.58,,,,134.4,,2024,11,2,Post-Monsoon,119.9,119.9
Mumbai,2024-11-14,60.42,174.13,,42.54,,,1.73,16.64,37.47,,,,145.5,,2024,11,3,Post-Monsoon,134.4,127.2
Mumbai,2024-11-15,55.5,143.17,,39.51,,,1.79,16.94,43.51,,,,150.7,,2024,11,4,Post-Monsoon,145.5,133.2
Mumbai,2024-11-16,57.41,131.76,,41.92,,,1.37,15.67,45.73,,,,148.4,,2024,11,5,Post-Monsoon,150.7,143.5
Mumbai,2024-11-17,51.85,153.22,,42.32,,,1.32,16.64,47.54,,,,132.0,,2024,11,6,Post-Monsoon,148.4,148.2
Mumbai,2024-11-18,52.92,138.64,,38.92,,,1.51,18.49,48.88,,,,126.9,,2024,11,0,Post-Monsoon,132.0,143.7
Mumbai,2024-11-19,61.82,138.89,,38.85,,,1.15,17.14,51.41,,,,134.5,,2024,11,1,Post-Monsoon,126.9,135.8
Mumbai,2024-11-20,79.62,134.11,,38.31,,,1.54,14.44,51.05,,,,141.4,,2024,11,2,Post-Monsoon,134.5,131.2
Mumbai,2024-11-21,67.4,143.63,,38.32,,,1.7,17.89,40.28,,,,135.5,,2024,11,3,Post-Monsoon,141.4,134.3
Mumbai,2024-11-22,53.08,127.24,,36.85,,,1.64,16.74,41.21,,,,128.0,,2024,11,4,Post-Monsoon,135.5,137.2
Mumbai,2024-11-23,53.97,130.72,,34.33,,,1.9,16.71,39.15,,,,127.8,,2024,11,5,Post-Monsoon,128.0,135.0
Mumbai,2024-11-24,57.18,139.35,,36.63,,,1.88,18.01,41.6,,,,130.4,,2024,11,6,Post-Monsoon,127.8,130.5
Mumbai,2024-11-25,52.26,124.37,,37.67,,,1.77,20.56,42.74,,,,107.3,,2024,11,0,Post-Monsoon,130.4,128.8
Mumbai,2024-11-26,56.49,129.72,,32.4,,,1.39,20.07,38.71,,,,119.0,,2024,11,1,Post-Monsoon,107.3,121.8
Mumbai,2024-11-27,59.02,126.79,,34.46,,,1.53,18.54,33.9,,,,126.1,,2024,11,2,Post-Monsoon,119.0,118.9
Mumbai,2024-11-28,52.58,109.52,,39.69,,,1.59,17.51,39.32,,,,109.3,,2024,11,3,Post-Monsoon,126.1,117.4
Mumbai,2024-11-29,56.35,126.83,,44.76,,,1.52,16.72,42.42,,,,112.9,,2024,11,4,Post-Monsoon,109.3,118.1
Mumbai,2024-11-30,55.4,145.59,,38.37,,,1.18,14.15,46.24,,,,124.3,,2024,11,5,Post-Monsoon,112.9,116.1
Mumbai,2024-12-01,53.38,144.74,,40.29,,,1.32,11.06,39.67,,,,132.3,,2024,12,6,Winter,124.3,115.5
Mumbai,2024-12-02,55.16,150.96,,47.58,,,1.51,14.6,40.0,,,,121.7,,2024,12,0,Winter,132.3,123.2
Mumbai,2024-12-03,59.57,151.96,,46.66,,,1.62,12.9,36.76,,,,140.1,,2024,12,1,Winter,121.7,126.1
Mumbai,2024-12-04,65.14,160.87,,50.52,,,1.65,17.56,37.14,,,,139.0,,2024,12,2,Winter,140.1,131.4
Mumbai,2024-12-05,74.97,150.9,,46.51,,,1.62,17.65,41.66,,,,127.0,,2024,12,3,Winter,139.0,133.6
Mumbai,2024-12-06,74.17,152.19,,43.22,,,1.61,18.73,41.13,,,,124.4,,2024,12,4,Winter,127.0,135.4
Mumbai,2024-12-07,70.19,142.87,,46.6,,,1.83,19.21,41.42,,,,123.4,,2024,12,5,Winter,124.4,130.1
Mumbai,2024-12-08,67.14,147.18,,46.45,,,1.67,17.6,43.92,,,,123.5,,2024,12,6,Winter,123.4,124.9
Mumbai,2024-12-09,75.59,152.3,,45.68,,,1.63,16.04,44.6,,,,125.9,,2024,12,0,Winter,123.5,123.8
Mumbai,2024-12-10,78.79,151.45,,46.04,,,1.72,14.23,42.63,,,,142.7,,2024,12,1,Winter,125.9,124.3
Mumbai,2024-12-11,80.2,154.4,,51.07,,,1.84,15.75,39.47,,,,144.9,,2024,12,2,Winter,142.7,130.7
Mumbai,2024-12-12,80.19,145.16,,55.33,,,1.57,14.25,31.17,,,,143.0,,2024,12,3,Winter,144.9,137.9
Mumbai,2024-12-13,70.3,146.2,,55.73,,,1.49,15.42,29.73,,,,137.6,,2024,12,4,Winter,143.0,143.5
Mumbai,2024-12-14,73.31,150.78,,58.02,,,1.29,14.37,33.62,,,,138.5,,2024,12,5,Winter,137.6,141.8
Mumbai,2024-12-15,71.31,143.85,,43.74,,,1.45,13.13,36.06,,,,142.6,,2024,12,6,Winter,138.5,139.7
Mumbai,2024-12-16,73.68,153.92,,47.94,,,1.51,14.42,28.77,,,,135.7,,2024,12,0,Winter,142.6,139.6
Mumbai,2024-12-17,70.81,154.69,,44.64,,,1.42,16.73,36.64,,,,129.4,,2024,12,1,Winter,135.7,139.0
Mumbai,2024-12-18,68.99,151.27,,44.05,,,1.44,18.61,37.34,,,,126.2,,2024,12,2,Winter,129.4,135.9
Mumbai,2024-12-19,69.39,155.19,,44.66,,,1.66,17.71,39.61,,,,122.4,,2024,12,3,Winter,126.2,130.4
Mumbai,2024-12-20,70.45,152.57,,47.67,,,1.83,17.53,37.89,,,,126.8,,2024,12,4,Winter,122.4,126.0
Mumbai,2024-12-21,64.58,149.83,,40.97,,,1.7,17.3,38.43,,,,136.3,,2024,12,5,Winter,126.8,125.1
Mumbai,2024-12-22,66.69,139.6,,40.11,,,1.58,16.5,37.65,,,,145.0,,2024,12,6,Winter,136.3,128.5
Mumbai,2024-12-23,69.55,148.74,,35.73,,,2.04,17.77,43.18,,,,137.0,,2024,12,0,Winter,145.0,136.1
Mumbai,2024-12-24,81.45,152.25,,41.1,,,1.85,16.98,35.47,,,,143.3,,2024,12,1,Winter,137.0,139.5
Mumbai,2024-12-25,77.32,153.06,,44.48,,,1.81,16.24,41.31,,,,144.3,,2024,12,2,Winter,143.3,141.8
Mumbai,2024-12-26,75.29,154.02,,46.41,,,1.78,15.08,43.48,,,,142.8,,2024,12,3,Winter,144.3,141.6
Mumbai,2024-12-27,72.73,153.53,,49.28,,,1.6,13.91,37.68,,,,141.2,,2024,12,4,Winter,142.8,143.5
Mumbai,2024-12-28,74.92,159.87,,52.98,,,1.6,13.33,36.54,,,,155.5,,2024,12,5,Winter,141.2,142.8
Mumbai,2024-12-29,78.38,156.02,,47.68,,,1.34,8.55,31.25,,,,137.9,,2024,12,6,Winter,155.5,146.5
Mumbai,2024-12-30,85.34,147.92,,44.02,,,1.85,9.95,34.59,,,,143.9,,2024,12,0,Winter,137.9,144.8
Mumbai,2024-12-31,82.02,137.93,,50.84,,,1.75,12.96,42.49,,,,133.2,,2024,12,1,Winter,143.9,145.7
Mumbai,2025-01-01,76.78,145.69,,52.34,,,1.84,16.01,39.6,,,,129.4,,2025,1,2,Winter,133.2,138.3
Mumbai,2025-01-02,68.26,169.94,,44.33,,,2.14,19.76,38.22,,,,135.5,,2025,1,3,Winter,129.4,135.5
Mumbai,2025-01-03,64.64,176.38,,49.24,,,1.93,21.27,45.53,,,,154.2,,2025,1,4,Winter,135.5,132.7
Mumbai,2025-01-04,63.29,170.13,,51.63,,,2.12,21.51,54.02,,,,158.1,,2025,1,5,Winter,154.2,139.7
Mumbai,2025-01-05,65.3,183.51,,54.69,,,1.92,17.88,45.94,,,,163.7,,2025,1,6,Winter,158.1,149.3
Mumbai,2025-01-06,71.72,167.62,,55.03,,,1.77,16.34,50.08,,,,153.6,,2025,1,0,Winter,163.7,158.7
Mumbai,2025-01-07,63.0,178.87,,50.97,,,1.98,19.08,41.9,,,,167.0,,2025,1,1,Winter,153.6,158.5
Mumbai,2025-01-08,75.91,189.89,,52.41,,,1.82,17.58,43.99,,,,175.9,,2025,1,2,Winter,167.0,161.4
Mumbai,2025-01-09,78.65,178.28,,47.89,,,1.97,13.79,43.07,,,,167.3,,2025,1,3,Winter,175.9,165.5
Mumbai,2025-01-10,85.11,183.95,,47.86,,,2.25,16.59,37.84,,,,162.1,,2025,1,4,Winter,167.3,170.1
Mumbai,2025-01-11,76.35,162.7,,44.61,,,2.26,12.55,37.32,,,,157.4,,2025,1,5,Winter,162.1,168.5
Mumbai,2025-01-12,72.25,168.46,,35.05,,,2.0,14.46,40.46,,,,145.7,,2025,1,6,Winter,157.4,162.3
Mumbai,2025-01-13,73.56,186.5,,39.07,,,1.78,13.52,44.43,,,,159.1,,2025,1,0,Winter,145.7,155.1
Mumbai,2025-01-14,74.1,181.18,,41.73,,,1.71,14.38,47.68,,,,163.2,,2025,1,1,Winter,159.1,154.1
Mumbai,2025-01-15,79.69,192.45,,43.71,,,1.53,16.44,46.65,,,,169.9,,2025,1,2,Winter,163.2,156.0
Mumbai,2025-01-16,67.17,191.01,,40.8,,,1.51,14.5,46.16,,,,160.1,,2025,1,3,Winter,169.9,164.1
Mumbai,2025-01-17,72.76,186.86,,48.69,,,1.76,15.85,42.73,,,,153.9,,2025,1,4,Winter,160.1,164.4
Mumbai,2025-01-18,73.11,163.12,,48.22,,,1.95,19.45,44.6,,,,153.2,,2025,1,5,Winter,153.9,161.3
Mumbai,2025-01-19,67.69,160.17,,43.82,,,1.86,14.94,47.84,,,,139.3,,2025,1,6,Winter,153.2,155.7
Mumbai,2025-01-20,76.14,180.07,,45.47,,,1.81,16.37,47.21,,,,144.7,,2025,1,0,Winter,139.3,148.8
Mumbai,2025-01-21,73.94,179.27,,51.58,,,1.77,17.67,46.26,,,,145.6,,2025,1,1,Winter,144.7,145.7
Mumbai,2025-01-22,69.25,188.58,,47.49,,,1.65,15.83,43.27,,,,164.3,,2025,1,2,Winter,145.6,143.2
Mumbai,2025-01-23,70.09,179.41,,46.61,,,1.54,16.52,38.83,,,,173.9,,2025,1,3,Winter,164.3,151.5
Mumbai,2025-01-24,75.39,181.87,,49.06,,,1.52,20.82,36.96,,,,175.1,,2025,1,4,Winter,173.9,161.3
Mumbai,2025-01-25,63.09,174.31,,45.27,,,1.46,20.34,43.23,,,,161.8,,2025,1,5,Winter,175.1,171.1
Mumbai,2025-01-26,67.31,160.4,,45.68,,,1.53,16.21,47.76,,,,155.8,,2025,1,6,Winter,161.8,170.3
Mumbai,2025-01-27,74.68,164.36,,43.62,,,1.78,16.67,39.8,,,,156.8,,2025,1,0,Winter,155.8,164.2
Mumbai,2025-01-28,67.53,152.12,,45.82,,,1.85,19.61,36.7,,,,143.5,,2025,1,1,Winter,156.8,158.1
Mumbai,2025-01-29,65.82,161.82,,45.19,,,2.07,19.61,41.11,,,,151.5,,2025,1,2,Winter,143.5,152.0
Mumbai,2025-01-30,65.54,207.65,,46.89,,,2.39,20.04,43.0,,,,160.5,,2025,1,3,Winter,151.5,150.6
Mumbai,2025-01-31,74.22,212.82,,46.64,,,2.18,22.75,47.42,,,,185.0,,2025,1,4,Winter,160.5,151.8
Mumbai,2025-02-01,68.33,194.21,,46.07,,,1.8,18.87,52.85,,,,183.4,,2025,2,5,Winter,185.0,165.7
Mumbai,2025-02-02,61.63,178.53,,44.09,,,1.83,14.71,52.76,,,,187.5,,2025,2,6,Winter,183.4,176.3
Mumbai,2025-02-03,60.34,185.5,,42.17,,,1.82,14.72,60.76,,,,169.4,,2025,2,0,Winter,187.5,185.3
Mumbai,2025-02-04,62.9,176.82,,40.97,,,1.96,15.33,59.85,,,,175.2,,2025,2,1,Winter,169.4,180.1
Mumbai,2025-02-05,61.01,170.27,,37.17,,,1.82,17.63,56.02,,,,171.3,,2025,2,2,Winter,175.2,177.4
Mumbai,2025-02-06,66.25,159.65,,41.51,,,2.02,16.02,52.58,,,,166.1,,2025,2,3,Winter,171.3,171.9
Mumbai,2025-02-07,64.59,148.45,,36.22,,,2.07,14.38,44.86,,,,155.8,,2025,2,4,Winter,166.1,170.8
Mumbai,2025-02-08,62.78,131.2,,33.63,,,1.89,12.84,51.7,,,,149.3,,2025,2,5,Winter,155.8,164.4
Mumbai,2025-02-09,58.71,128.43,,29.57,,,1.59,12.4,50.28,,,,135.8,,2025,2,6,Winter,149.3,157.1
Mumbai,2025-02-10,57.22,134.8,,30.71,,,1.88,12.34,52.99,,,,134.3,,2025,2,0,Winter,135.8,147.0
Mumbai,2025-02-11,63.33,152.59,,38.05,,,1.84,13.79,50.41,,,,128.9,,2025,2,1,Winter,134.3,139.8
Mumbai,2025-02-12,66.69,153.91,,34.15,,,2.16,11.09,47.19,,,,127.3,,2025,2,2,Winter,128.9,133.0
Mumbai,2025-02-13,70.52,143.9,,37.5,,,2.37,14.66,47.2,,,,128.1,,2025,2,3,Winter,127.3,130.1
Mumbai,2025-02-14,65.27,149.18,,42.07,,,2.24,12.6,48.2,,,,141.5,,2025,2,4,Winter,128.1,128.1
Mumbai,2025-02-15,68.3,144.3,,39.56,,,2.17,13.98,38.48,,,,144.0,,2025,2,5,Winter,141.5,132.3
Mumbai,2025-02-16,71.85,147.68,,41.23,,,1.98,15.4,45.01,,,,139.6,,2025,2,6,Winter,144.0,137.8
Mumbai,2025-02-17,67.78,145.27,,40.99,,,1.7,17.55,49.95,,,,138.6,,2025,2,0,Winter,139.6,141.7
Mumbai,2025-02-18,72.4,166.71,,37.42,,,1.59,15.6,48.85,,,,140.0,,2025,2,1,Winter,138.6,140.8
Mumbai,2025-02-19,70.03,155.76,,35.76,,,1.7,14.04,49.78,,,,138.2,,2025,2,2,Winter,140.0,139.4
Mumbai,2025-02-20,62.84,141.19,,41.97,,,2.18,13.7,53.66,,,,148.4,,2025,2,3,Winter,138.2,138.9
Mumbai,2025-02-21,66.9,149.17,,39.08,,,2.2,12.55,54.19,,,,147.6,,2025,2,4,Winter,148.4,142.2
Mumbai,2025-02-22,66.98,151.84,,36.49,,,1.92,14.11,52.39,,,,149.0,,2025,2,5,Winter,147.6,144.7
Mumbai,2025-02-23,62.87,132.06,,39.52,,,1.45,15.45,46.79,,,,153.1,,2025,2,6,Winter,149.0,148.3
Mumbai,2025-02-24,63.29,141.7,,38.01,,,1.48,13.62,52.5,,,,142.8,,2025,2,0,Winter,153.1,149.9
Mumbai,2025-02-25,65.37,165.41,,36.55,,,1.72,14.23,48.76,,,,146.6,,2025,2,1,Winter,142.8,148.3
Mumbai,2025-02-26,72.72,159.97,,40.74,,,2.03,14.03,43.54,,,,146.1,,2025,2,2,Winter,146.6,147.5
Mumbai,2025-02-27,61.56,152.87,,37.93,,,1.68,13.73,46.3,,,,146.4,,2025,2,3,Winter,146.1,145.2
Mumbai,2025-02-28,54.04,148.9,,46.21,,,1.33,14.35,42.9,,,,143.2,,2025,2,4,Winter,146.4,146.4
Mumbai,2025-03-01,45.6,127.57,,42.74,,,1.21,17.61,47.77,,,,139.3,,2025,3,5,Summer,143.2,145.2
Mumbai,2025-03-02,43.04,113.19,,39.74,,,1.24,14.82,45.92,,,,123.2,,2025,3,6,Summer,139.3,143.0
Mumbai,2025-03-03,39.87,101.7,,26.9,,,1.07,13.05,49.16,,,,114.0,,2025,3,0,Summer,123.2,135.2
Mumbai,2025-03-04,37.01,120.23,,24.3,,,1.08,9.63,54.84,,,,96.6,,2025,3,1,Summer,114.0,125.5
Mumbai,2025-03-05,34.81,123.44,,30.38,,,1.14,12.28,54.8,,,,87.2,,2025,3,2,Summer,96.6,111.3
Mumbai,2025-03-06,30.46,126.27,,27.05,,,1.16,12.31,51.75,,,,98.6,,2025,3,3,Summer,87.2,99.3
Mumbai,2025-03-07,27.61,119.53,,20.78,,,1.37,10.68,48.75,,,,107.0,,2025,3,4,Summer,98.6,94.1
Mumbai,2025-03-08,28.47,110.45,,16.84,,,1.3,9.72,49.89,,,,104.9,,2025,3,5,Summer,107.0,97.6
Mumbai,2025-03-09,30.65,93.49,,19.77,,,1.39,7.76,50.18,,,,81.6,,2025,3,6,Summer,104.9,103.5
Mumbai,2025-03-10,33.23,110.15,,23.36,,,1.35,7.45,52.77,,,,94.5,,2025,3,0,Summer,81.6,97.8
Mumbai,2025-03-11,33.9,107.12,,24.91,,,1.27,10.47,45.95,,,,89.5,,2025,3,1,Summer,94.5,93.7
Mumbai,2025-03-12,37.26,118.58,,22.96,,,0.95,10.25,45.53,,,,86.8,,2025,3,2,Summer,89.5,88.5
Mumbai,2025-03-13,35.75,128.31,,18.89,,,1.2,10.91,47.02,,,,94.1,,2025,3,3,Summer,86.8,90.3
Mumbai,2025-03-14,34.32,132.42,,19.88,,,1.39,10.89,49.68,,,,94.5,,2025,3,4,Summer,94.1,90.1
Mumbai,2025-03-15,34.4,131.83,,15.59,,,1.11,6.44,46.57,,,,112.2,,2025,3,5,Summer,94.5,91.8
Mumbai,2025-03-16,29.8,127.61,,7.95,,,1.04,8.02,57.2,,,,98.1,,2025,3,6,Summer,112.2,100.3
Mumbai,2025-03-17,30.37,104.13,,10.39,,,1.47,5.92,51.29,,,,94.7,,2025,3,0,Summer,98.1,101.6
Mumbai,2025-03-18,30.66,96.34,,16.68,,,1.52,8.82,42.49,,,,100.6,,2025,3,1,Summer,94.7,101.7
Mumbai,2025-03-19,34.1,100.04,,20.29,,,1.14,10.04,42.72,,,,92.5,,2025,3,2,Summer,100.6,97.8
Mumbai,2025-03-20,33.47,114.66,,15.22,,,1.02,9.53,39.44,,,,90.2,,2025,3,3,Summer,92.5,95.9
Mumbai,2025-03-21,33.01,119.31,,17.74,,,1.18,10.34,55.49,,,,98.2,,2025,3,4,Summer,90.2,94.4
Mumbai,2025-03-22,34.75,123.46,,23.02,,,1.01,11.25,52.68,,,,105.3,,2025,3,5,Summer,98.2,93.6
Mumbai,2025-03-23,35.25,108.25,,24.95,,,1.18,10.82,50.89,,,,103.2,,2025,3,6,Summer,105.3,97.9
Mumbai,2025-03-24,34.67,116.59,,28.78,,,1.27,7.16,49.49,,,,102.5,,2025,3,0,Summer,103.2,102.2
Mumbai,2025-03-25,26.35,121.12,,25.17,,,1.25,6.94,46.64,,,,91.1,,2025,3,1,Summer,102.5,103.7
Mumbai,2025-03-26,28.44,124.07,,21.59,,,1.25,8.8,52.48,,,,98.5,,2025,3,2,Summer,91.1,98.9
Mumbai,2025-03-27,31.99,117.28,,26.62,,,1.11,8.73,49.69,,,,95.5,,2025,3,3,Summer,98.5,97.4
Mumbai,2025-03-28,28.02,123.0,,15.17,,,0.92,8.17,49.27,,,,84.1,,2025,3,4,Summer,95.5,95.1
Mumbai,2025-03-29,30.05,122.86,,11.37,,,1.07,9.17,52.3,,,,82.9,,2025,3,5,Summer,84.1,92.7
Mumbai,2025-03-30,24.77,131.01,,11.27,,,1.18,8.5,42.13,,,,94.8,,2025,3,6,Summer,82.9,87.5
Mumbai,2025-03-31,29.88,110.99,,12.7,,,1.06,7.28,50.36,,,,108.1,,2025,3,0,Summer,94.8,87.3
Mumbai,2025-04-01,27.29,99.61,,14.68,,,1.12,9.03,38.61,,,,93.0,,2025,4,1,Summer,108.1,95.3
Mumbai,2025-04-02,25.25,85.49,,12.03,,,1.32,10.09,35.66,,,,86.3,,2025,4,2,Summer,93.0,98.6
Mumbai,2025-04-03,24.62,78.41,,8.55,,,1.2,10.44,31.41,,,,79.2,,2025,4,3,Summer,86.3,95.8
Mumbai,2025-04-04,23.31,73.76,,11.62,,,1.32,9.8,27.46,,,,90.6,,2025,4,4,Summer,79.2,86.2
Mumbai,2025-04-05,21.81,69.12,,11.19,,,1.32,10.6,25.14,,,,87.2,,2025,4,5,Summer,90.6,85.4
Mumbai,2025-04-06,21.65,68.26,,12.98,,,1.34,14.22,24.17,,,,80.2,,2025,4,6,Summer,87.2,85.7
Mumbai,2025-04-07,20.46,80.43,,14.92,,,1.26,15.96,19.93,,,,75.0,,2025,4,0,Summer,80.2,86.0
Mumbai,2025-04-08,20.98,74.03,,13.16,,,1.35,15.29,23.02,,,,73.0,,2025,4,1,Summer,75.0,80.8
Mumbai,2025-04-09,20.63,71.81,,14.08,,,1.35,15.9,22.25,,,,73.9,,2025,4,2,Summer,73.0,76.1
Mumbai,2025-04-10,21.49,70.23,,10.65,,,1.54,14.23,19.68,,,,80.2,,2025,4,3,Summer,73.9,74.0
Mumbai,2025-04-11,19.74,67.61,,11.4,,,1.4,18.12,20.44,,,,65.0,,2025,4,4,Summer,80.2,75.7
Mumbai,2025-04-12,20.37,64.99,,11.78,,,1.4,16.22,21.9,,,,55.2,,2025,4,5,Summer,65.0,73.0
Mumbai,2025-04-13,19.57,62.38,,12.95,,,1.31,17.34,18.0,,,,61.7,,2025,4,6,Summer,55.2,66.8
Mumbai,2025-04-14,18.89,62.75,,14.17,,,1.4,16.66,18.7,,,,51.9,,2025,4,0,Summer,61.7,60.6
Mumbai,2025-04-15,19.55,70.12,,15.91,,,1.53,16.54,22.04,,,,62.7,,2025,4,1,Summer,51.9,56.3
Mumbai,2025-04-16,19.06,74.1,,15.2,,,1.27,15.57,22.05,,,,59.3,,2025,4,2,Summer,62.7,58.7
Mumbai,2025-04-17,20.17,72.65,,15.68,,,1.17,16.7,21.12,,,,45.7,,2025,4,3,Summer,59.3,57.9
Mumbai,2025-04-18,21.52,72.77,,15.11,,,0.93,18.59,21.82,,,,45.9,,2025,4,4,Summer,45.7,55.9
Mumbai,2025-04-19,21.67,61.12,,16.49,,,0.81,18.61,21.66,,,,42.3,,2025,4,5,Summer,45.9,50.3
Mumbai,2025-04-20,21.53,66.39,,13.37,,,1.08,14.78,24.63,,,,53.2,,2025,4,6,Summer,42.3,44.6
Mumbai,2025-04-21,22.19,66.97,,14.4,,,1.07,15.81,26.23,,,,57.5,,2025,4,0,Summer,53.2,47.2
Mumbai,2025-04-22,22.35,68.07,,14.53,,,1.11,18.1,25.33,,,,60.4,,2025,4,1,Summer,57.5,51.0
Mumbai,2025-04-23,21.74,63.53,,18.24,,,1.34,19.3,22.71,,,,70.7,,2025,4,2,Summer,60.4,57.1
Mumbai,2025-04-24,23.8,70.91,,20.82,,,1.12,19.58,23.6,,,,59.8,,2025,4,3,Summer,70.7,62.9
Mumbai,2025-04-25,22.44,72.64,,19.24,,,0.81,19.14,23.09,,,,66.4,,2025,4,4,Summer,59.8,63.6
Mumbai,2025-04-26,22.37,73.85,,17.95,,,0.98,16.84,21.88,,,,73.6,,2025,4,5,Summer,66.4,65.6
Mumbai,2025-04-27,21.98,70.94,,14.84,,,1.1,18.14,25.04,,,,73.9,,2025,4,6,Summer,73.6,66.6
Mumbai,2025-04-28,22.53,65.16,,15.65,,,1.25,16.75,24.83,,,,75.7,,2025,4,0,Summer,73.9,71.3
Mumbai,2025-04-29,24.49,64.2,,17.58,,,1.55,17.71,25.3,,,,73.3,,2025,4,1,Summer,75.7,74.4
Mumbai,2025-04-30,24.42,70.83,,19.96,,,1.34,15.53,27.3,,,,53.8,,2025,4,2,Summer,73.3,74.3
Mumbai,2025-05-01,21.63,67.64,,17.45,,,1.31,19.25,25.47,,,,51.6,,2025,5,3,Summer,53.8,67.6
Mumbai,2025-05-02,20.25,70.66,,16.32,,,1.11,18.82,28.09,,,,58.9,,2025,5,4,Summer,51.6,59.6
Mumbai,2025-05-03,17.69,70.26,,17.67,,,1.11,18.32,21.61,,,,66.6,,2025,5,5,Summer,58.9,54.8
Mumbai,2025-05-04,17.44,63.22,,14.69,,,1.12,20.98,18.33,,,,69.5,,2025,5,6,Summer,66.6,59.0
Mumbai,2025-05-05,17.47,62.24,,15.85,,,0.82,15.83,28.49,,,,63.1,,2025,5,0,Summer,69.5,65.0
Mumbai,2025-05-06,16.7,54.6,,15.36,,,1.12,17.34,30.05,,,,55.1,,2025,5,1,Summer,63.1,66.4
Mumbai,2025-05-07,17.2,61.9,,16.15,,,1.14,18.83,26.28,,,,47.1,,2025,5,2,Summer,55.1,62.6
Mumbai,2025-05-08,15.62,63.06,,16.04,,,1.19,20.59,32.01,,,,49.9,,2025,5,3,Summer,47.1,55.1
Mumbai,2025-05-09,16.93,56.82,,15.09,,,1.15,16.87,36.61,,,,51.0,,2025,5,4,Summer,49.9,50.7
Mumbai,2025-05-10,17.25,57.49,,13.28,,,1.26,16.66,36.28,,,,46.3,,2025,5,5,Summer,51.0,49.3
Mumbai,2025-05-11,14.95,57.59,,12.09,,,0.94,16.54,37.69,,,,47.8,,2025,5,6,Summer,46.3,49.1
Mumbai,2025-05-12,15.64,54.11,,12.18,,,0.89,17.48,33.08,,,,59.2,,2025,5,0,Summer,47.8,48.3
Mumbai,2025-05-13,13.95,56.94,,11.43,,,0.92,20.11,25.91,,,,54.3,,2025,5,1,Summer,59.2,51.1
Mumbai,2025-05-14,15.34,71.78,,8.86,,,1.16,17.61,18.94,,,,58.5,,2025,5,2,Summer,54.3,53.8
Mumbai,2025-05-15,15.25,64.3,,10.25,,,1.28,17.42,28.63,,,,61.7,,2025,5,3,Summer,58.5,57.3
Mumbai,2025-05-16,15.49,63.94,,12.69,,,1.26,19.52,35.93,,,,55.1,,2025,5,4,Summer,61.7,58.2
Mumbai,2025-05-17,16.81,64.27,,11.66,,,1.2,19.08,31.53,,,,55.0,,2025,5,5,Summer,55.1,58.4
Mumbai,2025-05-18,14.51,57.51,,11.58,,,0.99,17.46,34.71,,,,52.9,,2025,5,6,Summer,55.0,57.2
Mumbai,2025-05-19,17.86,59.35,,13.92,,,0.91,17.53,33.54,,,,63.4,,2025,5,0,Summer,52.9,54.3
Mumbai,2025-05-20,17.36,61.67,,14.21,,,0.95,17.76,26.46,,,,60.2,,2025,5,1,Summer,63.4,57.1
Mumbai,2025-05-21,17.92,62.42,,14.28,,,1.02,19.28,26.93,,,,64.5,,2025,5,2,Summer,60.2,58.8
Mumbai,2025-05-22,17.66,60.24,,14.78,,,0.99,19.0,27.95,,,,61.7,,2025,5,3,Summer,64.5,62.7
Mumbai,2025-05-23,16.03,61.67,,17.27,,,0.93,17.25,41.76,,,,52.6,,2025,5,4,Summer,61.7,62.1
Mumbai,2025-05-24,17.33,58.12,,15.7,,,1.01,17.0,28.12,,,,54.0,,2025,5,5,Summer,52.6,59.6
Mumbai,2025-05-25,16.18,47.62,,16.35,,,1.32,13.56,30.26,,,,38.7,,2025,5,6,Summer,54.0,56.1
Mumbai,2025-05-26,17.96,48.04,,14.27,,,1.1,12.35,25.59,,,,47.0,,2025,5,0,Summer,38.7,48.4
Mumbai,2025-05-27,18.92,45.86,,14.46,,,1.12,11.5,37.13,,,,30.5,,2025,5,1,Summer,47.0,46.6
Mumbai,2025-05-28,16.95,54.31,,15.49,,,1.32,12.44,29.71,,,,51.2,,2025,5,2,Summer,30.5,38.7
Mumbai,2025-05-29,17.43,62.52,,15.41,,,1.33,15.7,34.71,,,,53.0,,2025,5,3,Summer,51.2,42.9
Mumbai,2025-05-30,16.12,61.09,,13.72,,,1.49,15.74,35.35,,,,58.4,,2025,5,4,Summer,53.0,44.9
Mumbai,2025-05-31,17.14,61.99,,16.24,,,1.15,12.75,28.35,,,,46.3,,2025,5,5,Summer,58.4,54.2
Mumbai,2025-06-01,16.14,55.64,,17.31,,,0.94,14.37,27.25,,,,33.2,,2025,6,6,Monsoon,46.3,52.6
Mumbai,2025-06-02,15.95,52.39,,15.1,,,0.8,14.06,22.66,,,,44.2,,2025,6,0,Monsoon,33.2,46.0
Mumbai,2025-06-03,17.09,52.5,,14.2,,,0.74,13.12,21.92,,,,38.4,,2025,6,1,Monsoon,44.2,41.3
Mumbai,2025-06-04,17.85,48.83,,14.99,,,0.67,11.33,24.86,,,,47.6,,2025,6,2,Monsoon,38.4,38.6
Mumbai,2025-06-05,15.17,49.09,,15.0,,,0.74,11.27,19.05,,,,38.8,,2025,6,3,Monsoon,47.6,43.4
Mumbai,2025-06-06,15.97,47.83,,14.73,,,0.81,12.08,22.13,,,,46.9,,2025,6,4,Monsoon,38.8,41.6
Mumbai,2025-06-07,15.4,43.55,,13.43,,,0.73,10.8,19.72,,,,56.6,,2025,6,5,Monsoon,46.9,44.4
Mumbai,2025-06-08,13.38,48.26,,12.92,,,0.76,11.33,15.6,,,,44.9,,2025,6,6,Monsoon,56.6,47.4
Mumbai,2025-06-09,12.21,45.14,,12.24,,,0.7,14.51,10.51,,,,40.5,,2025,6,0,Monsoon,44.9,49.5
Mumbai,2025-06-10,14.34,53.67,,12.58,,,0.72,13.64,16.03,,,,34.6,,2025,6,1,Monsoon,40.5,47.4
Mumbai,2025-06-11,14.24,50.39,,13.11,,,0.63,13.67,19.38,,,,38.6,,2025,6,2,Monsoon,34.6,40.0
Mumbai,2025-06-12,14.45,42.83,,14.14,,,0.86,12.41,16.76,,,,44.6,,2025,6,3,Monsoon,38.6,37.9
Mumbai,2025-06-13,11.97,31.73,,13.44,,,0.91,9.49,18.72,,,,49.4,,2025,6,4,Monsoon,44.6,39.3
Mumbai,2025-06-14,12.39,36.4,,12.92,,,0.79,9.41,15.62,,,,45.9,,2025,6,5,Monsoon,49.4,44.2
Mumbai,2025-06-15,12.46,37.64,,16.13,,,0.8,10.11,17.24,,,,50.3,,2025,6,6,Monsoon,45.9,46.6
Mumbai,2025-06-16,13.7,38.8,,17.99,,,0.76,10.23,22.0,,,,37.6,,2025,6,0,Monsoon,50.3,48.5
Mumbai,2025-06-17,15.24,38.46,,17.73,,,0.75,13.25,19.03,,,,33.3,,2025,6,1,Monsoon,37.6,44.6
Mumbai,2025-06-18,15.15,45.43,,16.77,,,0.8,14.51,22.93,,,,34.7,,2025,6,2,Monsoon,33.3,40.4
Mumbai,2025-06-19,15.34,45.45,,15.29,,,0.9,16.09,26.61,,,,31.1,,2025,6,3,Monsoon,34.7,35.2
Mumbai,2025-06-20,15.73,51.05,,16.54,,,0.85,13.08,24.59,,,,49.8,,2025,6,4,Monsoon,31.1,33.0
Mumbai,2025-06-21,11.96,42.18,,16.89,,,0.65,12.39,28.03,,,,33.6,,2025,6,5,Monsoon,49.8,38.5
Mumbai,2025-06-22,14.05,33.71,,13.82,,,0.57,13.01,26.34,,,,46.7,,2025,6,6,Monsoon,33.6,38.1
Mumbai,2025-06-23,14.18,46.24,,14.24,,,0.37,15.02,27.02,,,,48.5,,2025,6,0,Monsoon,46.7,43.3
Mumbai,2025-06-24,13.97,55.78,,13.57,,,0.6,12.23,20.96,,,,49.8,,2025,6,1,Monsoon,48.5,42.9
Mumbai,2025-06-25,16.23,54.64,,13.42,,,0.8,12.43,17.65,,,,55.8,,2025,6,2,Monsoon,49.8,48.3
Mumbai,2025-06-26,18.89,54.14,,13.34,,,0.73,12.86,17.31,,,,53.9,,2025,6,3,Monsoon,55.8,51.4
Mumbai,2025-06-27,18.5,59.42,,11.31,,,0.93,9.5,19.32,,,,54.6,,2025,6,4,Monsoon,53.9,53.2
Mumbai,2025-06-28,17.57,52.14,,14.11,,,0.8,11.6,18.69,,,,50.4,,2025,6,5,Monsoon,54.6,54.7
Mumbai,2025-06-29,15.17,57.28,,13.81,,,0.81,10.3,23.96,,,,59.3,,2025,6,6,Monsoon,50.4,53.0
Mumbai,2025-06-30,14.05,47.16,,15.49,,,0.84,9.14,21.67,,,,63.1,,2025,6,0,Monsoon,59.3,54.8
Mumbai,2025-07-01,12.66,46.03,,15.92,,,0.96,10.35,21.64,,,,57.2,,2025,7,1,Monsoon,63.1,57.6
Mumbai,2025-07-02,14.64,42.85,,14.51,,,0.65,9.76,22.22,,,,61.2,,2025,7,2,Monsoon,57.2,59.9
Mumbai,2025-07-03,15.26,48.23,,14.68,,,0.87,10.26,23.74,,,,49.4,,2025,7,3,Monsoon,61.2,60.5
Mumbai,2025-07-04,16.42,55.33,,15.43,,,0.89,10.81,19.83,,,,37.0,,2025,7,4,Monsoon,49.4,55.9
Mumbai,2025-07-05,16.32,48.55,,13.2,,,0.79,9.23,19.74,,,,43.3,,2025,7,5,Monsoon,37.0,49.2
Mumbai,2025-07-06,16.36,47.15,,13.44,,,0.82,10.13,18.14,,,,45.4,,2025,7,6,Monsoon,43.3,43.2
Mumbai,2025-07-07,12.87,49.41,,13.19,,,0.73,11.47,18.77,,,,41.6,,2025,7,0,Monsoon,45.4,41.9
Mumbai,2025-07-08,12.57,52.48,,13.26,,,0.57,12.57,20.01,,,,43.2,,2025,7,1,Monsoon,41.6,43.4
Mumbai,2025-07-09,13.08,54.15,,14.9,,,0.75,12.23,19.88,,,,37.1,,2025,7,2,Monsoon,43.2,43.4
Mumbai,2025-07-10,13.35,58.86,,14.37,,,0.83,11.12,20.26,,,,37.3,,2025,7,3,Monsoon,37.1,40.6
Mumbai,2025-07-11,13.33,56.25,,14.51,,,0.79,11.54,21.09,,,,38.4,,2025,7,4,Monsoon,37.3,39.2
Mumbai,2025-07-12,15.53,60.99,,13.2,,,0.87,10.26,20.37,,,,49.4,,2025,7,5,Monsoon,38.4,37.6
Mumbai,2025-07-13,13.77,56.34,,12.93,,,0.71,10.44,19.33,,,,39.9,,2025,7,6,Monsoon,49.4,41.7
Mumbai,2025-07-14,13.21,54.97,,14.13,,,0.82,11.06,16.97,,,,53.8,,2025,7,0,Monsoon,39.9,42.5
Mumbai,2025-07-15,12.67,52.06,,14.65,,,0.85,10.85,18.71,,,,44.9,,2025,7,1,Monsoon,53.8,47.7
Mumbai,2025-07-16,12.96,51.94,,15.76,,,0.79,10.63,17.3,,,,38.4,,2025,7,2,Monsoon,44.9,46.2
Mumbai,2025-07-17,11.54,49.53,,17.2,,,0.92,11.25,16.51,,,,25.3,,2025,7,3,Monsoon,38.4,45.7
Mumbai,2025-07-18,12.91,58.83,,15.79,,,0.74,11.26,17.57,,,,35.3,,2025,7,4,Monsoon,25.3,36.2
Mumbai,2025-07-19,10.08,51.09,,13.74,,,0.67,9.85,18.49,,,,34.5,,2025,7,5,Monsoon,35.3,33.0
Mumbai,2025-07-20,12.71,48.93,,14.04,,,0.85,10.3,17.11,,,,41.9,,2025,7,6,Monsoon,34.5,31.7
Mumbai,2025-07-21,11.93,57.88,,13.1,,,0.98,10.84,15.99,,,,50.7,,2025,7,0,Monsoon,41.9,37.3
Mumbai,2025-07-22,11.36,66.28,,11.53,,,0.82,9.92,15.43,,,,58.5,,2025,7,1,Monsoon,50.7,42.4
Mumbai,2025-07-23,14.84,66.75,,12.92,,,0.76,10.34,17.45,,,,57.4,,2025,7,2,Monsoon,58.5,50.4
Mumbai,2025-07-24,14.88,59.0,,12.19,,,0.78,10.62,17.18,,,,49.6,,2025,7,3,Monsoon,57.4,55.5
Mumbai,2025-07-25,15.41,59.04,,15.2,,,0.68,11.7,17.65,,,,40.1,,2025,7,4,Monsoon,49.6,55.2
Mumbai,2025-07-26,12.06,64.97,,16.3,,,0.82,10.76,19.97,,,,32.1,,2025,7,5,Monsoon,40.1,49.0
Mumbai,2025-07-27,13.59,57.4,,15.77,,,0.95,12.56,19.02,,,,51.3,,2025,7,6,Monsoon,32.1,40.6
Mumbai,2025-07-28,11.16,58.21,,16.0,,,0.85,12.51,19.77,,,,58.6,,2025,7,0,Monsoon,51.3,41.1
Mumbai,2025-07-29,9.03,55.25,,14.53,,,0.97,12.46,18.66,,,,46.3,,2025,7,1,Monsoon,58.6,47.3
Mumbai,2025-07-30,11.0,49.77,,14.34,,,0.97,11.76,19.43,,,,47.0,,2025,7,2,Monsoon,46.3,52.1
Mumbai,2025-07-31,14.38,52.26,,14.01,,,0.85,11.33,17.78,,,,35.9,,2025,7,3,Monsoon,47.0,50.6
Mumbai,2025-08-01,18.39,51.07,,15.85,,,0.84,11.03,24.97,,,,41.3,,2025,8,4,Monsoon,35.9,43.1
Mumbai,2025-08-02,15.25,49.26,,17.77,,,0.9,11.11,23.46,,,,31.4,,2025,8,5,Monsoon,41.3,41.4
Mumbai,2025-08-03,16.86,50.91,,17.73,,,0.8,9.77,19.72,,,,40.3,,2025,8,6,Monsoon,31.4,36.2
Mumbai,2025-08-04,18.21,52.52,,19.71,,,0.85,11.35,24.34,,,,38.8,,2025,8,0,Monsoon,40.3,37.7
Mumbai,2025-08-05,16.13,57.21,,16.93,,,1.0,11.79,27.27,,,,43.2,,2025,8,1,Monsoon,38.8,36.8
Mumbai,2025-08-06,13.19,57.34,,19.28,,,1.03,11.42,28.04,,,,48.9,,2025,8,2,Monsoon,43.2,40.8
Mumbai,2025-08-07,13.91,51.82,,17.64,,,1.02,10.99,27.04,,,,56.7,,2025,8,3,Monsoon,48.9,43.6
Mumbai,2025-08-08,15.91,51.52,,15.71,,,0.97,10.58,24.99,,,,43.9,,2025,8,4,Monsoon,56.7,49.6
Mumbai,2025-08-09,18.57,52.03,,16.39,,,0.81,9.84,23.77,,,,28.9,,2025,8,5,Monsoon,43.9,49.8
Mumbai,2025-08-10,19.72,49.4,,15.62,,,0.78,10.29,19.02,,,,47.1,,2025,8,6,Monsoon,28.9,43.2
Mumbai,2025-08-11,15.04,43.96,,18.14,,,0.91,9.49,22.72,,,,46.4,,2025,8,0,Monsoon,47.1,40.0
Mumbai,2025-08-12,14.46,45.31,,17.01,,,0.99,9.41,20.72,,,,48.2,,2025,8,1,Monsoon,46.4,40.8
Mumbai,2025-08-13,18.12,45.99,,17.94,,,0.93,9.34,20.54,,,,39.9,,2025,8,2,Monsoon,48.2,47.2
Mumbai,2025-08-14,18.32,45.28,,19.76,,,0.78,9.15,21.24,,,,37.3,,2025,8,3,Monsoon,39.9,44.8
Mumbai,2025-08-15,18.97,49.31,,15.29,,,0.78,10.57,23.63,,,,57.7,,2025,8,4,Monsoon,37.3,41.8
Mumbai,2025-08-16,21.27,50.79,,12.47,,,0.88,9.44,21.95,,,,51.6,,2025,8,5,Monsoon,57.7,45.0
Mumbai,2025-08-17,16.55,52.57,,16.19,,,0.8,10.85,24.97,,,,49.1,,2025,8,6,Monsoon,51.6,48.9
Mumbai,2025-08-18,19.15,53.74,,14.75,,,0.83,11.92,23.72,,,,50.2,,2025,8,0,Monsoon,49.1,52.8
Mumbai,2025-08-19,16.71,55.95,,15.2,,,1.04,11.05,20.33,,,,53.1,,2025,8,1,Monsoon,50.2,50.3
Mumbai,2025-08-20,17.15,52.41,,15.18,,,1.16,10.07,21.04,,,,49.3,,2025,8,2,Monsoon,53.1,50.8
Mumbai,2025-08-21,22.27,50.8,,18.78,,,0.87,10.88,21.09,,,,51.3,,2025,8,3,Monsoon,49.3,50.9
Mumbai,2025-08-22,20.71,52.73,,16.91,,,0.83,10.43,30.31,,,,42.5,,2025,8,4,Monsoon,51.3,51.2
Mumbai,2025-08-23,17.88,52.39,,13.32,,,0.7,10.68,23.59,,,,35.3,,2025,8,5,Monsoon,42.5,47.7
Mumbai,2025-08-24,13.07,56.46,,15.38,,,0.8,11.21,22.84,,,,41.3,,2025,8,6,Monsoon,35.3,43.1
Mumbai,2025-08-25,17.24,61.94,,13.26,,,0.7,13.05,21.9,,,,47.7,,2025,8,0,Monsoon,41.3,39.7
Mumbai,2025-08-26,17.77,66.63,,16.91,,,0.84,12.68,24.47,,,,47.2,,2025,8,1,Monsoon,47.7,41.4
Mumbai,2025-08-27,18.94,63.13,,15.17,,,0.84,13.07,20.38,,,,43.3,,2025,8,2,Monsoon,47.2,45.4
Mumbai,2025-08-28,19.82,64.24,,16.98,,,0.77,12.75,22.49,,,,46.5,,2025,8,3,Monsoon,43.3,46.1
Mumbai,2025-08-29,18.53,60.95,,15.62,,,0.7,12.73,18.38,,,,43.6,,2025,8,4,Monsoon,46.5,45.7
Mumbai,2025-08-30,19.96,58.81,,11.78,,,0.72,12.3,18.47,,,,45.4,,2025,8,5,Monsoon,43.6,44.5
Mumbai,2025-08-31,15.21,56.84,,10.42,,,0.71,11.31,23.2,,,,48.0,,2025,8,6,Monsoon,45.4,45.1
Mumbai,2025-09-01,19.0,49.01,,13.66,,,0.99,12.18,18.96,,,,39.7,,2025,9,0,Monsoon,48.0,45.6
Mumbai,2025-09-02,20.93,60.97,,16.5,,,0.86,11.44,21.42,,,,48.6,,2025,9,1,Monsoon,39.7,44.4
Mumbai,2025-09-03,20.24,52.4,,19.89,,,0.99,11.56,15.2,,,,57.7,,2025,9,2,Monsoon,48.6,45.5
Mumbai,2025-09-04,18.55,61.56,,21.17,,,1.03,10.79,25.22,,,,52.0,,2025,9,3,Monsoon,57.7,48.7
Mumbai,2025-09-05,23.72,61.68,,23.37,,,1.02,11.54,32.47,,,,59.2,,2025,9,4,Monsoon,52.0,52.8
Mumbai,2025-09-06,21.43,60.45,,20.65,,,1.15,11.64,28.31,,,,50.3,,2025,9,5,Monsoon,59.2,56.3
Mumbai,2025-09-07,17.99,57.52,,18.42,,,0.92,10.48,31.08,,,,49.7,,2025,9,6,Monsoon,50.3,53.8
Mumbai,2025-09-08,19.07,50.84,,17.97,,,0.92,10.73,21.95,,,,56.9,,2025,9,0,Monsoon,49.7,53.0
Mumbai,2025-09-09,19.58,53.6,,20.49,,,0.88,12.04,25.3,,,,58.2,,2025,9,1,Monsoon,56.9,52.3
Mumbai,2025-09-10,20.8,60.61,,21.91,,,1.11,12.81,25.11,,,,57.2,,2025,9,2,Monsoon,58.2,54.9
Mumbai,2025-09-11,22.94,57.64,,22.23,,,0.78,12.28,27.32,,,,42.7,,2025,9,3,Monsoon,57.2,57.4
Mumbai,2025-09-12,20.26,61.78,,23.11,,,0.6,13.32,27.52,,,,45.8,,2025,9,4,Monsoon,42.7,52.7
Mumbai,2025-09-13,22.46,66.91,,19.08,,,0.83,12.72,24.37,,,,65.5,,2025,9,5,Monsoon,45.8,48.5
Mumbai,2025-09-14,20.17,59.44,,16.9,,,0.47,12.44,22.69,,,,70.9,,2025,9,6,Monsoon,65.5,51.3
Mumbai,2025-09-15,16.6,48.13,,20.17,,,0.49,13.48,30.4,,,,63.3,,2025,9,0,Monsoon,70.9,60.7
Mumbai,2025-09-16,20.82,45.8,,23.0,,,0.64,12.95,30.28,,,,51.3,,2025,9,1,Monsoon,63.3,66.6
Mumbai,2025-09-17,16.69,49.9,,21.44,,,0.94,12.22,38.04,,,,41.4,,2025,9,2,Monsoon,51.3,61.8
Mumbai,2025-09-18,18.6,49.34,,25.33,,,1.09,12.73,38.12,,,,43.7,,2025,9,3,Monsoon,41.4,52.0
Mumbai,2025-09-19,18.82,60.63,,25.02,,,0.97,12.01,31.73,,,,57.3,,2025,9,4,Monsoon,43.7,45.5
Mumbai,2025-09-20,22.82,70.26,,21.45,,,0.91,11.97,27.74,,,,67.1,,2025,9,5,Monsoon,57.3,47.5
Mumbai,2025-09-21,21.36,71.45,,19.49,,,0.87,12.42,18.36,,,,57.8,,2025,9,6,Monsoon,67.1,56.0
Mumbai,2025-09-22,21.44,77.44,,18.89,,,0.99,12.34,18.03,,,,58.7,,2025,9,0,Monsoon,57.8,60.7
Mumbai,2025-09-23,21.35,67.01,,16.01,,,1.08,11.91,22.91,,,,70.0,,2025,9,1,Monsoon,58.7,61.2
Mumbai,2025-09-24,24.47,57.41,,16.1,,,1.04,11.59,20.89,,,,61.3,,2025,9,2,Monsoon,70.0,62.2
Mumbai,2025-09-25,20.79,61.41,,15.77,,,1.11,11.15,25.09,,,,57.1,,2025,9,3,Monsoon,61.3,63.3
Mumbai,2025-09-26,23.07,64.09,,20.91,,,1.31,12.23,25.11,,,,68.5,,2025,9,4,Monsoon,57.1,62.8
Mumbai,2025-09-27,25.44,58.57,,18.82,,,1.24,11.59,19.47,,,,58.6,,2025,9,5,Monsoon,68.5,62.3
Mumbai,2025-09-28,26.39,59.9,,14.33,,,1.42,10.53,25.36,,,,52.0,,2025,9,6,Monsoon,58.6,61.4
Mumbai,2025-09-29,20.39,50.67,,17.36,,,1.54,12.81,18.57,,,,47.1,,2025,9,0,Monsoon,52.0,59.7
Mumbai,2025-09-30,18.19,53.09,,15.87,,,1.24,12.3,22.76,,,,43.3,,2025,9,1,Monsoon,47.1,52.6
Mumbai,2025-10-01,24.68,74.25,,22.43,,,1.39,15.51,25.58,,,,63.2,,2025,10,2,Post-Monsoon,43.3,47.5
Mumbai,2025-10-02,34.04,91.49,,21.22,,,1.46,16.6,23.42,,,,65.5,,2025,10,3,Post-Monsoon,63.2,51.2
Mumbai,2025-10-03,38.17,70.69,,22.91,,,1.34,15.26,24.18,,,,52.9,,2025,10,4,Post-Monsoon,65.5,57.3
Mumbai,2025-10-04,41.29,58.0,,23.76,,,1.65,13.77,26.15,,,,39.5,,2025,10,5,Post-Monsoon,52.9,60.5
Mumbai,2025-10-05,41.64,59.52,,25.69,,,1.76,14.41,28.25,,,,55.3,,2025,10,6,Post-Monsoon,39.5,52.6
Mumbai,2025-10-06,41.31,68.04,,27.84,,,1.65,13.21,26.77,,,,64.7,,2025,10,0,Post-Monsoon,55.3,49.2
Mumbai,2025-10-07,37.79,75.29,,27.49,,,1.5,15.41,26.63,,,,55.1,,2025,10,1,Post-Monsoon,64.7,53.2
Mumbai,2025-10-08,35.38,87.75,,27.25,,,1.75,15.26,20.24,,,,83.2,,2025,10,2,Post-Monsoon,55.1,58.4
Mumbai,2025-10-09,41.03,88.88,,27.7,,,1.69,14.37,35.04,,,,76.8,,2025,10,3,Post-Monsoon,83.2,67.7
Mumbai,2025-10-10,39.99,85.55,,26.32,,,1.44,14.09,32.69,,,,77.3,,2025,10,4,Post-Monsoon,76.8,71.7
Mumbai,2025-10-11,37.62,66.04,,25.43,,,1.7,13.89,31.7,,,,77.6,,2025,10,5,Post-Monsoon,77.3,79.1
Mumbai,2025-10-12,36.01,87.3,,23.5,,,1.7,14.36,34.37,,,,95.3,,2025,10,6,Post-Monsoon,77.6,77.2
Mumbai,2025-10-13,35.55,104.99,,26.56,,,1.89,14.58,32.84,,,,95.2,,2025,10,0,Post-Monsoon,95.3,83.4
Mumbai,2025-10-14,37.19,91.15,,27.89,,,1.72,15.33,41.3,,,,86.4,,2025,10,1,Post-Monsoon,95.2,89.4
Mumbai,2025-10-15,32.5,112.11,,29.17,,,1.58,15.85,39.77,,,,82.1,,2025,10,2,Post-Monsoon,86.4,92.3
Mumbai,2025-10-16,34.47,99.26,,28.73,,,1.37,16.51,40.66,,,,86.6,,2025,10,3,Post-Monsoon,82.1,87.9
Mumbai,2025-10-17,38.79,97.15,,29.2,,,1.14,15.16,30.44,,,,82.9,,2025,10,4,Post-Monsoon,86.6,85.0
Mumbai,2025-10-18,32.8,109.9,,27.42,,,1.33,15.64,30.14,,,,117.6,,2025,10,5,Post-Monsoon,82.9,83.9
Mumbai,2025-10-19,44.06,116.68,,24.86,,,1.06,16.51,36.84,,,,92.1,,2025,10,6,Post-Monsoon,117.6,95.7
Mumbai,2025-10-20,41.68,122.17,,26.14,,,1.23,14.31,37.08,,,,100.9,,2025,10,0,Post-Monsoon,92.1,97.5
Mumbai,2025-10-21,39.83,122.39,,28.26,,,1.54,14.33,34.55,,,,100.7,,2025,10,1,Post-Monsoon,100.9,103.5
Mumbai,2025-10-22,44.52,126.93,,26.64,,,1.78,13.67,33.17,,,,106.1,,2025,10,2,Post-Monsoon,100.7,97.9
Mumbai,2025-10-23,42.19,129.88,,30.28,,,2.04,14.16,30.03,,,,108.2,,2025,10,3,Post-Monsoon,106.1,102.6
Mumbai,2025-10-24,43.77,111.63,,30.13,,,1.59,13.83,22.1,,,,102.5,,2025,10,4,Post-Monsoon,108.2,105.0
Mumbai,2025-10-25,42.82,91.84,,28.47,,,1.48,13.96,20.1,,,,96.5,,2025,10,5,Post-Monsoon,102.5,105.6
Mumbai,2025-10-26,40.33,101.08,,24.89,,,1.23,13.98,22.21,,,,85.5,,2025,10,6,Post-Monsoon,96.5,102.4
Mumbai,2025-10-27,37.25,100.58,,24.54,,,1.49,15.89,29.65,,,,93.8,,2025,10,0,Post-Monsoon,85.5,94.8
Mumbai,2025-10-28,38.75,112.6,,24.78,,,1.33,17.84,24.9,,,,85.7,,2025,10,1,Post-Monsoon,93.8,91.9
Mumbai,2025-10-29,35.21,92.74,,25.8,,,1.38,17.73,20.54,,,,81.0,,2025,10,2,Post-Monsoon,85.7,88.3
Mumbai,2025-10-30,39.79,91.97,,24.74,,,1.34,15.06,21.09,,,,81.0,,2025,10,3,Post-Monsoon,81.0,86.8
Mumbai,2025-10-31,41.56,92.03,,25.72,,,1.19,15.5,34.28,,,,75.8,,2025,10,4,Post-Monsoon,81.0,82.6
Mumbai,2025-11-01,49.83,90.2,,30.58,,,1.66,16.03,34.34,,,,88.4,,2025,11,5,Post-Monsoon,75.8,79.3
Mumbai,2025-11-02,53.8,124.9,,28.9,,,1.06,16.95,35.18,,,,106.1,,2025,11,6,Post-Monsoon,88.4,81.7
Mumbai,2025-11-03,65.24,137.9,,32.8,,,1.8,18.15,37.48,,,,121.0,,2025,11,0,Post-Monsoon,106.1,90.1
Mumbai,2025-11-04,61.07,150.34,,38.4,,,1.92,16.97,42.43,,,,132.7,,2025,11,1,Post-Monsoon,121.0,105.2
Mumbai,2025-11-05,60.76,160.33,,37.33,,,1.86,17.25,47.25,,,,129.6,,2025,11,2,Post-Monsoon,132.7,119.9
Mumbai,2025-11-06,62.31,146.16,,39.3,,,1.53,18.09,50.81,,,,133.8,,2025,11,3,Post-Monsoon,129.6,127.8
Mumbai,2025-11-07,56.51,138.76,,44.13,,,1.38,18.67,43.68,,,,135.2,,2025,11,4,Post-Monsoon,133.8,132.0
Mumbai,2025-11-08,60.96,138.57,,41.52,,,1.37,19.23,37.58,,,,143.7,,2025,11,5,Post-Monsoon,135.2,132.9
Mumbai,2025-11-09,62.27,124.67,,40.91,,,1.36,18.25,38.63,,,,123.7,,2025,11,6,Post-Monsoon,143.7,137.6
Mumbai,2025-11-10,67.2,128.81,,37.23,,,1.34,17.68,25.6,,,,119.3,,2025,11,0,Post-Monsoon,123.7,134.2
Mumbai,2025-11-11,71.42,130.29,,40.77,,,1.36,17.71,27.54,,,,108.2,,2025,11,1,Post-Monsoon,119.3,128.9
Mumbai,2025-11-12,73.48,141.31,,40.55,,,1.57,14.27,28.0,,,,117.0,,2025,11,2,Post-Monsoon,108.2,117.1
Mumbai,2025-11-13,59.54,140.81,,40.78,,,1.95,11.38,30.97,,,,118.8,,2025,11,3,Post-Monsoon,117.0,114.8
Mumbai,2025-11-14,63.33,138.77,,42.2,,,1.82,11.65,25.6,,,,119.3,,2025,11,4,Post-Monsoon,118.8,114.7
Mumbai,2025-11-15,69.73,116.14,,40.11,,,1.73,9.66,31.92,,,,116.5,,2025,11,5,Post-Monsoon,119.3,118.4
Mumbai,2025-11-16,61.22,93.77,,36.47,,,1.85,14.13,33.45,,,,107.9,,2025,11,6,Post-Monsoon,116.5,118.2
Mumbai,2025-11-17,54.75,124.3,,36.63,,,1.51,16.14,35.19,,,,119.5,,2025,11,0,Post-Monsoon,107.9,114.6
Mumbai,2025-11-18,51.05,137.64,,35.8,,,1.56,15.16,41.62,,,,118.9,,2025,11,1,Post-Monsoon,119.5,114.6
Mumbai,2025-11-19,58.33,151.06,,36.06,,,1.53,13.46,47.19,,,,119.2,,2025,11,2,Post-Monsoon,118.9,115.4
Mumbai,2025-11-20,65.52,142.89,,42.69,,,1.8,18.78,37.36,,,,103.7,,2025,11,3,Post-Monsoon,119.2,119.2
Mumbai,2025-11-21,64.29,151.62,,43.79,,,1.44,17.18,42.84,,,,131.7,,2025,11,4,Post-Monsoon,103.7,113.9
Mumbai,2025-11-22,57.26,152.48,,48.7,,,1.44,16.55,43.55,,,,131.6,,2025,11,5,Post-Monsoon,131.7,118.2
Mumbai,2025-11-23,65.12,138.29,,45.16,,,1.43,14.01,36.79,,,,131.5,,2025,11,6,Post-Monsoon,131.6,122.4
Mumbai,2025-11-24,53.35,149.5,,41.88,,,1.8,18.35,40.65,,,,120.4,,2025,11,0,Post-Monsoon,131.5,131.6
Mumbai,2025-11-25,52.12,134.27,,40.01,,,1.73,20.82,37.66,,,,114.6,,2025,11,1,Post-Monsoon,120.4,127.9
Mumbai,2025-11-26,51.91,141.52,,36.6,,,1.8,19.91,30.76,,,,108.4,,2025,11,2,Post-Monsoon,114.6,122.2
Mumbai,2025-11-27,54.77,157.14,,41.63,,,2.05,18.11,32.79,,,,119.0,,2025,11,3,Post-Monsoon,108.4,114.5
Mumbai,2025-11-28,57.5,160.07,,40.26,,,1.66,17.3,37.2,,,,136.5,,2025,11,4,Post-Monsoon,119.0,114.0
Mumbai,2025-11-29,63.15,131.66,,38.77,,,1.67,19.08,37.46,,,,129.4,,2025,11,5,Post-Monsoon,136.5,121.3
Mumbai,2025-11-30,64.02,133.04,,37.31,,,1.37,19.61,43.57,,,,118.3,,2025,11,6,Post-Monsoon,129.4,128.3
Mumbai,2025-12-01,69.87,140.73,,39.35,,,1.58,20.77,42.61,,,,135.6,,2025,12,0,Winter,118.3,128.1
Mumbai,2025-12-02,75.67,141.34,,34.34,,,1.81,19.53,44.09,,,,144.9,,2025,12,1,Winter,135.6,127.8
Mumbai,2025-12-03,72.17,146.45,,38.78,,,1.86,18.93,48.27,,,,154.4,,2025,12,2,Winter,144.9,132.9
Mumbai,2025-12-04,80.33,155.16,,40.78,,,1.88,18.52,46.27,,,,141.2,,2025,12,3,Winter,154.4,145.0
Mumbai,2025-12-05,75.83,162.18,,42.42,,,1.78,17.94,41.74,,,,141.7,,2025,12,4,Winter,141.2,146.8
Mumbai,2025-12-06,70.86,151.63,,39.26,,,1.78,16.89,43.97,,,,128.5,,2025,12,5,Winter,141.7,145.8
Mumbai,2025-12-07,77.14,151.52,,36.97,,,1.39,15.72,36.8,,,,145.4,,2025,12,6,Winter,128.5,137.1
Mumbai,2025-12-08,72.66,157.55,,40.42,,,1.53,16.1,31.84,,,,154.5,,2025,12,0,Winter,145.4,138.5
Mumbai,2025-12-09,72.52,154.33,,44.73,,,1.6,15.17,34.65,,,,153.9,,2025,12,1,Winter,154.5,142.8
Mumbai,2025-12-10,71.89,148.64,,47.15,,,1.32,15.29,37.62,,,,141.6,,2025,12,2,Winter,153.9,151.3
Mumbai,2025-12-11,74.06,146.14,,43.15,,,1.56,17.68,38.9,,,,141.1,,2025,12,3,Winter,141.6,150.0
Mumbai,2025-12-12,77.61,150.3,,40.55,,,1.74,17.82,41.63,,,,139.2,,2025,12,4,Winter,141.1,145.5
Mumbai,2025-12-13,76.73,147.12,,45.51,,,1.45,19.12,43.88,,,,154.4,,2025,12,5,Winter,139.2,140.6
Mumbai,2025-12-14,75.98,153.32,,42.73,,,1.44,17.02,40.57,,,,137.3,,2025,12,6,Winter,154.4,144.9
Mumbai,2025-12-15,74.33,160.77,,39.95,,,1.53,17.2,39.9,,,,144.3,,2025,12,0,Winter,137.3,143.6
Mumbai,2025-12-16,75.91,157.33,,46.53,,,1.81,17.93,40.2,,,,140.6,,2025,12,1,Winter,144.3,145.3
Mumbai,2025-12-17,74.12,165.72,,46.51,,,2.05,17.37,36.38,,,,146.9,,2025,12,2,Winter,140.6,140.7
Mumbai,2025-12-18,73.64,161.38,,43.63,,,1.84,16.09,39.68,,,,153.0,,2025,12,3,Winter,146.9,143.9
Mumbai,2025-12-19,65.42,152.05,,47.1,,,1.54,17.32,43.01,,,,146.5,,2025,12,4,Winter,153.0,146.8
Mumbai,2025-12-20,69.64,143.95,,41.12,,,1.48,16.16,40.27,,,,136.6,,2025,12,5,Winter,146.5,148.8
Mumbai,2025-12-21,76.74,132.87,,39.18,,,1.49,15.22,41.73,,,,136.7,,2025,12,6,Winter,136.6,145.4
Mumbai,2025-12-22,80.58,145.05,,36.11,,,1.72,13.1,45.0,,,,139.3,,2025,12,0,Winter,136.7,139.9
Mumbai,2025-12-23,74.34,147.45,,38.85,,,1.73,12.74,50.5,,,,132.7,,2025,12,1,Winter,139.3,137.5
Mumbai,2025-12-24,80.04,145.16,,36.58,,,1.66,15.71,51.3,,,,143.7,,2025,12,2,Winter,132.7,136.2
Mumbai,2025-12-25,76.48,158.94,,37.46,,,1.81,14.65,42.95,,,,143.4,,2025,12,3,Winter,143.7,138.6
Mumbai,2025-12-26,81.21,167.71,,39.6,,,1.57,16.99,40.29,,,,148.3,,2025,12,4,Winter,143.4,139.9
Mumbai,2025-12-27,78.21,152.79,,47.8,,,1.56,13.44,40.12,,,,130.0,,2025,12,5,Winter,148.3,145.1
Mumbai,2025-12-28,80.61,145.19,,46.87,,,1.31,14.65,36.02,,,,142.8,,2025,12,6,Winter,130.0,140.5
Mumbai,2025-12-29,77.84,131.28,,46.18,,,1.45,15.32,31.6,,,,132.7,,2025,12,0,Winter,142.8,140.3
Mumbai,2025-12-30,72.5,142.23,,48.61,,,1.73,16.46,41.9,,,,121.7,,2025,12,1,Winter,132.7,135.1
Mumbai,2025-12-31,71.11,152.92,,47.94,,,1.67,12.21,45.59,,,,116.9,,2025,12,2,Winter,121.7,132.4
